ASV11690	ASV3128	ASV13499	ASV19111	ASV15459	ASV3468	ASV3954	ASV7817	ASV2762	ASV3837	ASV17637	ASV13295	ASV10194	ASV3073	ASV10855	ASV11512	ASV8825	ASV15207	ASV15348	ASV17398	ASV14974	ASV18128	ASV2041	ASV19312	ASV11239	ASV11678	ASV1078	ASV5023	ASV1314	ASV185	ASV413	ASV4730	ASV15924	ASV4883	ASV17489	ASV9103	ASV15235	ASV3803	ASV4261	ASV3585	ASV11419	ASV6617	ASV4720	ASV17204	ASV6812	ASV6506	ASV19265	ASV618	ASV18884	ASV15524	ASV8622	ASV10451	ASV539	ASV3629	ASV16092	ASV9799	ASV13715	ASV6826	ASV2215	ASV2290	ASV7739	ASV19377	ASV16095	ASV13271	ASV9414	ASV9587	ASV7891	ASV1710	ASV15241	ASV15514	ASV8160	ASV9064	ASV988	ASV10904	ASV8063	ASV11285	ASV9580	ASV12972	ASV19224	ASV13009	ASV1165	ASV2217	ASV18591	ASV14057	ASV5574	ASV17635	ASV18237	ASV2474	ASV12435	ASV19091	ASV6237	ASV15301	ASV19338	ASV6934	ASV16213	ASV6639	ASV7788	ASV5009	ASV5415	ASV12130	ASV18687	ASV12920	ASV1839	ASV3115	ASV9607	ASV6322	ASV8364	ASV10717	ASV4177	ASV15900	ASV7426	ASV7121	ASV6533	ASV19142	ASV5505	ASV15696	ASV11068	ASV17607	ASV9802	ASV11622	ASV1566	ASV16274	ASV3818	ASV16018	ASV10331	ASV8264	ASV11053	ASV5576	ASV15570	ASV12866	ASV19133	ASV6167	ASV17311	ASV10860	ASV8422	ASV31	ASV14606	ASV13773	ASV12632	ASV7638	ASV8461	ASV11948	ASV4626	ASV13558	ASV5707	ASV3251	ASV5250	ASV11934	ASV2367	ASV259	ASV5417	ASV15970	ASV11515	ASV4111	ASV2454	ASV1234	ASV1677	ASV2593	ASV16176	ASV2334	ASV18588	ASV6018	ASV19791	ASV5347	ASV13777	ASV4553	ASV1952	ASV5708	ASV1964	ASV646	ASV1060	ASV3131	ASV18243	ASV10021	ASV3086	ASV3498	ASV5741	ASV14068	ASV1205	ASV4379	ASV10092	ASV19064	ASV11150	ASV5431	ASV1747	ASV3989	ASV7947	ASV5800	ASV549	ASV2100	ASV16058	ASV9742	ASV6346	ASV1443	ASV5510	ASV19065	ASV17244	ASV2898	ASV2764	ASV18536	ASV17524	ASV15540	ASV6845	ASV17059	ASV6162	ASV5929	ASV8329	ASV16609	ASV5605	ASV7553	ASV4404	ASV19816	ASV3700	ASV191	ASV7745	ASV14307	ASV15929	ASV4921	ASV10486	ASV9800	ASV11634	ASV1317	ASV1398	ASV5664	ASV19827	ASV5729	ASV13584	ASV14443	ASV3322	ASV1467	ASV11446	ASV17176	ASV2612	ASV8944	ASV2597	ASV9317	ASV19209	ASV5450	ASV11036	ASV6325	ASV17590	ASV1520	ASV3047	ASV12478	ASV8668	ASV1367	ASV10656	ASV15522	ASV448	ASV242	ASV7102	ASV14648	ASV7101	ASV17332	ASV7433	ASV1501	ASV9821	ASV11546	ASV79	ASV9887	ASV3240	ASV6394	ASV1835	ASV4523	ASV13116	ASV18799	ASV16856	ASV10644	ASV4702	ASV3769	ASV2410	ASV13699	ASV904	ASV15999	ASV4952	ASV4551	ASV9602	ASV9705	ASV12275	ASV10232	ASV11790	ASV8484	ASV16977	ASV8987	ASV17502	ASV1015	ASV13678	ASV1231	ASV19151	ASV2792	ASV14759	ASV6819	ASV18983	ASV17531	ASV8021	ASV3084	ASV16815	ASV11211	ASV3243	ASV18637	ASV9257	ASV8352	ASV5901	ASV4047	ASV12697	ASV6945	ASV16449	ASV3513	ASV15843	ASV270	ASV18415	ASV14892	ASV11137	ASV4731	ASV13704	ASV10489	ASV6386	ASV19590	ASV7429	ASV7927	ASV3298	ASV602	ASV15992	ASV15328	ASV291	ASV4933	ASV2781	ASV9827	ASV7789	ASV10498	ASV7533	ASV504	ASV3152	ASV9353	ASV11359	ASV1800	ASV11637	ASV855	ASV12997	ASV8740	ASV7062	ASV11755	ASV9903	ASV16589	ASV17543	ASV15097	ASV4308	ASV17361	ASV3053	ASV17526	ASV19658	ASV3339	ASV2796	ASV5485	ASV742	ASV19538	ASV4689	ASV256	ASV3425	ASV5005	ASV5987	ASV2063	ASV2752	ASV13308	ASV12376	ASV3588	ASV19289	ASV13722	ASV6329	ASV10595	ASV1707	ASV1557	ASV6102	ASV10822	ASV3956	ASV10401	ASV2886	ASV9686	ASV4020	ASV535	ASV8158	ASV9308	ASV4557	ASV3169	ASV7712	ASV19075	ASV3021	ASV18251	ASV19132	ASV9533	ASV459	ASV14242	ASV17406	ASV9156	ASV10220	ASV12873	ASV5726	ASV15156	ASV4736	ASV4296	ASV14104	ASV7163	ASV18528	ASV6164	ASV10694	ASV18532	ASV4307	ASV12425	ASV19376	ASV1259	ASV19359	ASV3915	ASV18895	ASV5617	ASV5346	ASV18212	ASV3621	ASV15664	ASV2838	ASV8636	ASV8052	ASV3150	ASV9947	ASV3907	ASV14769	ASV1395	ASV16400	ASV19553	ASV860	ASV14056	ASV2587	ASV3630	ASV18712	ASV16464	ASV14510	ASV15402	ASV11603	ASV5102	ASV14338	ASV3342	ASV9020	ASV4066	ASV9320	ASV8542	ASV18383	ASV1967	ASV11528	ASV17537	ASV18414	ASV7621	ASV1927	ASV5186	ASV8574	ASV16157	ASV17391	ASV8247	ASV15417	ASV14593	ASV16517	ASV1932	ASV6480	ASV10723	ASV4745	ASV16521	ASV17929	ASV4499	ASV12971	ASV14705	ASV9193	ASV3808	ASV4484	ASV7779	ASV4252	ASV2643	ASV13649	ASV4445	ASV14923	ASV17086	ASV2081	ASV4768	ASV14602	ASV8324	ASV9235	ASV6511	ASV16869	ASV1890	ASV4318	ASV683	ASV14131	ASV13958	ASV16338	ASV7842	ASV4757	ASV12852	ASV9958	ASV9900	ASV14568	ASV19342	ASV14837	ASV6173	ASV8950	ASV163	ASV12000	ASV8957	ASV12978	ASV6191	ASV8202	ASV3614	ASV1715	ASV13126	ASV7229	ASV4249	ASV10522	ASV2769	ASV17297	ASV517	ASV5184	ASV13307	ASV1447	ASV7358	ASV2651	ASV15306	ASV2032	ASV304	ASV18786	ASV5823	ASV16874	ASV2830	ASV7288	ASV13700	ASV5153	ASV18899	ASV4641	ASV2765	ASV703	ASV4444	ASV76	ASV9576	ASV5419	ASV16539	ASV5093	ASV16811	ASV7580	ASV2086	ASV9752	ASV4302	ASV5770	ASV1709	ASV15251	ASV4343	ASV3580	ASV16085	ASV13591	ASV7031	ASV17325	ASV4103	ASV18677	ASV15948	ASV3234	ASV981	ASV1726	ASV15810	ASV4531	ASV1727	ASV2802	ASV3616	ASV4820	ASV9061	ASV12384	ASV6545	ASV13702	ASV16034	ASV19800	ASV7083	ASV18885	ASV17260	ASV3153	ASV2226	ASV804	ASV9415	ASV825	ASV5345	ASV7746	ASV11425	ASV2282	ASV16832	ASV10310	ASV10012	ASV2387	ASV6401	ASV1636	ASV318	ASV8708	ASV1631	ASV6050	ASV13224	ASV16505	ASV9924	ASV10597	ASV15813	ASV10643	ASV19350	ASV12002	ASV12334	ASV7486	ASV12461	ASV1236	ASV7403	ASV4976	ASV12664	ASV3993	ASV15905	ASV11946	ASV16056	ASV15796	ASV15607	ASV4051	ASV16509	ASV17462	ASV3105	ASV5657	ASV7506	ASV10764	ASV12271	ASV15576	ASV5877	ASV18473	ASV5286	ASV6526	ASV9692	ASV20047	ASV1070	ASV19121	ASV7432	ASV2755	ASV16207	ASV17181	ASV4140	ASV45	ASV6491	ASV15966	ASV14366	ASV7685	ASV4932	ASV15227	ASV7853	ASV12775	ASV1706	ASV9141	ASV13454	ASV4303	ASV15783	ASV15256	ASV7386	ASV3171	ASV16684	ASV5392	ASV887	ASV756	ASV18008	ASV13492	ASV15604	ASV13147	ASV3716	ASV5561	ASV6361	ASV15090	ASV1364	ASV13803	ASV19057	ASV15663	ASV15665	ASV914	ASV2974	ASV9581	ASV14783	ASV13100	ASV16895	ASV20104	ASV18522	ASV3470	ASV20099	ASV7250	ASV5808	ASV14897	ASV71	ASV11167	ASV7909	ASV6154	ASV1793	ASV1650	ASV16638	ASV1946	ASV17360	ASV10227	ASV5491	ASV12109	ASV6871	ASV8447	ASV8655	ASV10078	ASV6098	ASV4969	ASV6000	ASV11955	ASV16328	ASV9256	ASV8269	ASV17271	ASV3008	ASV8481	ASV7164	ASV3759	ASV15590	ASV7165	ASV15507	ASV398	ASV1569	ASV3855	ASV17935	ASV5364	ASV12576	ASV7179	ASV269	ASV10294	ASV11959	ASV17417	ASV7478	ASV7212	ASV6550	ASV18746	ASV19697	ASV1407	ASV8007	ASV4901	ASV2441	ASV18627	ASV9454	ASV7362	ASV3859	ASV2624	ASV16585	ASV10442	ASV1472	ASV7762	ASV15158	ASV2562	ASV2319	ASV1683	ASV6358	ASV16376	ASV12633	ASV14330	ASV5585	ASV14537	ASV8198	ASV6228	ASV18492	ASV4181	ASV4746	ASV3826	ASV830	ASV19245	ASV3717	ASV5405	ASV12999	ASV10382	ASV13256	ASV2064	ASV8433	ASV3747	ASV352	ASV9013	ASV384	ASV8128	ASV12296	ASV1191	ASV19824	ASV11816	ASV9248	ASV9971	ASV6644	ASV18471	ASV17248	ASV10249	ASV10763	ASV18427	ASV14325	ASV7472	ASV8764	ASV4593	ASV11897	ASV16347	ASV2308	ASV6255	ASV9640	ASV6318	ASV674	ASV14418	ASV7777	ASV3281	ASV19213	ASV1212	ASV6395	ASV6752	ASV303	ASV7791	ASV2639	ASV2465	ASV18278	ASV49	ASV14005	ASV1781	ASV10690	ASV18705	ASV1003	ASV9480	ASV19832	ASV16700	ASV4683	ASV5107	ASV5224	ASV11156	ASV4914	ASV12899	ASV5892	ASV75	ASV11584	ASV16639	ASV15946	ASV9129	ASV9494	ASV16600	ASV3013	ASV13388	ASV6709	ASV2709	ASV17174	ASV19663	ASV3809	ASV7404	ASV2349	ASV18550	ASV10502	ASV4072	ASV3327	ASV6066	ASV15420	ASV9236	ASV7546	ASV3440	ASV4276	ASV5734	ASV8517	ASV5400	ASV5097	ASV12590	ASV9718	ASV4086	ASV1223	ASV4877	ASV2526	ASV1827	ASV2119	ASV2477	ASV3108	ASV18911	ASV1432	ASV1139	ASV11257	ASV4395	ASV8985	ASV19392	ASV17427	ASV9028	ASV17863	ASV18157	ASV2091	ASV3819	ASV10358	ASV16531	ASV8642	ASV19664	ASV2914	ASV4509
0	0	0	0	0	0	0	0	0	0	0	0	0	0	0	0	0	0	0	0	0	0	0	0	0	0	0.0048035683650712	0	0.00291645222165037	0.067421513124035	0	0	0	0	0	0	0	0	0	0	0	0	0	0	0	0	0	0	0	0	0	0	0	0.00514668039114771	0	0	0	0	0	0	0	0	0	0	0	0	0	0	0	0	0	0	0.0024017841825356	0	0	0	0	0	0	0	0	0.00497512437810945	0	0	0	0	0	0.0024017841825356	0	0	0	0	0	0	0	0	0	0	0	0	0	0	0.00583290444330074	0	0	0	0	0	0	0	0	0	0	0	0.0012008920912678	0	0	0	0	0	0	0	0	0	0	0	0	0	0	0	0.000343112026076514	0	0	0	0	0.0610739406416195	0	0	0	0	0	0	0	0	0	0	0	0	0	0.031394750386001	0	0	0	0	0.00154400411734431	0	0	0	0	0	0	0	0	0	0	0	0	0	0.00892091267798936	0.0183564933950935	0	0	0	0	0	0	0	0	0	0	0	0	0	0	0	0	0	0	0.0036026762738034	0	0	0.00154400411734431	0	0.00428890032595643	0	0	0	0	0	0	0	0	0	0	0	0	0	0	0	0	0	0	0	0.0157831531995196	0	0	0	0	0	0	0	0	0.00531823640418597	0	0	0.00171556013038257	0	0	0	0.000171556013038257	0	0	0	0	0	0	0	0	0	0	0	0.00428890032595643	0	0	0	0.0152684851604049	0	0	0.0228169497340882	0.0157831531995196	0	0	0	0	0	0.0176702693429405	0	0	0.0284782981643507	0	0	0	0	0	0	0	0	0	0	0	0	0	0.00497512437810945	0	0	0	0	0	0	0	0	0	0	0	0	0	0	0	0	0	0	0	0	0	0	0	0	0	0	0	0	0.00223022816949734	0	0	0	0	0	0	0	0.0130382569909075	0	0	0	0	0	0	0	0	0	0	0	0.00583290444330074	0	0	0.0199004975124378	0	0	0	0	0	0	0	0	0	0	0	0	0	0	0	0	0	0	0	0	0	0	0	0	0	0	0	0	0	0.00840624463887459	0	0	0.0195573854863613	0	0	0	0.0012008920912678	0	0	0	0	0	0	0	0	0	0	0	0	0	0	0	0	0	0	0.0012008920912678	0	0	0	0	0	0	0	0.000343112026076514	0	0.0181849373820552	0	0	0	0	0	0	0	0	0	0	0	0	0	0	0	0	0	0	0.00188711614342083	0	0	0	0	0	0	0	0	0	0	0	0	0	0	0	0.00909246869102762	0	0	0.00772002058672156	0	0	0	0	0	0	0	0	0	0	0	0	0	0	0	0	0	0	0	0	0	0	0	0	0	0	0	0	0	0	0	0	0	0	0	0	0	0	0	0	0	0	0	0	0	0	0	0	0	0.0156115971864814	0	0	0	0	0	0	0	0	0.00943558071710413	0	0	0	0	0	0	0	0	0	0	0	0	0	0	0	0	0	0	0	0	0	0	0	0	0	0.00188711614342083	0	0.00874935666495111	0	0	0	0	0	0	0.00137244810430606	0.00720535254760679	0	0	0	0	0	0	0	0	0	0	0.00686224052153028	0	0.0387716589466461	0	0	0	0	0	0	0	0	0	0	0	0	0	0	0	0	0	0	0	0	0	0	0	0	0	0	0	0	0	0.00274489620861211	0	0	0	0	0	0	0	0	0	0.000857780065191285	0.00188711614342083	0.00686224052153028	0	0.0271058500600446	0	0	0	0	0	0	0	0	0	0.013381369016984	0.00840624463887459	0	0.00102933607822954	0	0	0	0	0	0	0	0	0	0	0	0	0	0	0	0	0	0	0	0	0	0	0.00428890032595643	0	0	0	0	0	0	0	0	0	0	0	0	0	0	0.0118373648996397	0.000343112026076514	0	0	0	0	0	0.0154400411734431	0	0	0	0	0.00154400411734431	0	0	0	0	0	0	0	0	0	0	0	0	0	0	0	0	0	0	0	0	0	0	0	0.00428890032595643	0	0	0	0	0	0	0	0	0	0	0	0	0	0	0	0	0	0.000343112026076514	0	0	0	0	0	0	0.00257334019557385	0	0	0	0	0	0	0	0	0	0	0	0	0	0	0	0	0	0	0	0	0	0	0	0.00291645222165037	0.0295076342425802	0.00428890032595643	0	0	0	0	0.0157831531995196	0	0	0	0	0	0	0	0	0.00291645222165037	0	0	0.0224738377080117	0	0	0	0	0	0	0	0.00686224052153028	0	0	0	0	0.00137244810430606	0.00497512437810945	0	0	0	0	0	0	0	0	0	0	0	0.0048035683650712	0	0	0	0	0	0	0.00274489620861211	0	0	0.0655343969806142	0	0	0	0	0.00394578829987991	0	0	0	0	0	0	0	0	0	0	0	0	0	0	0	0	0	0	0	0	0	0	0	0	0	0	0	0	0.00892091267798936	0	0	0	0	0.0699948533196088	0	0.0454623434551381	0	0	0.00377423228684165	0	0	0	0	0	0	0	0	0	0	0.0171556013038257	0	0	0	0	0	0	0	0	0	0.00497512437810945	0	0	0	0	0	0	0	0	0	0	0	0	0	0	0	0	0	0	0.000857780065191285	0	0	0	0.0024017841825356	0	0	0	0.00205867215645908	0.00411734431291817	0	0	0.00600446045633899	0.00308800823468863	0	0	0	0	0	0	0	0	0	0.0012008920912678	0	0	0	0	0	0
0	0	0	0	0	0	0	0	0	0	0	0	0	0	0	0	0	0	0	0	0	0	0	0	0	0	0	0	0	0.00720182680484806	0	0	0	0	0	0	0	0	0	0	0	0	0	0	0	0	0	0.00500614790093097	0	0	0	0	0	0	0	0	0	0	0	0.00122958018619357	0	0	0	0	0	0	0	0	0	0	0	0	0.00281046899701388	0	0	0	0	0	0	0	0.00166871596697699	0	0	0	0	0	0	0	0	0	0	0	0	0	0	0	0	0	0	0	0	0	0.00281046899701388	0	0	0	0	0	0.00210785174776041	0	0	0	0	0	0	0	0	0	0	0	0	0	0	0	0	0	0	0	0	0	0	0	0	0	0	0.00658703671175127	0	0	0	0	0	0	0	0	0	0	0	0	0	0.0103636044264887	0	0	0	0	0.00096609871772352	0.00131740734235025	0	0	0	0	0	0	0	0	0	0	0	0	0	0	0	0	0	0	0	0	0	0	0	0	0	0	0	0	0.00316177762164061	0	0	0	0.00816792552257158	0	0	0	0	0.00263481468470051	0	0	0	0	0	0	0	0	0	0	0	0	0	0	0	0	0	0	0.00333743193395398	0.00623572808712454	0	0	0	0	0	0	0	0	0.00491832074477428	0	0	0	0	0	0	0.00131740734235025	0	0	0	0	0.000351308624626735	0	0	0	0	0	0	0	0	0	0	0	0	0	0.0053574565255577	0.00834357983488495	0	0	0	0	0	0	0	0	0.0190584928860004	0	0	0	0.00166871596697699	0.00096609871772352	0	0	0	0	0	0	0.00166871596697699	0	0	0	0	0	0	0	0	0	0	0	0	0	0	0.00237133321623046	0	0	0	0	0	0	0	0	0	0	0	0	0.00096609871772352	0	0	0	0	0	0	0	0	0	0	0.00298612330932724	0	0	0	0	0	0	0	0	0	0	0	0	0	0	0.00676269102406464	0	0	0	0	0	0	0	0	0	0	0	0	0	0	0	0	0	0	0	0	0	0	0	0	0	0.000175654312313367	0	0	0	0	0	0	0.00500614790093097	0	0	0	0	0.000351308624626735	0	0	0	0	0	0	0	0	0	0	0	0	0	0	0	0	0	0	0	0	0	0	0	0.000790444405410153	0	0	0	0.00272264184085719	0	0	0	0	0	0	0	0	0	0	0	0	0	0	0	0	0	0	0.000351308624626735	0	0	0	0	0	0	0	0	0	0	0	0	0	0	0	0	0	0	0	0	0	0	0	0	0	0	0	0	0	0	0	0	0	0	0	0.00412787633936413	0	0	0	0.000790444405410153	0	0	0	0	0	0	0	0	0	0	0	0.000526962936940102	0	0	0	0	0	0	0	0.000878271561566836	0	0	0	0	0	0	0	0	0	0	0	0	0	0	0	0	0	0.00333743193395398	0	0	0	0	0	0	0	0	0	0	0	0	0	0	0	0	0	0	0	0	0	0	0	0	0	0	0	0.00333743193395398	0	0	0.00158088881082031	0	0	0	0	0.00263481468470051	0	0	0	0	0	0	0	0	0	0	0	0	0.0134375548919726	0	0	0	0	0	0	0	0	0	0	0	0	0	0	0	0	0	0	0	0	0	0	0	0.00895836992798173	0	0	0	0	0	0.000790444405410153	0	0	0	0	0	0	0	0	0	0	0.000614790093096786	0.00245916037238714	0	0	0	0	0	0	0	0	0	0	0	0.00175654312313367	0	0.000263481468470051	0	0	0	0	0	0	0	0	0	0	0	0	0	0	0	0	0	0	0	0	0	0	0	0	0	0	0	0	0	0	0	0	0	0	0	0	0	0	0.00641138239943791	0	0	0	0	0	0	0.0228350606007377	0	0	0	0	0	0	0	0	0	0	0	0	0	0	0	0	0	0	0	0.00404004918320745	0	0	0	0	0	0	0	0	0	0	0	0	0	0	0	0	0	0	0	0	0	0	0	0	0	0.000263481468470051	0.707711224310557	0	0	0	0	0	0	0	0	0	0	0	0	0	0	0	0	0	0	0	0	0	0	0	0.000790444405410153	0	0	0	0	0	0	0.00693834533637801	0	0	0	0	0	0	0.00562093799402775	0	0	0	0	0	0	0	0	0	0	0	0	0	0	0	0	0	0	0	0	0	0	0	0	0	0	0	0	0	0	0	0	0	0	0	0	0	0	0	0	0	0	0	0	0	0	0	0.00526962936940102	0	0	0	0	0.000702617249253469	0	0	0	0	0	0	0	0	0	0	0	0	0	0	0	0	0	0	0	0	0	0	0	0	0	0	0	0	0.0113297031442122	0	0	0	0	0.029158615844019	0	0	0	0	0	0	0	0	0	0	0	0	0	0	0	0.0192341471983137	0	0	0	0	0	0	0	0	0	0	0	0.000175654312313367	0	0	0	0	0	0	0	0	0	0	0	0	0	0	0	0	0	0	0	0	0.00210785174776041	0	0	0	0	0	0	0	0	0	0	0	0	0	0	0	0	0	0	0	0	0	0	0.000175654312313367	0	0
0	0	0	0	0	0	0	0	0	0	0	0	0	0	0	0	0	0	0	0	0	0	0.00393852807166577	0	0	0	0	0	0	0.0126650706618272	0.00525137076222102	0	0	0	0	0.000926712487450768	0	0	0	0.00463356243725384	0	0	0	0	0	0	0	0.0593868252374701	0	0	0	0	0.011275001930651	0	0	0	0	0	0	0	0	0	0	0	0	0	0	0	0	0	0	0	0.0029345895435941	0	0	0	0	0	0	0	0.00432465827477025	0	0	0	0	0	0	0	0	0	0	0	0	0	0	0	0	0	0	0	0	0	0.000772260406208974	0	0	0	0	0	0	0	0	0	0	0	0	0	0	0	0	0	0.00378407599042397	0	0	0	0	0	0	0	0	0	0	0	0	0	0	0.0548304888408371	0	0	0	0	0	0	0	0	0	0.00100393852807167	0	0	0	0.0154452081241795	0	0	0	0	0.00131284269055526	0	0.00795428218395243	0.000154452081241795	0	0	0	0	0	0	0	0	0	0	0.00602363116842999	0.00393852807166577	0	0	0	0	0.000849486446829871	0.000463356243725384	0	0	0.00417020619352846	0	0	0	0	0	0.00254845934048961	0	0	0	0.000849486446829871	0	0	0	0	0.003011815584215	0	0	0	0	0	0	0	0	0	0	0	0	0	0	0	0	0	0	0	0.0250212371611707	0	0	0	0	0	0	0	0	0.00818596030581512	0	0	0	0	0	0	0.00231678121862692	0	0	0.00671866553401807	0	0	0	0	0	0	0	0	0	0	0	0	0	0	0	0.0111205498494092	0.0322032589389142	0.00100393852807167	0	0	0	0	0	0	0	0.0403892192447293	0	0	0	0	0.00123561664993436	0	0	0	0	0	0	0.000849486446829871	0	0	0	0	0	0	0	0	0	0	0	0	0	0	0.00563750096532551	0	0.00401575411228666	0	0.00108116456869256	0	0	0	0	0	0	0	0	0	0	0	0	0.000386130203104487	0	0	0	0	0	0	0.0135917831492779	0	0	0	0	0	0	0	0	0	0	0.00486524055911653	0.00339794578731948	0	0	0.0274152444204186	0	0	0	0	0	0	0	0	0	0	0	0	0	0	0	0	0	0	0	0	0	0	0	0	0	0	0	0	0.00424743223414936	0.00517414472160012	0	0	0.0163719206116302	0	0	0	0.000231678121862692	0	0	0	0	0	0	0	0	0.00911267279326589	0	0	0	0	0	0	0	0	0	0	0	0	0	0	0	0.000540582284346282	0	0	0	0	0	0	0	0	0	0	0	0	0	0	0	0	0	0	0	0	0	0	0	0	0	0	0	0	0	0	0	0	0	0	0	0	0	0	0	0	0	0.00216232913738513	0	0	0	0	0	0	0	0	0	0	0	0	0	0	0	0	0	0	0	0	0	0	0	0	0	0	0	0	0	0	0	0	0	0	0	0	0	0	0	0	0	0.000772260406208974	0	0	0	0	0	0	0	0	0	0	0	0	0	0	0	0	0.00857209050891961	0	0	0	0	0	0	0	0	0	0	0	0	0	0.126110124333925	0	0	0	0	0	0	0	0	0	0	0	0	0	0.0159085643679049	0	0	0.00254845934048961	0	0	0	0	0.00370684994980307	0	0	0	0	0	0	0	0	0	0	0.0637114835122403	0	0	0	0	0	0	0	0	0.00988493319947486	0	0	0	0	0	0	0	0	0	0	0	0.000463356243725384	0	0	0	0.00965325507761217	0	0	0	0	0.000926712487450768	0	0	0	0	0	0	0	0	0	0	0	0.000540582284346282	0	0.00501969264035833	0	0.00556027492470461	0	0	0	0.00324349370607769	0	0	0	0	0	0.00540582284346282	0	0	0	0	0	0	0	0	0	0	0	0	0	0	0	0.00270291142173141	0	0.00100393852807167	0.000231678121862692	0	0	0	0	0	0	0	0	0	0	0	0	0	0	0	0	0	0	0	0	0	0	0	0	0	0	0	0	0.0630936751872731	0	0	0	0	0	0	0	0	0	0	0	0	0	0	0	0	0	0	0.0434010348289443	0.00324349370607769	0	0	0	0	0	0	0	0	0	0	0	0	0	0	0	0	0	0	0	0	0	0.000695034365588076	0	0	0	0	0.000540582284346282	0	0	0	0	0.00115839060931346	0	0	0	0	0	0	0	0	0	0	0	0	0	0	0	0	0	0	0	0	0	0.00231678121862692	0	0	0	0.0129739748243108	0	0	0	0	0	0	0.0210054830488841	0	0	0	0	0	0	0	0	0.00115839060931346	0	0	0	0	0	0	0	0	0	0	0	0	0	0	0	0.00316626766545679	0	0	0	0	0	0	0	0	0	0	0	0	0.00239400725924782	0	0	0	0	0	0	0.00409298015290756	0	0	0.00185342497490154	0	0.00625530929029269	0	0	0.00695034365588076	0	0	0	0	0	0	0	0	0	0	0	0	0	0	0	0	0.00347517182794038	0.000386130203104487	0	0	0.00664143949339717	0	0	0	0	0	0	0	0.0141323654336242	0	0	0	0	0.0317399026951888	0	0	0	0	0.00223955517800602	0	0	0	0	0	0	0	0	0	0	0.0478029191443355	0	0	0	0	0	0	0	0	0	0.000154452081241795	0	0	0	0	0	0	0	0	0	0	0	0	0	0	0	0	0	0	0	0	0	0	0.00262568538111051	0	0	0	0	0	0	0	0.00123561664993436	0.00200787705614333	0	0	0	0	0	0	0	0	0	0	0	0	0	0	0.00756815198084794	0
0	0	0	0	0	0	0	0	0.00215955284552846	0	0	0	0	0	0	0	0	0	0	0	0	0	0	0	0	0	0	0	0	0	0.0383638211382114	0	0	0	0	0	0	0	0	0	0	0	0	0	0	0.00546239837398374	0	0	0	0	0	0	0.0040650406504065	0	0	0	0	0	0	0	0	0.000254065040650407	0	0	0	0	0	0	0	0	0	0	0.00330284552845528	0	0	0	0	0	0	0	0	0	0	0	0	0	0	0	0	0	0	0	0	0	0	0	0	0	0	0	0	0	0	0	0	0	0	0	0	0	0	0	0	0	0	0	0	0	0	0	0	0	0	0	0	0	0	0	0	0	0	0	0	0	0	0.139354674796748	0	0	0	0	0	0	0	0	0	0	0	0	0	0.0123221544715447	0.00076219512195122	0	0	0	0.00152439024390244	0.00254065040650406	0	0	0	0	0	0	0	0	0	0	0	0	0	0	0	0	0	0	0	0	0	0	0.00482723577235772	0.00114329268292683	0	0	0	0	0.00813008130081301	0	0	0	0.00571646341463415	0	0	0	0	0.00241361788617886	0	0	0	0	0	0	0	0	0	0	0	0	0	0	0	0	0.000889227642276423	0	0	0.0210873983739837	0	0	0	0	0	0	0	0	0.0040650406504065	0	0	0	0	0	0	0.00241361788617886	0	0	0	0	0	0	0	0	0	0	0	0	0	0	0	0	0	0	0.0172764227642276	0.024390243902439	0.00190548780487805	0	0	0	0	0	0	0	0.0658028455284553	0	0	0	0	0	0	0	0	0	0.00152439024390244	0	0.00190548780487805	0	0	0	0	0	0	0	0	0	0	0	0	0	0	0.00558943089430894	0	0	0	0.00114329268292683	0	0	0	0	0	0	0	0	0.00279471544715447	0	0	0	0	0	0	0	0	0	0	0	0	0	0	0	0	0	0	0	0	0	0	0.00304878048780488	0	0	0.0313770325203252	0	0	0	0	0	0	0	0	0	0	0	0	0	0	0	0	0	0	0	0	0	0	0	0	0	0	0	0	0	0.0217225609756098	0	0	0.0135924796747967	0	0	0	0.00076219512195122	0.00546239837398374	0	0	0	0	0	0	0	0	0	0	0	0	0	0	0	0	0.00342987804878049	0	0	0	0	0	0	0.00127032520325203	0	0	0	0.0229928861788618	0	0	0	0	0	0	0	0	0	0	0	0	0	0	0	0	0	0.000254065040650407	0.00254065040650406	0.000254065040650407	0	0	0	0	0	0.00520833333333333	0	0	0	0	0	0	0	0.00038109756097561	0	0	0	0.00152439024390244	0	0	0.00101626016260163	0	0	0	0	0	0	0	0	0	0	0	0	0	0.00520833333333333	0	0	0	0	0.00292174796747967	0	0	0	0	0	0	0	0	0	0	0	0	0	0	0.00152439024390244	0	0	0	0	0	0	0	0	0	0	0	0	0.00647865853658537	0	0	0	0	0	0	0	0	0.0039380081300813	0	0	0	0	0	0	0	0	0	0	0	0	0	0.0111788617886179	0	0	0	0	0	0	0	0	0	0	0	0.00279471544715447	0	0.00152439024390244	0	0	0	0	0	0	0.00139735772357724	0.00457317073170732	0	0	0	0.00114329268292683	0	0	0	0	0	0	0.00647865853658537	0	0.00762195121951219	0	0	0	0	0	0	0	0.00114329268292683	0	0	0	0	0	0	0	0	0	0	0	0	0	0	0.00482723577235772	0.0104166666666667	0	0	0	0.00749491869918699	0	0	0	0	0	0	0	0	0	0	0	0	0	0.00368394308943089	0	0.00508130081300813	0	0	0	0	0	0.000889227642276423	0	0.00520833333333333	0	0.00813008130081301	0	0	0	0	0	0	0	0	0	0	0	0	0	0	0	0.000889227642276423	0	0	0	0	0	0	0	0	0	0	0	0	0	0	0	0	0	0	0	0	0	0	0	0	0	0	0	0.00304878048780488	0	0	0.00177845528455285	0.0569105691056911	0	0	0	0	0	0	0	0	0	0	0	0	0	0	0	0.00241361788617886	0	0	0	0.0617378048780488	0	0	0	0	0.00304878048780488	0	0	0	0.00520833333333333	0	0	0	0	0	0	0	0.00038109756097561	0	0	0	0	0	0	0	0	0	0	0	0	0	0	0	0	0	0	0	0	0	0	0	0	0	0	0	0	0	0	0	0	0	0	0	0	0	0	0	0	0.0177845528455285	0.00558943089430894	0	0	0	0	0	0	0	0	0	0	0	0	0	0	0.00139735772357724	0	0	0	0	0	0	0.00241361788617886	0	0	0	0	0	0	0	0	0.00279471544715447	0	0	0	0	0	0	0	0	0	0	0	0	0.0109247967479675	0	0	0	0	0	0	0.0040650406504065	0	0	0.0191819105691057	0	0	0	0	0.0038109756097561	0	0	0	0	0	0	0	0	0	0	0	0	0	0	0	0	0	0	0	0	0.00254065040650406	0	0	0	0	0	0	0	0.0199441056910569	0	0	0	0	0.0461128048780488	0	0.0398882113821138	0	0	0.00330284552845528	0	0	0	0	0	0	0	0	0	0	0.0353150406504065	0	0	0	0	0	0	0	0	0	0	0	0	0.00177845528455285	0	0	0	0	0	0	0	0	0	0	0.0207063008130081	0	0	0	0	0.00139735772357724	0	0	0	0.00190548780487805	0	0	0.0118140243902439	0	0	0	0	0.00152439024390244	0.00673272357723577	0	0	0	0.000254065040650407	0	0	0	0	0	0.00177845528455285	0	0	0	0	0	0
0	0.000768541052901242	0	0	0	0.00294607403612143	0	0	0	0	0	0	0	0	0	0	0	0	0	0	0	0	0	0	0	0	0	0	0	0.221852183937492	0.00525169719482516	0	0	0	0	0	0	0	0.0101191238631997	0	0	0	0	0	0	0	0	0	0	0	0	0	0.0134494684257717	0	0	0	0	0	0	0	0	0	0	0	0	0	0	0	0	0	0	0	0.00448315614192391	0.000640450877417702	0	0	0	0	0	0	0	0	0	0	0	0	0	0	0	0	0	0	0	0	0	0	0	0	0	0	0	0	0	0	0.00115281157935186	0	0	0	0	0	0	0	0	0	0	0	0	0	0	0	0.0190854361470475	0.000256180350967081	0.00960676316126553	0	0	0	0	0	0	0	0	0	0	0	0	0.0684001537082106	0	0	0	0	0	0	0	0	0	0.00115281157935186	0	0	0	0.000640450877417702	0	0	0	0	0	0	0.0107595747406174	0	0	0	0	0	0	0	0	0	0	0	0	0.00461124631740745	0	0.00409888561547329	0	0	0	0	0	0	0	0.000896631228384783	0	0	0	0	0.00435506596644037	0	0	0	0.00268989368515435	0	0	0	0	0.00281798386063789	0	0	0	0	0	0	0	0	0	0	0	0	0	0	0	0	0	0	0	0.0202382477263994	0	0	0	0	0	0	0.000256180350967081	0.0201101575509158	0	0	0	0	0	0	0	0	0	0	0	0	0	0	0	0	0	0	0	0.00384270526450621	0.00102472140386832	0	0	0.00883822210836429	0	0	0.00768541052901243	0.0318944536954016	0	0	0	0	0	0.00230562315870373	0	0	0.0350967080824901	0	0.000640450877417702	0	0	0	0	0	0	0	0	0	0	0	0	0	0	0	0	0	0	0	0	0	0	0	0	0	0	0	0	0	0	0	0	0	0	0	0	0	0.00166517228128603	0	0	0	0.000512360701934162	0	0	0	0	0	0	0.00333034456257205	0	0	0	0	0	0	0	0	0	0	0	0.00742923017804534	0	0	0.0131932880748047	0	0	0	0	0	0	0.0130651978993211	0	0	0	0.049058537210196	0	0	0	0	0	0	0	0	0	0	0	0	0	0	0	0	0	0	0	0	0	0.0105033943896503	0	0	0	0.00153708210580248	0.00115281157935186	0	0	0	0	0	0	0	0	0	0	0	0	0	0	0	0	0	0	0	0	0	0	0	0	0	0	0	0.0258742154476752	0	0	0	0	0	0	0	0	0	0	0	0	0	0	0	0	0	0	0	0	0	0	0	0	0	0	0	0	0	0	0	0	0	0	0	0	0	0	0	0	0	0	0	0	0	0	0	0	0	0	0	0	0	0	0	0	0	0	0	0	0	0	0	0	0	0	0	0	0	0	0	0.00230562315870373	0	0	0	0	0	0	0	0	0	0	0	0	0	0	0	0	0	0	0	0	0	0	0	0.000384270526450621	0	0	0	0	0	0	0	0	0	0	0	0	0	0	0	0	0	0	0	0	0	0	0.000384270526450621	0	0	0	0	0	0.00294607403612143	0	0	0.00230562315870373	0	0	0	0.00307416421160497	0.012809017548354	0	0	0	0	0.00256180350967081	0	0	0	0	0	0	0	0.0171640835147944	0	0	0	0	0	0	0	0	0	0	0	0	0	0.00409888561547329	0	0	0	0	0	0	0	0	0.00409888561547329	0.0053797873703087	0	0	0	0	0	0	0	0	0.000384270526450621	0	0	0	0	0	0	0	0	0.00589214807224286	0	0.0139618291277059	0	0	0	0	0	0	0	0	0	0	0	0	0	0	0	0	0	0	0	0	0	0	0	0	0	0.0060202382477264	0	0	0	0	0	0	0	0	0	0	0	0	0	0	0	0	0	0	0	0	0	0	0	0	0.00371461508902267	0	0	0	0	0	0	0.0658383501985398	0	0	0	0	0	0	0	0	0	0	0	0	0	0	0	0	0	0	0	0	0	0	0	0.000384270526450621	0	0	0	0	0.00525169719482516	0	0	0	0	0.004739336492891	0	0	0	0	0	0	0	0	0	0	0	0	0.000512360701934162	0	0	0	0	0	0	0	0	0	0	0	0	0	0	0	0	0	0	0	0	0	0	0	0	0	0	0	0	0	0	0.00345843473805559	0	0	0	0	0	0	0.0066606891251441	0	0	0	0	0	0	0	0	0.004739336492891	0	0	0.00294607403612143	0	0	0	0	0.00333034456257205	0	0.000768541052901242	0	0	0	0.00371461508902267	0	0.00153708210580248	0	0	0	0	0	0	0	0	0	0	0	0	0.00614832842320994	0	0	0	0	0	0	0.00268989368515435	0	0	0.0544383245805047	0	0.0060202382477264	0	0	0.00333034456257205	0	0	0	0	0	0	0	0	0	0	0	0	0	0	0	0	0	0	0	0	0.00768541052901243	0	0	0	0	0	0	0	0.0130651978993211	0	0	0	0	0.0203663379018829	0	0	0	0	0	0	0	0	0	0	0	0	0	0	0	0.0368899705392596	0	0	0	0	0	0	0	0	0	0	0	0	0	0	0	0	0	0	0	0	0	0	0	0	0	0	0	0	0.000256180350967081	0	0	0	0.00166517228128603	0	0	0	0.00409888561547329	0	0	0	0	0.00268989368515435	0	0	0	0	0	0	0	0	0	0	0	0	0	0	0	0
0	0	0	0	0	0	0	0	0	0	0	0	0	0	0	0	0	0	0	0	0	0.000348068221371389	0	0	0	0	0	0	0	0.0182735816219979	0	0	0	0	0	0	0	0	0	0	0	0	0	0	0	0	0	0	0	0	0	0	0	0	0	0	0	0	0	0	0	0	0	0	0	0	0	0	0	0	0	0	0.0031326139923425	0	0	0	0	0	0	0	0	0	0	0	0	0	0	0.000174034110685694	0	0	0	0	0	0	0	0	0	0	0	0	0	0	0	0	0	0	0	0	0	0	0	0	0	0	0	0	0	0	0	0	0	0	0	0	0	0	0	0	0	0	0	0	0	0	0	0.00661329620605639	0	0	0	0	0	0	0	0	0	0	0	0	0	0.00191437521754264	0	0	0	0	0	0.00278454577097111	0	0	0	0	0	0	0	0	0	0	0.0247128437173686	0	0	0	0	0	0	0	0	0	0	0	0	0	0	0	0	0	0.00591715976331361	0	0	0	0.00191437521754264	0	0	0	0	0	0	0	0	0	0	0	0	0	0	0	0	0	0	0	0	0	0	0	0	0.00904977375565611	0	0	0	0	0	0	0	0	0.00783153498085625	0	0	0	0	0	0.00226244343891403	0	0	0	0.0109641489731987	0	0	0	0	0	0	0	0	0.00539505743125653	0	0	0	0	0	0	0	0.0257570483814828	0	0	0	0	0	0	0	0	0.0196658545074835	0	0	0	0	0	0	0	0	0	0	0	0.00365471632439958	0	0.00574312565262792	0	0	0	0	0	0	0.00121823877479986	0	0	0	0	0	0.00504698920988514	0	0	0	0	0	0	0	0	0	0	0	0	0	0	0	0	0	0	0	0	0	0	0	0	0	0	0	0	0	0	0	0	0	0	0	0.0114862513052558	0	0	0	0	0	0	0	0	0	0.0402018795683954	0	0	0	0	0	0	0	0	0	0	0	0	0	0	0	0	0.0093978419770275	0	0	0	0	0	0	0	0	0.00417681865645667	0	0	0	0	0	0	0	0	0	0	0	0	0	0	0	0	0	0	0	0	0	0	0	0	0	0	0	0	0.00121823877479986	0	0	0	0.0194918203967978	0	0	0	0	0	0	0	0	0	0	0	0	0	0	0	0	0	0	0	0	0	0	0	0	0	0	0	0	0	0	0	0	0.0031326139923425	0	0	0	0	0	0	0	0	0	0	0	0	0	0	0	0	0	0	0	0	0	0.0254089801601114	0	0	0	0	0.00365471632439958	0	0	0	0	0	0	0	0	0	0	0	0.00243647754959972	0	0	0	0	0	0	0	0	0	0	0.00974591019839889	0	0	0	0	0	0	0	0	0	0	0	0	0.000696136442742778	0.0123564218586843	0	0	0	0	0	0	0	0	0	0	0	0	0	0.0172293769578837	0	0	0	0	0	0	0	0	0	0	0	0	0	0.0224504002784546	0	0	0.027323355377654	0	0	0	0	0.0153150017403411	0	0	0	0	0	0	0	0	0	0	0	0	0.247302471284372	0	0	0	0	0	0	0	0	0	0	0	0	0	0	0	0	0	0	0	0	0	0	0	0	0	0	0	0	0	0	0	0	0	0	0	0	0	0	0	0	0	0.00417681865645667	0	0.0330664810302819	0	0	0	0.0093978419770275	0	0	0	0	0	0	0	0	0.00208840932822833	0	0	0	0	0	0	0	0	0	0	0	0	0.00417681865645667	0.00208840932822833	0	0	0	0	0	0	0	0	0	0	0	0.00208840932822833	0	0	0	0	0	0	0	0	0	0	0	0.0113122171945701	0	0	0	0	0	0	0.0346327880264532	0	0	0	0	0	0	0	0	0	0	0	0	0	0	0	0	0	0	0.00243647754959972	0.00174034110685694	0	0	0	0	0	0	0	0	0.00765750087017055	0	0	0	0	0	0	0	0	0	0	0	0	0	0	0	0	0	0.00174034110685694	0	0	0	0	0.0116602854159415	0	0.00417681865645667	0	0	0	0	0	0	0	0	0	0	0	0	0	0	0	0	0.00435085276714236	0	0	0	0	0	0	0.00452488687782805	0.00904977375565611	0	0	0	0	0	0.0146188652975983	0	0	0	0	0	0	0	0	0	0	0	0	0	0	0	0	0.00348068221371389	0	0	0.000870170553428472	0	0	0	0	0	0	0	0	0	0	0	0	0	0	0	0	0	0.00870170553428472	0	0	0	0	0	0	0	0	0.000870170553428472	0.0167072746258267	0	0.0100939784197703	0	0	0.00835363731291333	0	0	0	0	0	0	0	0	0	0	0	0	0	0	0	0	0	0	0	0	0.00435085276714236	0	0	0	0	0	0	0	0.00661329620605639	0	0	0	0	0.0969369996519318	0	0	0	0	0	0	0	0	0	0	0	0	0	0	0	0.035851026801253	0	0	0	0	0	0	0.00226244343891403	0	0	0	0	0	0	0	0	0	0	0	0	0	0	0	0	0	0	0	0	0	0	0	0	0	0.00452488687782805	0	0	0	0	0	0	0	0	0	0	0	0	0	0	0	0	0	0	0	0	0	0	0	0	0
0	0.00128320287437444	0	0	0	0	0	0	0	0	0	0	0	0	0	0	0	0	0	0	0	0	0	0	0	0	0	0	0.00179648402412421	0.0365712819196715	0.00449121006031054	0	0	0	0	0	0	0	0	0	0	0	0	0	0	0	0	0.00654433465930964	0	0	0	0	0.0032080071859361	0	0	0	0	0	0	0	0	0	0	0	0	0	0	0	0	0	0	0	0.00141152316181188	0	0	0	0	0	0	0.000384960862312332	0	0	0	0	0	0	0	0	0	0	0	0	0	0	0	0	0	0	0	0	0	0	0	0.00513281149749775	0	0	0	0	0	0	0	0	0	0	0	0	0	0	0	0	0.00359296804824843	0	0	0	0	0	0	0	0	0	0	0	0	0	0	0.281534710637752	0	0	0	0	0	0	0	0	0	0	0	0	0	0.030925189272424	0	0	0	0	0.0020531245989991	0	0	0	0	0	0	0	0	0	0	0	0	0.00128320287437444	0	0	0	0	0	0	0	0.00102656229949955	0	0	0	0	0	0	0	0	0	0	0	0	0.00821249839599641	0.0073142563839343	0.000256640574874888	0	0	0	0	0	0	0	0	0	0	0	0	0	0	0	0	0	0	0	0	0	0	0.00680097523418452	0	0	0	0	0	0	0	0	0	0	0	0	0	0	0	0.0020531245989991	0	0	0	0	0	0	0	0	0	0	0	0	0	0	0	0.0333632747337354	0	0	0	0.00859745925830874	0	0	0	0	0	0	0	0	0.0259206980623637	0	0	0	0.00269472603618632	0	0	0	0	0	0	0	0.000769921724624663	0	0.00346464776081098	0	0.00295136661106121	0	0	0	0	0	0	0	0	0	0	0	0	0.00705761580905941	0	0	0	0	0	0	0	0	0	0	0	0	0	0	0	0	0	0	0	0	0	0.00615937379699731	0	0	0	0	0	0	0	0	0	0	0	0	0	0	0.00551777235981009	0	0	0	0	0	0	0.00808417810855896	0	0	0	0	0	0	0	0	0	0	0	0	0	0	0	0	0	0	0	0	0	0	0	0	0	0.00692929552162197	0	0	0	0.00461953034774798	0	0	0	0	0	0	0	0	0	0	0	0	0	0	0	0	0	0	0	0	0	0	0	0	0.000641601437187219	0	0	0	0.0143718721929937	0	0	0	0	0	0	0	0	0	0	0	0	0	0	0	0	0	0	0	0	0	0	0	0	0	0	0	0	0	0	0	0	0	0	0	0	0	0.0288720646734249	0	0	0	0	0	0	0	0	0	0	0	0	0	0	0	0	0	0	0	0	0	0	0	0	0	0	0	0	0	0	0.00692929552162197	0	0	0	0	0	0.00487617092262287	0	0	0	0	0	0	0	0	0	0	0	0	0	0	0	0	0	0	0	0	0	0.00718593609649686	0	0	0	0	0	0	0	0	0	0	0	0	0	0.0180931605286796	0	0	0	0	0	0	0	0	0	0	0	0	0	0.0130886693186193	0	0	0	0	0	0	0.0041062491979982	0.019376363403054	0	0	0	0	0	0	0	0	0	0	0.00436288977287309	0	0.0653150263056589	0	0	0	0	0	0	0.0424740151417939	0	0	0	0	0	0	0	0	0	0	0	0	0	0	0	0	0.000898242012062107	0	0	0	0	0	0.00166816373668677	0	0	0	0	0	0	0	0	0	0	0	0	0	0.00179648402412421	0	0	0	0	0	0	0	0	0	0.00346464776081098	0.030925189272424	0	0	0	0	0	0	0	0	0	0	0	0	0	0	0.000898242012062107	0	0	0	0	0	0	0.000256640574874888	0	0	0	0	0	0	0	0	0	0	0	0	0	0	0	0	0	0.0138585910432439	0	0	0.000641601437187219	0	0	0	0.0116771461568074	0	0	0	0	0	0	0	0	0	0	0	0	0	0	0	0	0	0	0	0.0107789041447453	0	0	0	0	0	0	0	0	0.00295136661106121	0	0	0	0	0	0	0	0	0	0	0	0	0.00128320287437444	0	0	0	0	0.000641601437187219	0	0	0	0	0.00680097523418452	0	0.00384960862312332	0	0	0	0	0	0	0	0	0	0	0	0	0	0	0	0	0.000256640574874888	0	0	0	0	0	0	0.00346464776081098	0.00179648402412421	0	0	0	0	0	0.0223277300141152	0	0	0	0.0041062491979982	0	0	0	0	0.000898242012062107	0	0	0	0	0	0	0	0	0	0	0	0	0	0	0	0	0	0	0	0	0	0	0	0	0	0	0	0	0.00513281149749775	0	0	0	0	0	0	0	0	0	0.0178365199538047	0	0.0115488258693699	0	0	0.0093673809829334	0	0	0	0	0	0	0	0	0	0	0	0	0	0	0	0	0	0	0	0	0.0101373027075581	0	0	0	0	0	0	0.00141152316181188	0.00692929552162197	0	0	0	0	0.0160400359296805	0	0	0	0	0.00166816373668677	0	0	0	0	0	0	0	0	0	0	0.0175798793789298	0	0	0	0.000513281149749775	0	0	0	0	0	0	0	0	0	0	0	0	0	0	0	0	0	0	0	0	0	0	0	0	0.000384960862312332	0	0	0	0.00988066213268318	0	0	0	0	0	0	0	0.0032080071859361	0	0	0	0	0	0	0	0	0	0	0	0	0	0	0	0.00988066213268318	0.00153984344924933
0	0	0	0	0	0	0	0	0.000695289414218669	0	0	0	0	0	0	0	0	0	0	0	0.000521467060664001	0	0	0	0	0	0	0	0	0.121501825134712	0.0152963671128107	0	0	0	0	0	0	0	0	0	0	0	0	0	0	0	0	0	0	0	0	0	0.00730053884929602	0	0	0	0	0	0	0	0	0	0	0	0	0	0	0	0	0	0	0	0.00365026942464801	0	0	0	0	0	0	0	0	0	0	0	0	0	0	0	0	0	0	0	0	0	0	0	0	0.000521467060664001	0	0	0	0	0	0	0	0	0	0	0	0	0	0	0	0	0	0	0	0	0	0	0	0	0	0	0	0	0	0	0	0	0	0	0	0	0	0.0106031635668347	0	0	0	0	0	0	0	0	0	0	0	0	0	0.00451938119242135	0	0	0	0	0	0	0	0	0	0	0	0	0	0	0	0	0	0	0	0.0100816965061707	0	0	0	0	0.001042934121328	0	0	0	0	0	0	0	0	0	0	0	0	0	0.00782200590996002	0	0	0	0	0.00173822353554667	0	0	0	0	0	0	0	0	0	0	0	0	0	0	0	0	0	0	0	0.00903876238484269	0	0	0	0	0	0	0	0	0	0	0	0	0	0	0.001564401181992	0.00347644707109334	0	0	0	0	0	0	0	0	0	0	0	0	0.0106031635668347	0	0	0.00573613766730402	0	0	0	0.00956022944550669	0	0	0	0	0	0	0	0	0.0326786024682774	0	0	0	0	0	0	0	0	0	0	0	0	0	0	0	0	0	0	0	0	0	0	0	0	0	0	0.00799582826351469	0	0	0	0	0	0	0	0	0	0	0	0	0	0	0	0	0	0.00573613766730402	0	0	0	0	0	0.0271162871545281	0	0	0	0	0	0	0	0	0	0	0	0.00451938119242135	0	0	0.00660524943507735	0	0	0	0	0	0	0.0159916565270294	0	0	0	0	0	0	0	0	0	0	0	0	0	0	0	0	0	0	0	0	0	0	0.0293759777507387	0	0	0.012515209455936	0	0	0	0	0	0	0	0	0	0	0	0	0	0	0	0	0	0	0	0	0	0.0578828437337042	0	0	0	0	0	0	0.00243351294976534	0	0	0	0.0792629932209282	0	0	0	0	0	0	0	0	0	0	0	0	0	0	0	0	0	0	0	0	0	0	0	0	0	0	0	0	0	0	0	0	0	0	0	0	0	0.00225969059621067	0	0	0	0	0	0	0	0	0	0	0	0	0	0	0	0	0	0	0	0	0	0	0	0	0	0	0	0	0	0	0	0	0	0	0	0	0	0	0	0	0	0	0	0	0	0	0	0	0	0	0	0	0	0	0	0	0	0.00139057882843734	0.0137319659308187	0	0	0	0	0	0	0	0	0	0	0	0	0	0	0	0	0	0	0	0	0	0	0	0	0	0	0	0.00921258473839736	0	0	0.00816965061706935	0	0	0	0.001042934121328	0.00504084825308535	0	0	0	0	0	0	0	0	0	0	0.00677907178863202	0	0.0613592908047975	0	0	0	0	0	0	0	0	0	0	0	0	0	0	0	0	0	0	0	0	0	0	0	0	0	0	0	0	0	0	0	0	0	0	0	0	0	0	0	0.000695289414218669	0	0.0116460976881627	0	0.0199895706587867	0	0	0	0	0	0	0	0	0	0	0	0	0	0	0	0	0	0	0	0	0	0	0	0	0	0.00312880236398401	0	0	0	0.001042934121328	0	0	0	0	0	0	0	0	0	0	0	0	0	0	0	0	0	0	0	0	0.0106031635668347	0	0	0	0	0	0	0.0559707978446028	0	0	0	0	0	0	0	0	0	0	0	0	0	0	0	0	0	0	0	0	0	0	0	0	0	0	0	0	0.00417173648531201	0	0	0	0	0	0	0	0	0	0	0	0	0	0	0	0	0	0	0	0.00451938119242135	0	0	0	0	0.00643142708152268	0	0	0	0	0	0	0	0	0	0	0	0	0	0	0	0	0	0	0	0	0	0	0	0.0107769859203894	0.000869111767773336	0	0	0	0	0	0.00469320354597601	0	0	0	0	0	0	0	0	0.00208586824265601	0	0	0	0	0	0	0	0	0	0	0	0	0	0	0	0.00191204588910134	0	0	0	0	0	0	0	0	0	0	0	0	0.0165131235876934	0	0	0	0	0	0	0.00417173648531201	0	0	0	0	0.0509299495915175	0	0	0.00782200590996002	0	0	0	0	0	0	0	0	0	0	0	0	0	0	0	0	0	0	0	0	0.00295498001042934	0	0	0	0	0	0	0	0.0121675647488267	0	0	0	0	0.0914305579697549	0	0	0	0	0	0	0	0	0	0	0	0	0	0	0	0.0373718060142534	0	0	0	0	0	0	0.001042934121328	0	0	0	0	0	0	0	0	0	0	0	0	0	0	0	0	0	0	0	0	0	0	0	0	0	0	0	0.0107769859203894	0.001042934121328	0.00208586824265601	0.00208586824265601	0	0	0.00399791413175734	0	0	0	0	0	0	0	0	0	0	0.000695289414218669	0	0	0	0	0	0
0	0	0	0	0	0	0.00427789185489391	0	0	0	0	0	0	0	0	0	0	0	0	0	0	0	0	0	0	0	0	0	0.00444900752908966	0.00342231348391513	0.0913757700205339	0.0107802874743326	0	0	0	0	0	0	0	0	0	0	0	0	0	0	0	0	0	0	0	0	0.00701574264202601	0	0	0	0	0	0.0027378507871321	0.00256673511293634	0	0	0	0	0	0	0.00359342915811088	0	0	0	0	0	0	0	0.000855578370978782	0	0	0	0	0	0	0	0	0	0	0	0	0	0	0	0	0	0	0	0	0	0	0.00136892539356605	0	0	0	0	0.00154004106776181	0.00427789185489391	0	0	0	0	0	0	0	0	0	0	0.00188227241615332	0	0	0	0	0	0.00308008213552361	0	0	0	0.00119780971937029	0.000855578370978782	0	0	0	0	0	0	0	0	0	0.241101984941821	0	0	0	0	0	0	0	0	0	0	0	0	0	0.00718685831622177	0	0	0	0	0	0.00342231348391513	0	0	0	0.00581793292265572	0	0.00359342915811088	0.000342231348391513	0	0	0	0.00530458590006845	0	0.00718685831622177	0	0	0	0	0	0	0	0.00154004106776181	0	0	0	0	0	0	0	0	0	0	0	0	0.0465434633812457	0	0	0	0.00256673511293634	0	0	0	0.00444900752908966	0	0	0	0	0.000513347022587269	0	0	0	0	0	0	0	0.00205338809034908	0.000342231348391513	0	0.0119780971937029	0	0	0	0	0	0	0	0	0	0	0.000342231348391513	0	0	0	0	0.000342231348391513	0	0	0	0	0.00256673511293634	0	0	0	0	0	0	0	0.00325119780971937	0.000684462696783025	0	0	0	0	0.00290896646132786	0.00359342915811088	0	0	0	0	0	0	0	0	0.0213894592744695	0	0	0	0	0	0	0	0	0	0	0.00290896646132786	0	0	0.00787132101300479	0	0	0	0	0	0	0	0	0	0	0	0	0.00154004106776181	0	0	0	0.00205338809034908	0	0	0	0	0	0	0	0	0	0	0	0	0	0	0	0	0	0.00496235455167693	0	0	0	0	0	0	0	0	0	0	0	0	0	0.00222450376454483	0	0	0	0	0	0	0	0	0	0	0.0135181382614647	0	0	0	0	0	0	0	0	0	0	0	0	0	0	0	0	0	0	0.0164271047227926	0	0	0	0	0	0.0164271047227926	0	0.00171115674195756	0	0	0	0	0	0	0	0	0	0	0	0.0183093771389459	0	0	0	0	0	0	0	0	0	0	0	0	0	0	0.000684462696783025	0	0	0	0	0	0	0	0	0	0	0	0.000684462696783025	0	0	0	0	0.00171115674195756	0	0	0	0	0	0.0159137577002053	0	0	0	0	0	0	0	0	0.00598904859685147	0	0	0	0	0	0	0	0	0	0	0	0	0	0	0	0	0	0	0	0	0	0	0	0	0	0	0	0	0	0	0	0	0	0	0	0	0	0	0	0	0	0	0	0	0	0	0	0	0	0	0	0	0.00188227241615332	0	0	0	0	0	0	0	0	0	0	0	0	0	0	0	0.00154004106776181	0	0	0	0	0	0	0	0	0	0	0	0.00376454483230664	0	0	0	0	0	0	0	0	0.00222450376454483	0	0	0	0	0	0	0	0	0	0.00889801505817933	0	0.00633127994524298	0	0.00102669404517454	0	0	0	0	0.0174537987679671	0	0	0.00444900752908966	0	0	0	0	0.00924024640657084	0.019678302532512	0	0	0	0	0	0	0.00479123887748118	0	0	0	0	0	0	0	0	0	0	0	0	0	0	0	0	0	0	0	0	0	0	0	0	0	0	0	0	0.000342231348391513	0	0	0	0	0	0.00770020533880903	0	0	0.00308008213552361	0	0	0	0	0	0	0	0	0.0142026009582478	0	0	0	0	0	0	0	0	0	0	0	0	0	0	0	0.00325119780971937	0	0	0	0	0	0	0	0	0	0	0	0	0.0135181382614647	0	0	0	0	0	0.00325119780971937	0	0.00205338809034908	0.00222450376454483	0	0	0	0	0	0.00530458590006845	0	0	0.00222450376454483	0.0162559890485969	0	0	0	0	0	0	0	0	0	0	0	0	0	0	0	0	0	0	0	0	0	0	0	0	0	0	0	0	0	0	0	0	0	0	0	0	0	0	0	0	0	0	0	0	0	0	0	0	0	0	0.00496235455167693	0	0	0	0	0	0	0	0	0	0	0	0	0	0	0	0	0	0	0	0.00325119780971937	0	0	0	0	0	0	0.00154004106776181	0.00256673511293634	0	0	0	0	0	0.0154004106776181	0	0	0	0	0	0	0	0	0	0	0	0	0	0	0	0	0	0	0	0	0.00479123887748118	0	0	0	0	0	0	0	0	0	0	0	0	0	0	0	0	0.00958247775496235	0	0	0	0	0	0	0	0	0	0.0251540041067762	0	0	0	0	0	0.000342231348391513	0	0	0	0	0	0	0	0	0	0	0	0	0.00136892539356605	0	0	0	0	0	0	0	0	0	0.00359342915811088	0	0.0111225188227242	0	0	0	0	0	0	0	0.0386721423682409	0	0	0	0	0.0195071868583162	0	0.000342231348391513	0	0	0	0	0	0	0	0	0.0094113620807666	0	0	0	0	0	0	0	0	0	0	0	0	0.00222450376454483	0	0	0	0	0	0	0.0128336755646817	0	0	0	0	0.0102669404517454	0	0	0.00154004106776181	0	0	0	0.00154004106776181	0.00564681724845996	0	0	0.00838466803559206	0	0	0	0	0	0.00684462696783025	0	0	0	0	0	0	0	0	0.00718685831622177	0	0	0	0	0	0	0
0	0.0033003300330033	0	0	0	0	0	0	0	0	0	0	0	0	0	0	0	0	0	0	0	0	0	0	0	0	0	0	0	0.0095127159774801	0.0108716754028344	0	0	0	0	0	0	0	0	0	0	0	0	0	0	0	0	0.0118423607066589	0	0	0	0	0.0153368278004271	0	0	0	0	0	0	0	0	0	0	0	0	0	0	0	0	0	0	0	0	0	0	0	0	0	0	0	0.0157251019219569	0	0	0	0	0	0	0	0	0	0	0	0	0	0	0	0	0	0	0	0	0	0.0021355076684139	0	0	0.0017472335468841	0	0	0	0	0	0	0	0	0	0	0	0	0	0	0.0130071830712483	0	0	0	0	0	0	0	0	0	0	0	0	0	0	0.0714424383614832	0	0	0	0	0	0	0	0	0	0.0027179188507086	0	0	0	0.0110658124635993	0	0	0	0	0	0	0.0067947971267715	0	0	0	0	0	0	0	0	0	0.0001941370607649	0	0	0.0034944670937682	0	0	0	0	0	0	0	0	0.0071830712483013	0	0	0	0	0	0.001941370607649	0	0	0	0.0052417006406523	0.0013589594253543	0	0	0	0.0034944670937682	0	0	0	0	0	0	0	0	0	0	0	0.0001941370607649	0	0	0	0	0.0027179188507086	0	0	0.0254319549602019	0	0	0	0	0	0	0	0	0	0	0	0	0	0	0.0048534265191225	0.0044651523975927	0	0	0	0	0	0	0	0	0	0	0	0.001941370607649	0	0	0	0	0	0	0.013589594253543	0.0190254319549602	0	0	0	0	0	0	0	0	0.0918268297417977	0	0	0	0.0054358377014172	0	0	0	0	0	0	0	0.0021355076684139	0	0	0	0	0	0	0	0	0	0	0	0	0	0	0	0	0	0	0	0	0.0013589594253543	0.0003882741215298	0	0	0	0	0	0	0	0	0	0	0	0	0	0	0	0	0.0128130460104834	0	0	0	0	0	0	0	0	0	0	0	0.0023296447291788	0	0	0.0219374878664337	0	0.0046592894583576	0	0	0	0	0.0075713453698311	0	0	0	0	0	0	0	0	0	0	0	0	0	0	0.0062123859444768	0	0	0	0	0	0	0	0	0	0	0.017472335468841	0	0	0	0	0	0	0	0	0	0	0	0	0	0.003882741215298	0	0	0	0	0	0	0	0.0073772083090662	0	0	0	0	0.0011648223645894	0	0	0	0	0	0	0	0	0	0	0	0	0	0	0	0	0	0	0	0	0	0	0	0	0.0064065230052417	0	0	0	0	0	0	0	0	0	0	0	0.0130071830712483	0	0	0	0.0104834012813046	0	0	0.0015530964861192	0	0.0186371578334304	0	0	0	0	0	0	0	0	0	0	0	0	0	0	0	0	0	0	0	0.0118423607066589	0	0	0	0	0	0	0	0	0	0	0	0	0	0	0	0	0	0.0023296447291788	0.0050475635798874	0	0	0	0	0	0	0	0	0	0	0	0	0	0	0	0	0.0007765482430596	0	0	0	0	0	0	0	0	0	0.0005824111822947	0	0	0	0	0	0	0	0	0	0	0	0	0	0	0	0	0	0	0.003882741215298	0	0	0	0	0	0	0.0023296447291788	0.013589594253543	0	0	0	0	0	0	0	0	0	0	0.0044651523975927	0	0.0364977674238012	0	0	0	0	0	0	0	0	0	0.0015530964861192	0	0	0	0	0	0	0	0	0.0060182488837119	0	0	0	0	0	0	0	0	0.0069889341875364	0	0	0	0	0	0	0	0	0	0	0	0	0	0.0126189089497185	0	0	0	0	0	0	0	0	0	0	0	0	0.03882741215298	0	0.0027179188507086	0	0	0	0	0	0	0	0	0	0	0	0	0.0015530964861192	0	0	0	0	0	0	0	0	0	0	0	0	0	0	0	0	0	0	0	0	0	0	0	0	0.0056299747621821	0	0	0	0	0	0.0017472335468841	0.0605707629586488	0	0	0	0	0	0	0	0	0	0	0	0	0	0	0	0	0	0	0	0.013589594253543	0	0	0	0	0	0	0.0013589594253543	0	0.0054358377014172	0	0	0	0	0.0120364977674238	0	0	0	0	0	0	0	0	0.0001941370607649	0	0	0	0	0	0	0	0	0	0	0	0	0	0	0	0	0	0	0	0	0	0	0	0	0	0	0	0.0023296447291788	0	0	0	0	0.0046592894583576	0	0.0050475635798874	0.0009706853038245	0	0	0	0	0	0.0312560667831489	0	0	0	0	0	0	0	0	0.0025237817899437	0	0	0	0	0	0	0	0	0	0	0.015530964861192	0	0	0	0	0.0015530964861192	0	0	0	0	0	0	0	0	0	0	0	0	0.0333915744515628	0	0	0	0	0	0	0.0040768782760629	0	0	0	0	0.0081537565521258	0	0	0.0069889341875364	0	0	0	0	0	0	0	0	0	0	0	0	0	0	0	0	0	0	0	0	0.0083478936128907	0	0	0	0	0	0	0	0.0099009900990099	0	0	0	0	0.0535818287711124	0	0	0	0	0	0	0	0	0	0	0	0	0	0	0	0.0347505338769171	0	0	0	0	0	0	0.0009706853038245	0	0	0	0	0	0	0	0.0087361677344205	0	0	0	0	0	0	0	0	0	0	0	0	0.0003882741215298	0.0009706853038245	0	0	0	0.0064065230052417	0	0	0	0	0	0	0	0	0	0	0	0	0	0	0	0	0	0	0	0	0	0	0	0	0
0	0	0	0	0	0	0	0	0	0.00168787327966762	0	0	0	0	0	0	0	0	0	0	0	0	0	0	0	0	0	0	0.0115554401454168	0.00467411062061802	0.00077901843676967	0	0	0	0	0	0	0	0	0	0	0	0	0	0	0	0	0	0	0	0	0	0.00701116593092703	0	0	0	0	0	0	0.00519345624513113	0	0	0	0	0	0	0	0	0	0	0	0	0	0	0	0	0	0	0	0	0	0	0	0	0	0	0	0.00077901843676967	0	0	0	0	0	0	0	0	0	0	0	0	0	0	0	0.00207738249805245	0	0	0	0	0	0	0	0	0	0	0	0	0	0	0	0	0	0	0	0	0	0	0	0	0	0	0	0	0.000259672812256557	0	0	0.125681641132173	0	0	0	0	0	0	0	0	0	0.000649182030641392	0	0.000519345624513113	0	0.00986756686574916	0	0	0	0	0	0	0	0	0	0	0	0	0	0	0	0	0	0	0	0.00999740327187743	0	0	0	0	0.00077901843676967	0	0	0	0	0	0	0	0	0	0	0	0	0	0	0	0	0	0	0	0	0	0	0	0	0	0	0	0.000259672812256557	0	0	0	0	0	0	0	0	0	0	0.0112957673331602	0	0	0	0.00194754609192418	0	0	0	0	0	0	0	0	0	0	0	0.00272656452869385	0	0	0	0	0	0	0	0	0	0	0	0	0	0	0	0	0	0	0.00389509218384835	0.00493378343287458	0	0	0	0	0	0	0	0	0.0366138665281745	0	0	0	0	0	0	0	0	0	0	0.00259672812256557	0	0	0.0048039470267463	0	0	0	0	0	0	0	0	0	0	0	0	0.00272656452869385	0.000389509218384835	0.0995845235003895	0	0	0	0	0	0	0	0	0	0	0	0	0	0	0	0	0	0	0	0	0	0	0	0	0	0	0	0	0	0	0	0.000259672812256557	0.00506361983900286	0	0	0	0.0175279148273176	0	0	0	0	0	0	0	0	0	0	0	0	0	0	0	0	0	0	0	0	0	0	0	0	0	0	0	0	0	0	0	0	0.0111659309270319	0	0	0	0	0.00311607374707868	0	0	0	0	0	0	0	0	0.00895871202285121	0	0	0	0	0	0	0	0.00272656452869385	0	0	0	0	0	0	0	0	0	0	0.0421968319916905	0	0	0	0	0	0	0	0	0	0	0	0	0	0	0	0	0	0	0.00311607374707868	0	0	0	0	0	0	0	0	0	0	0	0	0	0	0	0	0	0	0	0	0	0	0	0	0	0	0	0	0	0	0	0	0	0	0	0	0	0	0	0	0	0	0	0	0	0	0	0	0	0	0	0	0	0	0	0	0	0	0	0	0	0	0.000649182030641392	0	0	0	0	0	0	0	0	0	0	0	0	0.00272656452869385	0	0.0224616982601922	0	0	0	0	0.00220721890418073	0	0	0	0	0	0	0	0	0	0	0	0	0	0	0	0.00467411062061802	0	0	0	0.00077901843676967	0	0.000259672812256557	0.0175279148273176	0	0	0	0.00220721890418073	0.00519345624513113	0	0	0.0211633341989094	0	0	0	0	0	0	0	0	0	0	0.0341469748117372	0	0.0216826798234225	0	0	0	0	0	0	0.000129836406128278	0	0	0	0	0	0	0	0	0	0	0	0	0	0	0.00454427421448974	0	0	0	0	0	0	0	0	0	0	0	0	0	0	0	0	0	0	0.00103869124902623	0.0112957673331602	0	0	0	0	0	0	0	0	0	0.00194754609192418	0	0	0.16515190859517	0	0.00142820046741106	0	0	0	0	0	0	0	0	0	0	0	0	0.0018177096857959	0	0	0	0	0	0	0	0	0	0	0	0	0	0	0	0	0	0	0	0	0	0.00116852765515451	0	0	0	0	0	0	0	0	0.000259672812256557	0.0240197351337315	0	0	0	0	0	0	0	0	0	0	0	0	0	0	0	0	0	0	0	0	0	0	0	0	0	0	0.00103869124902623	0	0.00363541937159179	0	0	0	0	0.00545312905738769	0	0	0	0	0	0	0	0	0	0	0	0	0	0	0	0	0	0	0	0	0	0	0	0	0	0	0	0	0	0	0	0	0	0	0	0	0	0	0	0	0	0	0	0.0138924954557258	0.000908854842897949	0	0	0	0	0	0.0329784471565827	0	0	0	0	0	0	0	0	0	0	0	0	0	0	0	0	0	0	0	0	0	0	0	0	0.00116852765515451	0	0	0	0	0	0	0	0	0	0	0	0	0.00402492858997663	0	0	0	0	0	0	0	0	0	0.00973773045962088	0	0.00817969358608154	0	0	0.00363541937159179	0	0	0	0	0	0	0	0	0	0	0	0	0	0	0	0	0.0018177096857959	0	0	0	0.00740067514931187	0	0	0	0	0	0	0	0.0167488963905479	0	0	0	0	0.0324591015320696	0	0.00285640093482212	0	0	0.00493378343287458	0	0	0	0	0	0	0	0	0	0	0.0197351337314983	0	0	0	0	0	0	0.000259672812256557	0	0	0	0	0	0	0	0	0	0	0	0	0	0	0	0	0	0	0	0	0	0.000389509218384835	0	0	0	0.00220721890418073	0.00584263827577253	0	0.00363541937159179	0.00246689171643729	0.0171384056089327	0	0	0.00155803687353934	0	0	0	0	0	0	0	0	0	0	0	0	0	0	0	0	0
0	0	0	0	0	0.00302645709264864	0	0	0	0	0	0	0	0.00292882944449868	0	0	0	0	0	0	0	0	0	0	0	0	0	0	0	0.000976276481499561	0	0	0	0	0	0	0	0	0	0	0	0	0	0	0	0	0	0	0	0	0	0	0	0	0	0	0	0	0	0.0104461583520453	0	0	0	0	0	0	0	0	0	0	0	0	0	0	0	0	0	0	0	0	0	0	0	0	0	0	0	0	0	0	0	0	0	0	0	0	0	0	0	0	0	0	0	0	0	0	0	0	0	0	0	0	0	0	0	0	0	0	0	0	0	0	0	0	0	0	0.00048813824074978	0	0	0	0	0	0	0	0	0.000878648833349605	0	0	0	0	0	0	0	0	0	0	0	0	0.11070975300205	0	0	0	0	0	0	0	0	0	0	0	0	0	0	0	0	0	0	0	0	0	0	0	0	0	0	0	0	0	0	0	0	0	0	0	0.00351459533339842	0	0	0	0	0	0	0	0	0	0	0	0	0	0	0	0	0	0	0	0	0	0	0	0	0	0	0	0	0.000878648833349605	0	0	0	0	0	0	0	0	0	0.00946988187054574	0	0	0	0	0	0	0	0	0	0	0	0	0	0	0	0	0	0	0	0	0	0	0	0	0	0	0	0	0	0	0	0	0	0	0.0361222298154837	0	0	0	0	0	0	0	0	0	0	0	0.000878648833349605	0	0	0	0	0	0	0	0	0	0	0	0	0	0	0	0	0	0	0	0	0	0	0	0	0	0	0	0	0	0	0	0	0	0	0	0	0	0	0.0168895831299424	0	0	0	0	0	0	0	0	0	0	0	0	0	0	0	0	0	0	0	0	0	0	0	0	0	0	0	0.563897295714146	0	0	0	0	0	0	0	0	0	0	0	0	0	0	0	0	0	0	0	0	0.0461778775749292	0	0	0	0	0	0	0	0	0	0	0	0	0	0	0	0	0	0	0	0	0	0	0	0	0	0	0	0	0	0	0	0	0	0	0	0	0	0	0	0	0	0	0	0	0	0	0	0	0	0	0.00214780825929903	0	0	0	0	0	0	0	0	0	0	0	0	0	0	0	0	0	0	0	0	0	0	0	0	0	0	0	0	0	0	0	0	0	0	0	0	0	0	0	0	0	0	0	0	0	0	0	0	0	0	0	0	0	0	0	0	0	0	0	0	0	0	0	0	0	0	0	0	0	0	0	0	0	0	0	0	0	0	0	0	0	0	0	0	0	0	0	0	0	0	0	0	0	0	0	0	0	0	0	0	0	0	0	0	0	0	0	0	0	0	0	0	0	0	0	0	0	0	0	0	0	0	0	0	0	0	0.04451820755638	0	0	0	0	0	0	0	0	0	0	0	0	0	0	0	0	0	0	0	0	0	0	0	0	0	0	0	0	0	0	0	0	0	0	0	0	0	0	0	0.000585765888899736	0.00146441472224934	0	0	0	0	0	0	0	0	0	0	0	0	0	0	0	0	0	0	0	0	0	0	0	0	0	0	0	0	0.00741970125939666	0	0	0	0	0	0.000390510592599824	0	0	0	0	0	0	0	0	0	0	0	0	0	0	0	0	0	0	0	0	0	0	0	0	0	0	0	0	0	0	0	0	0	0	0	0	0	0	0	0	0	0	0	0	0	0	0	0	0	0	0	0	0	0	0	0	0	0	0	0	0	0	0	0	0	0	0	0	0	0	0	0	0	0	0	0	0.00253831885189886	0	0	0	0	0	0	0	0	0	0	0	0	0	0	0	0	0	0	0	0	0	0	0	0	0	0	0	0.00781021185199649	0	0	0	0	0	0.00117153177779947	0	0	0	0	0	0	0	0	0.00175729766669921	0	0	0	0	0.000585765888899736	0	0	0	0	0	0	0	0	0	0	0.00195255296299912	0	0	0	0	0	0	0	0	0	0	0	0	0	0	0	0	0	0	0	0	0	0	0	0	0.0204041784633408	0	0	0	0	0	0	0	0	0	0	0	0	0	0	0	0	0	0	0	0	0	0	0	0	0	0	0	0	0	0	0	0.00302645709264864	0	0	0	0	0.00732207361124671	0	0	0	0	0	0	0	0	0	0	0	0	0	0	0	0.000390510592599824	0	0	0	0	0	0	0.000683393537049692	0	0	0	0	0	0	0	0	0	0	0	0	0	0	0	0	0	0	0	0	0	0	0	0	0	0.000683393537049692	0	0	0.0878648833349605	0	0	0	0	0	0	0	0	0	0	0	0	0	0	0	0	0	0	0	0	0	0
0	0	0	0	0	0	0	0	0	0	0	0	0	0	0	0	0	0	0	0	0	0	0	0	0	0	0.00286430361618332	0	0.00429645542427497	0.0100250626566416	0.00787683494450412	0	0	0	0	0	0	0	0	0	0	0	0	0	0	0	0	0	0	0	0	0	0	0	0	0	0	0	0	0	0	0	0	0	0	0	0	0	0	0	0	0	0.0100250626566416	0	0	0	0	0	0	0	0	0	0	0	0	0	0	0	0	0	0	0	0	0	0	0	0	0	0	0	0	0	0	0	0	0	0	0	0	0	0	0	0	0	0	0	0	0	0	0	0	0	0	0	0	0	0	0	0	0	0	0	0	0	0	0.0136054421768707	0	0	0	0	0	0	0	0	0	0	0	0	0	0.0257787325456498	0	0	0	0	0	0.00214822771213749	0.0075187969924812	0	0	0	0	0	0	0	0	0	0	0	0	0.025062656641604	0	0	0	0	0	0	0	0	0	0	0	0	0	0	0.00930898675259578	0	0	0	0.0576441102756892	0	0	0	0	0	0	0	0	0	0	0	0	0	0	0	0	0	0.0025062656641604	0	0	0	0	0	0	0	0	0	0	0	0	0	0	0	0	0	0	0	0	0	0	0	0	0	0	0	0	0	0	0	0	0	0	0.00537056928034372	0	0	0	0.0318653777300394	0	0	0.0150375939849624	0.0143215180809166	0	0	0	0	0	0	0	0	0.012531328320802	0	0	0	0.00286430361618332	0	0	0	0	0	0	0	0	0	0	0	0	0	0	0	0	0	0	0	0	0	0	0.00537056928034372	0	0.0100250626566416	0	0	0	0	0	0	0	0	0	0	0.000358037952022914	0	0	0	0	0	0	0	0	0	0	0	0	0	0	0	0	0	0	0	0	0	0	0	0	0	0	0	0	0	0	0	0	0.0787683494450412	0	0	0	0	0	0	0	0	0	0	0	0	0	0	0	0	0	0	0	0	0	0	0.0744718940207662	0.000716075904045829	0	0.00787683494450412	0	0	0	0	0	0	0	0	0	0	0	0	0	0	0	0	0	0	0	0	0	0	0	0	0	0	0	0	0.0025062656641604	0	0	0	0	0	0	0	0	0	0	0	0	0	0	0	0	0	0	0	0	0	0	0.00322234156820623	0	0	0	0	0	0	0	0	0	0	0	0.0343716433941998	0	0	0	0.0118152524167562	0	0	0.00322234156820623	0	0	0	0	0	0	0	0	0	0	0	0	0	0	0	0	0	0	0	0	0	0	0	0	0	0	0	0	0	0	0.00465449337629789	0	0	0	0	0	0	0	0	0	0	0	0	0	0	0	0	0	0	0	0	0	0	0	0	0	0	0	0	0	0	0	0	0	0	0	0	0	0	0	0	0	0.0121732903687791	0	0	0	0	0	0	0	0	0	0	0	0	0	0.0146795560329395	0	0	0.0179018976011457	0	0	0	0	0.0433225921947726	0	0	0	0	0	0	0	0	0	0	0	0	0.0110991765127103	0	0	0	0	0	0	0	0	0	0	0	0	0	0	0	0	0	0	0	0	0	0	0	0	0	0	0	0	0	0	0	0	0.000358037952022914	0	0	0	0	0	0	0	0	0.0161117078410312	0	0.00895094880057286	0	0	0	0	0	0	0	0	0	0.0100250626566416	0	0	0	0	0	0	0	0	0	0	0	0	0	0	0	0.0050125313283208	0	0	0	0	0	0	0	0	0	0	0	0	0	0	0	0	0	0	0	0	0	0	0	0	0	0	0	0	0	0	0	0.0110991765127103	0	0	0	0	0	0	0	0	0	0	0	0	0	0	0	0	0	0	0	0.025062656641604	0	0	0	0	0	0	0	0	0	0	0	0	0	0.00787683494450412	0	0	0	0	0	0	0	0	0	0	0	0	0	0	0	0	0	0	0	0.00644468313641246	0	0	0	0	0	0	0	0	0	0	0	0	0	0	0	0	0.00429645542427497	0	0	0	0	0	0	0.00680272108843537	0	0	0	0	0	0	0.020766201217329	0	0	0	0	0	0	0	0	0.00537056928034372	0	0	0	0	0	0	0	0	0	0	0	0	0	0	0	0	0	0	0	0	0	0	0	0	0	0	0	0	0.00393841747225206	0	0	0	0	0	0	0.0128893662728249	0	0	0	0	0.0189760114572145	0	0	0.0121732903687791	0	0	0	0	0	0	0	0	0	0	0	0	0	0	0	0	0	0	0	0	0	0	0	0	0	0.0164697457930541	0	0	0	0.00644468313641246	0	0	0	0.131757966344433	0	0	0	0	0	0	0	0	0	0	0	0	0	0	0	0.0687432867883996	0	0	0	0	0	0	0	0	0	0	0	0	0	0	0	0	0	0	0	0	0	0	0	0	0	0	0	0	0	0	0	0	0.00322234156820623	0	0	0	0	0	0	0	0	0	0	0	0	0	0	0	0	0	0	0	0	0	0	0	0	0
0	0	0	0	0	0	0.0026578073089701	0	0	0	0	0	0	0.00249169435215947	0	0	0	0	0	0	0	0	0	0	0	0	0	0	0.00514950166112957	0.00465116279069767	0.00315614617940199	0	0	0	0	0	0	0	0	0	0	0	0	0	0	0	0	0.00199335548172757	0	0	0	0	0.0136212624584718	0	0	0	0.000498338870431894	0	0.00465116279069767	0.00398671096345515	0	0	0	0	0	0	0	0	0	0	0	0	0.00647840531561462	0	0	0	0	0	0	0	0.00448504983388704	0.00415282392026578	0	0	0	0	0	0	0	0	0	0	0	0	0	0	0	0	0	0	0	0	0	0.000830564784053156	0	0	0	0	0	0	0	0	0	0	0	0	0	0	0	0	0	0	0	0	0	0	0	0	0	0	0	0	0	0	0	0.0995016611295681	0	0	0	0	0	0.000664451827242525	0	0	0	0.000830564784053156	0	0	0	0.0450166112956811	0	0	0	0	0	0.027906976744186	0	0	0	0.00116279069767442	0	0	0	0	0	0.00564784053156146	0.00149501661129568	0	0	0.00963455149501661	0	0	0	0	0	0	0	0	0	0	0	0	0	0	0	0	0	0	0	0.00747508305647841	0	0	0	0	0	0	0	0.00681063122923588	0	0	0	0	0	0	0	0	0	0	0	0	0	0	0	0.0338870431893688	0	0	0	0	0	0	0	0	0.00465116279069767	0	0	0	0	0	0	0.00514950166112957	0	0	0	0	0	0	0	0	0	0	0	0.00681063122923588	0	0	0	0	0	0	0.0166112956810631	0.0147840531561462	0	0	0	0.000332225913621262	0	0.018936877076412	0	0	0.0408637873754153	0	0	0	0	0	0	0	0	0	0	0	0.00348837209302326	0.000498338870431894	0.0280730897009967	0	0	0	0	0	0	0	0	0	0	0	0	0.00614617940199336	0	0	0	0.00149501661129568	0	0	0	0	0	0	0	0	0	0	0	0	0	0	0	0	0	0.00299003322259136	0	0	0	0	0	0	0.000498338870431894	0	0	0	0	0	0	0.00598006644518272	0	0	0.0290697674418605	0	0	0	0	0	0	0	0	0	0	0	0	0	0	0	0	0	0	0	0	0	0	0	0	0	0	0	0	0	0	0	0	0.01578073089701	0	0	0	0	0	0	0	0	0	0	0	0	0.00398671096345515	0.00747508305647841	0	0	0	0	0	0	0	0	0	0	0	0	0	0	0	0	0	0	0.00714285714285714	0	0	0	0	0	0	0	0	0	0	0	0	0	0	0	0	0	0	0.000830564784053156	0	0	0	0	0	0	0	0	0	0	0	0	0	0	0	0	0	0	0	0	0	0	0	0	0	0	0	0	0	0	0	0	0	0	0	0	0	0	0	0	0	0	0	0	0	0	0	0	0	0	0	0	0	0	0	0.00431893687707641	0	0	0	0	0	0	0	0	0	0	0	0	0	0	0	0	0	0	0	0	0	0	0	0	0	0	0	0	0	0	0	0	0	0	0	0	0	0	0	0	0	0	0.00116279069767442	0	0.00199335548172757	0	0	0	0	0.00398671096345515	0	0	0.00382059800664452	0	0	0	0	0.0269102990033223	0	0	0	0	0	0.000498338870431894	0	0	0	0	0	0	0.0299003322259136	0	0	0	0	0	0	0.000166112956810631	0	0	0	0	0	0	0	0	0	0	0.000332225913621262	0	0	0	0	0.00448504983388704	0	0	0	0	0	0	0	0	0	0	0.000498338870431894	0	0	0	0	0	0.000664451827242525	0	0.00481727574750831	0	0.00166112956810631	0	0	0	0	0	0	0	0.00398671096345515	0	0.00282392026578073	0.0445182724252492	0	0	0	0	0	0	0	0	0	0	0	0	0	0	0	0	0	0	0	0	0	0	0	0	0	0	0	0	0.000498338870431894	0	0	0	0	0	0	0	0	0	0	0	0	0	0	0	0	0.00199335548172757	0.0833887043189369	0	0	0	0	0	0	0	0	0	0	0	0.00149501661129568	0	0	0	0	0	0	0	0	0	0	0	0	0	0	0	0	0	0	0	0	0	0.00282392026578073	0	0	0	0	0	0	0	0	0	0	0	0	0	0	0	0	0.0146179401993355	0	0	0	0.000332225913621262	0	0	0	0	0	0	0	0	0	0	0	0	0	0	0	0	0	0	0	0	0	0	0.0132890365448505	0	0	0	0	0	0	0.00132890365448505	0	0	0	0	0	0	0	0	0	0	0	0	0	0	0	0	0	0	0	0	0	0	0	0	0	0	0	0	0	0.00764119601328904	0	0	0	0	0	0	0	0	0	0.00232558139534884	0	0	0	0	0	0	0	0.0114617940199336	0	0	0	0	0.00116279069767442	0	0	0	0	0	0	0	0	0	0	0	0	0	0	0	0	0	0	0	0	0.0164451827242525	0	0	0	0	0.00116279069767442	0	0	0.0177740863787375	0	0	0	0	0.0835548172757475	0	0.00946843853820598	0	0	0.0136212624584718	0	0	0	0	0	0	0	0	0	0	0.0433554817275748	0	0	0	0	0	0	0	0	0	0	0	0	0.00149501661129568	0	0	0	0	0	0	0	0	0	0	0	0	0	0	0	0	0	0	0	0	0	0	0	0.00382059800664452	0	0	0	0	0.00913621262458472	0	0	0	0	0	0	0	0	0	0.000830564784053156	0	0	0	0	0	0
0	0	0	0	0	0	0	0	0	0	0	0	0	0	0	0	0	0	0	0	0	0	0	0	0	0	0	0	0	0.0141843971631206	0.00754975978037062	0	0	0	0	0	0	0	0	0	0	0	0	0	0	0	0	0	0	0	0	0	0.00960878517501716	0	0	0	0	0	0	0	0	0	0	0	0	0	0	0	0	0	0	0	0.00457561198810341	0	0	0	0	0	0	0	0.00274536719286205	0	0	0	0	0	0	0	0	0	0	0	0	0	0	0	0	0	0	0	0.000457561198810341	0	0	0	0	0	0	0	0	0	0	0	0	0	0	0	0	0	0	0	0.0253946465339739	0	0.00640585678334477	0	0	0	0	0	0	0	0	0	0	0	0	0.0251658659345687	0	0	0	0	0	0	0	0	0	0.000915122397620682	0	0	0	0.0334019675131549	0	0	0	0	0	0.0178448867536033	0	0	0	0	0	0	0	0	0	0	0	0	0	0.00777854037977579	0	0	0	0	0	0	0	0	0	0	0	0	0	0	0.0038892701898879	0	0	0	0.00938000457561199	0.00274536719286205	0	0	0	0	0	0	0	0	0	0	0	0	0	0	0	0	0	0	0	0	0	0	0	0.0608556394417753	0	0	0	0	0	0	0	0.00457561198810341	0	0	0	0	0	0	0	0.0038892701898879	0	0	0	0	0	0	0	0	0	0	0	0.00457561198810341	0.00183024479524136	0	0	0	0	0	0.0114390299702585	0.0263097689315946	0	0	0	0	0	0	0	0	0.0473575840768703	0	0	0	0.00251658659345687	0	0	0	0	0	0	0	0.00297414779226722	0	0.00938000457561199	0	0	0	0	0	0	0	0	0	0	0	0	0	0	0	0	0	0	0	0	0	0	0	0	0	0	0	0	0	0	0	0	0	0	0	0	0.0196751315488447	0	0	0	0	0	0	0	0	0	0	0	0	0	0	0.0178448867536033	0	0	0	0	0	0	0	0	0	0	0	0	0	0	0	0	0	0	0	0	0	0	0	0	0	0	0	0.00938000457561199	0	0	0	0	0.0423244108899565	0	0	0	0.000686341798215511	0	0	0	0	0	0	0	0	0	0	0	0	0	0	0.0038892701898879	0	0	0	0	0	0	0	0	0	0	0	0	0	0	0	0	0	0	0	0	0	0	0	0	0	0	0	0	0	0	0	0	0	0	0	0	0	0	0	0	0	0	0	0	0	0	0	0	0	0	0	0.00411805078929307	0	0	0	0	0	0	0	0	0	0	0	0	0	0	0	0	0	0	0	0	0	0	0	0	0	0	0	0	0	0	0	0	0	0	0	0	0	0	0	0	0	0	0	0	0	0	0	0	0	0	0	0	0	0	0	0	0	0	0.0134980553649051	0	0	0	0	0	0	0	0	0	0	0	0	0	0	0	0.00320292839167239	0	0	0.00022878059940517	0	0.0233356211393274	0	0	0	0	0	0	0.0061770761839396	0	0	0.00800732097918097	0	0	0	0	0	0	0	0	0	0	0	0	0	0	0.0022878059940517	0	0	0	0	0	0	0	0	0	0	0	0	0	0	0	0	0.00777854037977579	0	0	0	0	0	0.000457561198810341	0	0	0.0100663463738275	0	0	0.010752688172043	0	0	0	0	0	0	0	0	0	0	0	0	0	0	0	0	0	0.00114390299702585	0	0	0	0.00526195378631892	0	0	0	0.00343170899107756	0	0	0.00114390299702585	0	0	0	0	0	0	0	0	0	0	0	0	0	0	0	0	0	0	0	0	0	0	0	0	0	0	0	0.00297414779226722	0	0	0	0	0	0	0	0	0	0	0	0.0102951269732327	0	0	0	0	0	0	0.200411805078929	0.000457561198810341	0	0	0	0	0	0	0	0	0	0	0	0	0	0	0	0	0	0	0	0	0	0	0	0	0	0	0	0	0	0	0	0	0	0	0	0	0	0	0	0	0	0	0	0	0	0	0	0	0	0.0432395332875772	0	0	0	0	0	0	0	0	0	0	0	0	0	0	0	0	0	0	0	0	0	0	0	0	0	0	0.0176161061541981	0	0	0	0	0	0	0.00205902539464653	0	0	0	0	0	0	0	0	0	0	0	0	0	0	0	0	0	0	0	0	0	0	0	0	0.00160146419583619	0	0	0	0	0	0	0	0	0	0	0.0022878059940517	0	0	0	0	0	0	0	0	0	0	0	0.0306566003202928	0	0.0155570807595516	0	0	0	0	0	0	0	0	0	0	0	0	0	0	0	0	0	0	0	0	0	0	0	0.00869366277739648	0	0	0	0	0	0	0	0.0269961107298101	0	0	0	0	0.0386639212994738	0	0	0	0	0.00846488217799131	0	0	0	0	0	0	0	0	0	0	0.038892701898879	0	0	0	0	0	0	0	0	0	0	0	0	0	0	0	0	0	0	0	0	0	0	0	0	0	0	0	0	0	0	0	0	0	0	0	0	0	0	0	0	0	0.00869366277739648	0	0	0	0	0	0	0	0	0	0	0	0	0	0	0	0
0	0	0	0	0	0	0	0	0.00451693851944793	0.0122961104140527	0	0	0	0	0	0	0	0	0	0	0	0	0	0	0	0	0.08732747804266	0	0.00476787954830615	0.00627352572145546	0.00752823086574655	0	0	0	0	0	0	0	0	0	0	0	0	0	0	0	0	0.0082810539523212	0	0	0	0	0.00978670012547051	0	0	0	0	0	0	0.0055207026348808	0	0	0	0	0	0	0	0	0	0	0	0	0	0	0	0	0	0	0	0	0	0.00677540777917189	0	0	0	0	0	0	0	0	0	0	0	0	0	0	0	0	0	0	0	0	0	0	0	0	0	0	0	0	0	0	0	0	0.00100376411543287	0	0	0	0	0	0.00928481806775408	0	0	0	0	0	0	0	0	0	0	0	0	0	0	0.126223337515684	0	0	0	0	0	0	0	0	0	0	0	0	0	0	0	0	0	0	0	0.00351317440401506	0	0	0	0	0	0	0	0	0	0	0.010288582183187	0.00150564617314931	0	0	0	0	0	0	0	0	0	0	0.00702634880803011	0	0	0	0	0	0	0	0	0	0.00250941028858218	0.00150564617314931	0	0	0	0.00225846925972396	0	0	0	0	0	0	0.000501882057716437	0	0	0	0	0	0	0	0	0	0	0	0	0.0243412797992472	0	0	0	0	0	0	0	0	0	0	0	0	0	0	0	0.00426599749058971	0	0	0	0	0	0	0	0	0	0	0	0.00451693851944793	0.00250941028858218	0	0	0	0	0	0.0082810539523212	0.00928481806775408	0	0	0	0	0	0.00777917189460477	0	0	0.0421580928481807	0	0	0	0	0	0	0	0	0	0	0	0	0	0.00853199498117942	0	0	0	0	0	0	0	0	0	0	0	0	0.00878293601003764	0	0	0	0	0	0.00225846925972396	0	0.000501882057716437	0	0	0	0	0	0	0	0	0	0	0	0	0	0	0	0	0	0	0	0	0	0	0	0	0	0	0	0.00627352572145546	0	0	0.0135508155583438	0	0	0	0	0	0	0	0	0	0	0	0	0	0	0	0	0	0	0	0.000501882057716437	0	0.00401505646173149	0	0.0481806775407779	0.000501882057716437	0	0	0	0	0	0	0	0	0	0	0	0	0	0	0	0	0	0	0	0	0	0.00225846925972396	0	0	0	0	0	0	0	0	0	0	0	0	0	0	0	0	0	0	0	0	0	0	0	0	0	0	0	0	0	0	0	0	0	0	0	0	0	0.00250941028858218	0	0	0	0	0.0100376411543287	0	0	0	0	0	0	0	0	0	0	0	0	0	0.00326223337515684	0	0	0	0	0	0	0	0	0	0	0	0	0	0	0	0	0	0	0.000501882057716437	0	0	0	0	0	0	0	0	0	0	0	0	0	0	0	0	0	0	0	0	0	0	0	0	0	0	0	0	0	0	0	0	0	0	0	0	0	0	0.00225846925972396	0.0168130489335006	0	0	0	0	0	0	0	0	0	0	0	0	0	0	0	0	0	0	0	0	0	0	0	0	0	0	0	0.0132998745294856	0	0	0	0	0	0	0	0.010288582183187	0	0	0	0	0	0	0	0	0	0	0.0193224592220828	0	0.0248431618569636	0	0	0	0	0	0	0	0	0	0	0	0	0	0	0	0	0	0	0	0	0	0	0	0	0	0	0.0175658720200753	0	0	0	0	0	0	0	0	0	0	0	0	0	0.00326223337515684	0.0243412797992472	0	0	0	0	0	0	0	0	0	0	0	0.00577164366373902	0	0	0.00727728983688833	0	0	0	0	0	0	0	0	0	0	0	0	0	0	0	0	0	0	0	0	0	0	0	0	0	0	0	0	0	0	0	0	0	0.00326223337515684	0	0	0	0	0	0	0.00351317440401506	0	0	0	0.0614805520702635	0	0	0	0	0	0	0	0	0	0	0	0	0	0	0	0.00526976160602258	0	0	0.0140526976160602	0	0	0	0	0	0	0	0	0	0	0.000752823086574655	0	0	0	0.00752823086574655	0	0	0	0	0	0	0	0	0	0	0	0	0	0	0	0	0	0	0	0	0	0	0	0	0	0	0	0	0	0	0	0	0	0	0	0	0.00301129234629862	0	0	0	0	0	0	0.0100376411543287	0.00326223337515684	0	0	0	0	0	0.00250941028858218	0	0	0	0	0	0	0	0	0	0	0	0	0	0	0	0.00150564617314931	0	0	0	0	0	0	0	0	0	0	0	0	0	0	0	0	0	0	0	0	0	0.00677540777917189	0	0	0	0	0	0	0	0	0	0	0	0	0	0	0.00376411543287327	0	0	0	0	0	0	0	0	0	0	0	0	0	0	0	0	0	0	0	0	0.011543287327478	0	0	0	0	0	0	0	0.0220828105395232	0	0.00351317440401506	0	0	0.0687578419071518	0	0	0	0	0.0233375156838143	0	0	0	0	0	0	0	0	0	0	0.0258469259723965	0	0	0	0	0	0	0.000752823086574655	0	0	0	0	0	0	0	0	0	0	0	0	0	0	0	0	0	0	0	0	0	0	0	0	0	0.00200752823086575	0	0	0	0.00351317440401506	0	0	0	0.00351317440401506	0	0	0	0	0	0	0	0	0	0.029861982434128	0	0	0	0	0	0	0
0	0	0	0	0	0.00852066715010878	0	0	0.00199419869470631	0	0	0	0	0	0	0	0	0	0	0	0	0	0	0	0	0	0	0	0	0.135786802030457	0.0159535895576505	0	0	0	0	0	0	0	0	0	0	0	0	0	0	0	0	0.0500362581580856	0	0	0	0	0.0148658448150834	0	0	0	0	0	0	0	0	0	0	0	0	0	0	0.0128716461203771	0	0	0	0	0.00380710659898477	0	0	0	0	0	0	0	0	0	0	0	0	0	0	0	0	0	0	0	0	0	0	0	0	0	0	0	0	0	0	0	0	0	0	0	0	0	0	0	0	0	0	0	0	0	0	0	0	0	0	0	0	0	0	0	0	0	0	0	0	0	0	0.0746918056562727	0	0	0	0	0	0	0	0	0	0.000725163161711385	0	0	0	0	0	0	0	0	0	0	0	0	0	0	0	0	0	0.00489485134155185	0	0	0	0	0	0.0110587382160986	0	0	0	0	0.004713560551124	0	0	0	0	0	0	0	0	0	0.00435097897026831	0	0	0	0.0186729514140682	0	0	0	0.00253807106598985	0.00435097897026831	0	0	0	0	0	0	0	0	0	0	0	0	0	0	0	0	0	0	0	0.0097897026831037	0	0	0	0	0	0	0	0	0	0	0	0	0	0	0	0.00489485134155185	0	0	0	0	0	0	0	0	0	0	0	0.00670775924583031	0	0	0	0	0	0	0.0116026105873822	0.0123277737490935	0	0	0	0	0	0	0	0	0.0435097897026831	0	0	0	0	0	0	0	0	0	0	0	0	0	0.00779550398839739	0	0	0	0	0	0	0	0	0	0	0	0	0.00453226976069616	0	0	0	0	0	0	0	0	0	0	0	0	0.00435097897026831	0	0	0	0	0	0	0	0	0	0	0.0270123277737491	0	0	0	0	0	0	0	0	0	0	0	0	0	0	0.0273749093546048	0	0	0	0	0	0	0	0	0	0	0	0	0	0	0	0	0	0	0	0	0	0	0	0	0	0	0	0	0	0	0	0	0.0177664974619289	0	0	0	0	0	0	0	0	0	0	0	0	0	0.00489485134155185	0	0	0	0	0	0	0	0.0145032632342277	0	0	0	0	0	0	0	0	0	0	0.00489485134155185	0	0	0	0	0	0	0	0	0	0	0	0	0	0	0	0	0	0	0.00652646845540247	0	0	0	0	0	0	0	0	0	0	0	0	0	0	0	0	0	0	0.0239303843364757	0	0	0	0	0	0	0	0	0	0	0.00562001450326323	0	0	0	0	0	0	0	0	0	0	0	0	0	0	0	0	0	0	0	0	0	0	0	0	0	0	0	0	0	0	0	0	0	0	0	0	0	0	0	0	0	0	0	0	0.000362581580855693	0	0	0.0074329224075417	0	0	0	0	0	0	0	0	0	0	0	0	0	0.00326323422770123	0	0	0	0	0	0	0	0	0	0	0	0	0	0	0	0	0.00290065264684554	0	0.0154097171863669	0	0	0.0201232777374909	0	0	0.000362581580855693	0	0	0	0	0	0	0	0.00634517766497462	0	0	0	0	0	0	0	0	0	0	0	0	0	0	0	0	0	0	0	0	0	0	0	0	0	0.0175852066715011	0	0	0.00688905003625816	0.00725163161711385	0	0	0	0	0	0	0	0	0	0	0	0	0.00163161711385062	0	0	0	0	0	0	0.00852066715010878	0	0	0	0	0	0	0	0	0	0	0	0	0	0	0	0	0	0	0	0	0	0	0	0	0	0	0	0	0	0	0	0	0	0	0	0	0	0	0	0	0	0	0	0	0	0	0	0	0	0	0	0	0	0.0179477882523568	0	0	0	0	0	0	0	0	0	0	0	0	0	0	0	0	0	0	0	0	0	0.000543872371283539	0	0	0	0	0	0	0.01178390137781	0	0	0	0	0	0	0	0	0	0	0	0	0	0	0	0	0	0.000543872371283539	0	0	0	0	0.0050761421319797	0	0.00598259608411893	0	0	0	0	0	0	0	0	0.00725163161711385	0	0	0	0	0	0	0	0	0	0.00380710659898477	0	0	0.00271936185641769	0	0.0145032632342277	0.0101522842639594	0	0	0	0	0	0.0422407541696882	0	0	0	0	0	0	0	0	0.00308194343727339	0	0	0	0	0.000725163161711385	0	0	0	0	0	0	0	0	0	0	0	0	0	0	0	0	0	0	0	0	0	0	0	0.00489485134155185	0	0	0	0	0	0	0.00326323422770123	0	0	0.0335387962291516	0	0.0175852066715011	0	0	0.004713560551124	0	0	0	0	0	0	0	0	0	0	0	0	0	0	0	0	0	0	0	0	0.00580130529369108	0	0	0	0	0	0	0	0.0154097171863669	0	0	0	0	0.00942712110224801	0	0	0	0	0	0	0	0	0	0	0	0	0	0	0	0.0310007251631617	0	0	0	0	0	0	0.000725163161711385	0	0	0	0	0	0	0	0	0	0	0	0	0	0	0	0	0	0	0	0	0	0	0	0	0	0.00852066715010878	0	0	0	0.00398839738941262	0	0	0	0.0050761421319797	0.00997099347353154	0	0.0137781000725163	0	0	0	0	0	0	0	0	0	0	0	0	0	0
0	0	0	0	0	0	0	0	0.000630011454753723	0	0	0	0	0	0	0	0	0	0	0	0	0	0	0	0	0	0	0	0	0.00561282932416953	0.00211912943871707	0	0	0	0	0	0	0.000916380297823597	0	0	0	0	0	0	0	0	0	0	0	0	0	0	0.00630011454753723	0	0	0	0	0	0	0.000630011454753723	0	0	0	0	0	0	0	0	0	0	0	0	0.000630011454753723	0	0	0	0	0	0	0	0.0061282932416953	0	0	0	0	0	0	0.000515463917525773	0	0	0	0	0	0	0	0	0	0	0	0	0	0	0.000973654066437572	0	0	0	0	0	0	0	0	0	0	0	0	0	0	0	0	0	0.00211912943871707	0	0	0	0	0.000400916380297824	0	0	0	0	0	0	0	0	0	0.0575028636884307	0	0	0	0	0	0	0	0	0.00234822451317297	0	0	0	0	0.0132875143184422	0	0	0	0	0	0.00257731958762887	0	0	0	0	0	0	0	0	0	0	0.000687285223367698	0	0.0237686139747995	0.00297823596792669	0	0	0	0	0	0	0.000458190148911798	0	0.00206185567010309	0	0	0	0	0	0	0	0	0	0	0	0	0	0	0	0	0	0	0	0	0	0	0	0.00011454753722795	0	0	0	0	0	0	0	0.000916380297823597	0	0	0.0101947308132875	0	0	0	0.000973654066437572	0	0	0	0	0	0	0	0.000801832760595647	0	0	0	0.000572737686139748	0	0	0	0	0.0230240549828179	0	0	0	0	0	0	0.00103092783505155	0	0	0	0	0	0	0.00234822451317297	0.00521191294387171	0	0	0	0	0	0	0	0	0.0170675830469645	0	0	0	0	0	0	0	0	0	0	0	0	0	0.00389461626575029	0	0	0	0	0	0	0	0	0	0	0	0	0.00395189003436426	0	0	0	0.000343642611683849	0	0	0	0	0	0	0	0	0	0	0	0	0	0	0	0	0	0.000458190148911798	0	0.00813287514318442	0	0	0	0.00120274914089347	0	0	0	0	0	0	0	0.00378006872852234	0	0	0.00738831615120275	0	0	0	0	0	0	0	0	0	0	0	0	0	0	0	0	0	0	0	0	0	0	0	0	0	0	0	0	0	0.00784650630011455	0	0	0.00807560137457045	0	0.000687285223367698	0.000229095074455899	0.000801832760595647	0.000687285223367698	0	0	0	0	0	0	0	0	0.00286368843069874	0	0.000286368843069874	0	0	0.00166093928980527	0	0	0	0	0	0.000801832760595647	0	0	0	0.000229095074455899	0	0	0	0.00355097365406644	0	0	0	0	0	0	0	0	0	0	0	0	0	0	0	0	0	0	0.00148911798396334	0	0	0	0	0	0	0	0.00011454753722795	0	0	0.000859106529209622	0	0	0	0	0	0	0	0.00257731958762887	0	0	0	0	0	0	0	0	0	0	0.00189003436426117	0	0	0	0	0	0	0	0	0	0	0	0	0	0	0	0	0	0	0	0	0	0	0	0	0	0	0	0	0	0	0	0.000171821305841924	0	0	0	0	0	0	0	0	0	0	0	0	0	0.00108820160366552	0	0.00418098510882016	0	0	0	0	0	0	0	0	0	0	0	0	0	0.0109392898052692	0	0	0	0	5.72737686139748e-05	0	0	0	0	0.00143184421534937	0	0	0	0.00286368843069874	0	0	0.00183276059564719	0	0	0	0.000286368843069874	0.00469644902634593	0	0	0	0.00131729667812142	0	0	0.00120274914089347	0	0	0	0.00171821305841924	0	0.0144902634593356	0	0	0	0	0	0	0	0	0	0.00131729667812142	0	0	0	0	0	0	0	0	0	0	0	0	0	0	0	0	0	0	0	0	0	0	0	0	0	0	0	0	0	0	0.000687285223367698	0	0	0.00183276059564719	0	0	0	0	0	0	0	0	0	0	0	0	0.000515463917525773	0.000400916380297824	0	0	0	0	0	0	0	0	0	0	0	0	0	0	0	0	0	0	0	0	0	0	0	0	0.000916380297823597	0.000687285223367698	0	0	0	0	0	0	0.000400916380297824	0	0	0	0	0	0	0.0013745704467354	0	0	0	0.020561282932417	0	0	0	0	0	0	0	0	0	0	0	0	0	0	0	0.00223367697594502	0	0	0	0.00183276059564719	0	0	0	0	0	0	0.000400916380297824	0	0	0	0	0.00011454753722795	0.00011454753722795	0	0.00194730813287514	0	0	0	0	0	0	0	0	0	0.000744558991981672	0	0.541981672394043	0	0	0	0.00469644902634593	0	0	0	0	0	0	0	0	5.72737686139748e-05	0.00011454753722795	0	0	0	0	0	0	0.000630011454753723	0	0	0	0	0	0	0	0	0	0.00292096219931271	0	0	0	0	0	0	0.00269186712485682	0	0	0	0	0	0	0	0	0	0	0	0.00143184421534937	0	0	0	0.00458190148911798	0	0	0	0	0	0	0	0	0	0	0	0	0	0	0	0	0	0	0	0	0	0	0	0	0	0	0.000343642611683849	0	0.00171821305841924	0	0	0.00257731958762887	0	0.00756013745704467	0	0	0.000687285223367698	0	0	0	0	0	0	0	0	0	0	0	0.00183276059564719	0	0	0	0	0	0	0	0.000343642611683849	0.00475372279495991	0	0	0	0	0	0	0	0.00389461626575029	0	0	0	0	0.0396907216494845	0	0	0	0	0.00693012600229095	0	0	0	0	0	0	0	0	0	0	0.00601374570446735	0	0	0	0	0	0	0	0	0	0	0	0	0	0	0.00400916380297824	0	0	0	0	0	0	0	0	0	0	0	0	0	0.000229095074455899	0	0	0.000572737686139748	0.000630011454753723	0	0	0	0	0.00452462772050401	0	0	0.00126002290950745	0.00154639175257732	0	0	0	0	0	0	0	0	0.00967926689576174	0.000859106529209622	0	0	0.000171821305841924	0	0	0
0	0	0	0	0	0	0	0	0.000320307495195388	0	0	0	0	0	0	0	0	0	0	0	0	0	0	0	0	0	0	0	0.0233824471492633	0.0418535127055306	0.0232756779841982	0	0	0.00555199658338672	0	0	0.000213538330130258	0	0	0	0	0	0	0	0	0	0	0.0018150758061072	0	0	0	0	0.00448430493273543	0	0	0	0	0	0	0	0	0	0	0	0	0	0	0	0.000213538330130258	0	0	0	0.00160153747597694	0	0	0	0	0	0	0	0.00533845825325646	0	0	0	0	0	0	0	0	0	0	0	0	0	0	0	0	0	0	0	0	0	0	0	0	0	0	0	0	0	0	0	0	0	0	0	0	0	0	0	0	0	0	0	0	0	0	0	0	0	0	0	0	0	0	0.0513559683963271	0	0	0	0	0	0	0	0	0	0.0018150758061072	0	0	0	0.0111039931667734	0	0	0	0	0.0018150758061072	0.00469784326286568	0.000960922485586163	0.000854153320521034	0	0.00192184497117233	0	0	0	0	0	0	0.00619261157377749	0	0	0.0140935297885971	0	0	0	0	0	0	0	0	0.0069399957292334	0	0	0	0	0	0	0.00117446081571642	0	0	0.00811445654494982	0	0	0	0	0.00245569079649797	0	0	0	0	0.00544522741832159	0	0	0	0	0	0	0.00160153747597694	0	0	0	0	0	0	0	0.0293615203929105	0	0	0	0	0	0	0	0	0	0	0	0	0	0	0	0.00213538330130258	0	0	0	0	0	0	0	0	0	0	0	0.00298953662182362	0	0	0	0.00790091821481956	0	0	0.0128122998078155	0.0144138372837924	0	0	0	0	0	0.00234892163143284	0	0	0.0869101003630152	0	0	0	0.00704676489429853	0	0	0	0	0	0	0	0	0	0.00758061071962417	0	0	0	0	0	0	0	0	0	0	0	0	0	0	0	0	0	0	0	0	0	0	0.00395045910740978	0	0	0.00213538330130258	0	0	0	0	0	0	0	0	0	0	0.00427076660260517	0	0	0	0	0	0	0	0	0	0	0	0.00480461242793081	0	0	0.0193252188767884	0	0	0	0	0	0	0.00363015161221439	0	0	0	0.0379030535981209	0	0	0	0	0	0	0	0	0	0	0	0	0	0	0	0	0.0523168908819133	0	0.00854153320521034	0	0.000533845825325646	0.0391842835789024	0	0	0	0.00213538330130258	0.000533845825325646	0	0	0	0	0	0	0	0.00469784326286568	0	0	0	0.00395045910740978	0	0	0	0	0	0	0	0	0	0	0	0.000640614990390775	0	0	0	0	0	0	0	0	0	0	0	0.00117446081571642	0	0	0	0	0	0	0	0	0	0	0.000854153320521034	0	0.012385223147555	0	0	0	0	0	0	0	0	0	0	0	0	0	0	0	0	0.00758061071962417	0	0	0	0	0	0	0	0	0	0	0	0	0	0	0.000533845825325646	0	0	0	0	0	0	0	0	0	0	0	0	0	0	0	0	0	0	0	0	0	0	0	0	0	0	0	0	0	0	0	0	0	0	0	0	0	0	0	0	0	0.0076873798846893	0	0.00469784326286568	0	0	0	0	0	0	0	0	0	0	0	0	0	0	0	0	0	0	0	0.00704676489429853	0	0	0	0	0	0	0	0.00971599402092676	0	0	0	0	0	0	0.00352338244714926	0.00416399743754004	0	0	0	0	0	0	0	0	0	0	0.0118513773222293	0	0.043775357676703	0	0	0	0	0	0	0	0	0	0	0	0	0	0	0	0	0	0	0	0	0	0.0018150758061072	0.00779414904975443	0	0	0	0	0	0	0	0	0	0	0	0	0	0	0	0	0	0	0	0	0	0	0	0	0	0	0	0	0	0	0	0.0137732222934017	0	0.00341661328208413	0	0	0	0	0	0	0	0	0	0	0	0	0.00224215246636771	0	0	0	0	0	0	0	0	0	0	0	0	0	0	0	0	0	0	0	0	0	0	0	0	0	0	0	0	0	0	0.000320307495195388	0.069399957292334	0	0	0	0	0	0.000213538330130258	0	0	0	0	0	0	0	0	0	0	0	0	0	0.00448430493273543	0	0	0	0	0.000960922485586163	0	0	0	0	0	0	0	0	0.00245569079649797	0	0	0	0	0	0	0	0.00128122998078155	0	0	0	0	0.000747384155455904	0	0	0	0	0.0018150758061072	0	0.00565876574845185	0	0	0	0	0.00170830664104207	0	0	0	0	0.00288276745675849	0	0	0	0	0.00213538330130258	0	0	0	0	0.00213538330130258	0	0	0	0.00661968823403801	0	0	0	0	0	0	0.0025624599615631	0	0	0	0	0	0	0	0	0	0	0	0	0	0	0	0	0	0	0	0.00160153747597694	0	0	0	0	0.00149476831091181	0	0	0	0	0	0	0	0	0	0	0	0	0.00469784326286568	0	0	0	0	0	0	0	0	0	0	0	0.0025624599615631	0	0	0.00363015161221439	0	0	0	0	0	0	0	0	0	0	0	0	0	0	0	0	0.00160153747597694	0	0	0	0.00555199658338672	0	0	0	0	0.00373692077727952	0	0	0.0168695280802904	0	0	0	0	0.0875507153534059	0	0	0	0	0	0	0	0	0	0	0	0	0	0	0	0.0227418321588725	0	0	0	0	0	0	0	0	0	0	0	0	0.000320307495195388	0	0	0	0	0	0	0	0	0.00117446081571642	0	0	0	0	0	0.000213538330130258	0	0	0	0	0.00363015161221439	0	0	0	0	0	0	0	0.0025624599615631	0	0	0	0	0	0	0	0	0	0	0	0	0	0	0	0	0
0	0	0	0	0	0	0	0	0	0	0	0	0	0	0	0	0	0	0	0	0	0	0.00880206097037355	0	0	0	0	0	0	0.0188922284242164	0	0	0	0	0	0	0	0	0	0	0	0	0	0	0	0	0	0	0	0	0	0	0	0	0	0	0	0	0	0	0	0	0	0	0	0	0	0	0	0	0	0	0.0047230571060541	0	0	0	0	0	0	0	0.0025762129669386	0	0	0	0	0	0	0.0030055817947617	0	0	0	0	0	0	0	0	0	0	0	0	0	0	0	0	0	0	0	0	0	0	0	0	0	0	0	0	0	0	0	0	0	0	0	0	0	0	0	0	0	0	0	0	0	0	0	0.195148132245599	0	0	0	0	0	0	0	0	0	0.0008587376556462	0	0	0	0.0176041219407471	0	0	0	0	0	0.00236152855302705	0.00279089738085015	0	0	0	0	0	0	0	0	0	0	0	0.00493774151996565	0.00923142979819665	0	0	0	0	0	0	0	0	0	0.00236152855302705	0	0	0	0	0	0	0	0	0.00665521683125805	0	0	0	0	0.00193215972520395	0	0	0	0	0	0	0	0	0	0	0	0	0	0	0	0	0.0004293688278231	0	0	0.0231859167024474	0	0	0	0	0	0	0	0	0.00966079862601975	0	0	0	0	0	0	0.0047230571060541	0	0	0	0	0	0	0	0	0	0	0	0	0	0	0	0	0	0	0.0103048518677544	0.0244740231859167	0	0	0	0	0	0	0	0	0.0530270502361529	0	0	0	0	0	0	0	0	0	0	0	0	0	0.008587376556462	0	0	0	0	0	0	0	0	0	0	0	0	0.0150279089738085	0	0	0	0.00450837269214255	0	0	0	0	0	0	0	0	0	0	0	0	0	0	0	0	0	0	0	0.0120223271790468	0	0	0	0	0	0	0	0	0	0	0	0.0090167453842851	0	0	0.0161013310433663	0	0	0	0	0	0	0.0231859167024474	0	0	0	0	0	0	0	0	0	0	0	0	0	0	0	0	0	0	0	0.0021468441391155	0	0	0	0	0	0.030055817947617	0	0	0	0.00107342206955775	0.00322026620867325	0	0	0	0	0	0	0	0	0	0	0	0	0	0	0	0	0	0	0	0	0	0	0	0.0038643194504079	0	0	0	0	0	0	0	0	0	0	0	0	0	0	0	0	0	0	0	0	0	0	0	0	0	0	0	0	0	0	0	0	0	0	0	0	0	0	0	0	0	0.00322026620867325	0	0	0	0	0	0	0	0	0	0	0	0	0	0	0	0	0	0	0	0	0	0	0	0	0	0	0.0025762129669386	0	0	0	0	0	0	0	0	0	0	0	0	0	0	0	0	0	0	0	0	0.00064405324173465	0	0	0	0	0	0	0	0	0	0	0	0	0	0	0	0	0	0	0	0	0	0	0	0	0	0	0	0	0	0	0	0	0	0	0	0	0	0	0.0017174753112924	0	0	0	0	0	0	0.0021468441391155	0	0	0	0	0	0	0	0	0	0	0.0021468441391155	0	0	0	0	0	0	0	0	0	0	0	0	0	0	0	0	0	0	0	0	0	0	0	0	0	0.0115929583512237	0	0	0	0	0	0	0	0	0	0	0	0	0	0	0	0	0.0008587376556462	0	0	0	0.00236152855302705	0	0	0	0	0	0	0	0	0	0	0.0025762129669386	0	0.0017174753112924	0	0	0	0	0	0	0	0	0	0	0	0	0.00536711034778875	0	0	0	0.00064405324173465	0	0	0	0	0	0.0051524259338772	0	0	0	0	0	0	0	0	0	0	0	0	0	0	0	0	0	0	0	0	0	0.0373550880206097	0	0	0	0	0	0	0	0	0	0	0	0.00193215972520395	0	0	0	0	0	0	0	0	0	0	0	0	0	0	0	0	0.00579647917561185	0	0	0	0	0	0	0	0	0	0	0.00021468441391155	0	0	0	0	0	0	0	0	0	0	0	0.0820094461142121	0	0	0	0	0	0	0	0	0	0	0	0	0	0	0	0	0	0	0	0	0	0	0	0	0	0.0210390725633319	0	0	0	0	0	0	0.0109489051094891	0	0	0	0	0	0	0	0.0004293688278231	0.00236152855302705	0	0	0	0	0	0.00193215972520395	0	0	0	0	0.00450837269214255	0	0	0	0	0.00322026620867325	0	0	0	0	0	0	0	0	0	0	0	0	0	0	0	0	0	0	0	0	0	0.0017174753112924	0	0	0.008587376556462	0	0	0.00107342206955775	0	0	0	0	0	0	0	0	0	0	0	0	0	0	0	0	0	0	0	0	0.00450837269214255	0	0	0	0	0.0025762129669386	0	0	0.0186775440103049	0	0	0	0	0.133963074280807	0	0	0	0	0.00751395448690425	0	0	0	0	0	0	0	0	0	0	0.044869042507514	0	0	0	0	0	0	0.0008587376556462	0	0	0	0	0	0	0	0	0	0	0	0	0	0	0	0	0	0	0	0	0	0	0	0	0	0.0021468441391155	0	0	0	0	0.00708458565908115	0.00536711034778875	0	0	0.0100901674538429	0	0	0	0	0	0	0	0	0	0	0	0	0	0	0	0
0	0	0	0	0	0	0	0	0.000208594075928244	0	0	0	0	0	0	0	0	0	0	0	0	0	0	0	0	0	0	0	0	0.00750938673341677	0.0164789319983312	0	0	0	0	0	0	0	0	0	0	0	0	0	0	0	0	0	0	0	0	0	0	0	0	0	0	0	0.00771798080934501	0	0	0	0	0	0	0	0	0	0	0	0	0	0.00354609929078014	0	0	0	0	0	0	0	0.00417188151856487	0	0	0	0	0	0	0	0	0	0	0	0	0	0	0	0	0.000834376303712975	0	0	0	0	0.0202336253650396	0	0	0	0	0	0	0	0	0	0	0	0	0	0	0	0	0	0	0	0	0	0	0	0	0	0	0	0	0	0	0	0	0.00792657488527326	0	0	0	0	0	0	0	0	0	0	0	0	0	0.0252398831873175	0	0	0	0	0	0	0	0	0	0.00458906967042136	0	0	0	0	0	0	0.000417188151856487	0	0	0.01543596161869	0	0	0	0	0	0	0	0	0	0	0	0	0	0.0131414267834793	0.0066750104297038	0	0	0	0	0	0	0	0	0	0	0	0	0	0	0	0	0	0	0	0	0	0	0	0	0	0	0	0	0.0214851898206091	0	0	0	0	0	0	0	0	0	0	0	0	0	0	0.00208594075928244	0.00417188151856487	0	0	0	0	0	0	0.000417188151856487	0	0	0	0	0.00354609929078014	0	0	0	0	0	0	0.00604922820191907	0.0337922403003755	0	0	0	0	0	0	0	0	0.0798915310805173	0	0	0	0	0	0	0	0	0	0	0	0	0	0	0	0	0	0	0	0	0	0	0	0	0	0	0	0	0	0	0	0	0	0	0	0	0	0	0	0	0	0	0	0	0	0	0	0	0	0	0.00604922820191907	0	0	0	0	0	0	0	0	0	0	0	0.0066750104297038	0	0	0.0120984564038381	0	0	0	0	0	0	0.0221109720483938	0	0	0	0	0	0	0	0	0	0	0	0	0	0	0	0	0	0	0	0.000625782227784731	0	0	0	0	0	0.0191906549853984	0	0	0	0	0	0	0	0	0	0	0	0	0.00792657488527326	0	0	0	0	0	0	0	0	0	0	0	0	0	0	0	0	0	0	0.00208594075928244	0.0193992490613267	0	0	0	0	0	0	0	0	0	0	0	0	0	0	0	0	0	0	0	0	0	0	0	0	0	0	0	0	0	0	0	0	0	0	0	0	0	0	0	0	0	0	0	0	0	0	0	0	0	0	0	0	0	0	0	0	0	0	0	0	0	0	0	0	0	0	0	0	0	0	0	0	0	0	0	0	0	0	0	0.00354609929078014	0	0	0	0	0	0	0	0	0	0	0	0	0	0	0	0	0.00730079265748853	0	0	0	0	0	0	0	0	0	0	0	0	0	0	0	0	0	0	0	0	0	0	0	0.00146015853149771	0	0	0	0.0120984564038381	0	0	0.00542344597413433	0	0	0	0	0.00104297037964122	0	0	0	0	0	0	0	0	0	0	0	0	0.111389236545682	0	0	0	0	0	0.00125156445556946	0	0	0	0	0	0	0	0	0	0	0	0	0	0	0	0	0	0	0	0	0	0	0	0	0	0	0	0	0	0	0	0	0	0	0	0	0	0.00104297037964122	0	0	0	0	0	0	0	0	0	0	0.0525657071339174	0	0.0125156445556946	0	0	0	0	0	0	0	0	0	0	0	0	0.00271172298706717	0	0	0	0	0	0	0	0	0	0	0	0	0	0	0	0	0	0	0	0	0	0	0	0	0	0	0	0	0	0	0	0.0548602419691281	0	0	0	0	0	0	0	0	0	0	0	0	0	0	0	0	0	0	0	0	0	0	0	0	0	0	0	0	0	0	0	0	0	0.0137672090112641	0	0	0	0	0	0	0	0	0	0	0	0	0.00125156445556946	0	0	0	0	0.102211097204839	0	0.0047976637463496	0	0	0	0	0	0	0	0	0	0	0	0	0	0	0	0	0	0	0	0	0	0	0	0.0148101793909053	0	0	0	0	0	0	0.00292031706299541	0	0	0	0	0	0	0	0	0	0	0	0	0	0	0.00125156445556946	0	0	0	0	0	0	0	0	0.00417188151856487	0.00584063412599082	0	0	0	0	0	0	0	0	0	0	0	0	0.00187734668335419	0	0	0	0	0	0	0	0.00166875260742595	0	0	0	0	0	0	0	0	0	0	0	0	0	0	0	0	0	0	0	0	0	0	0	0.00792657488527326	0	0	0	0.00604922820191907	0	0	0	0	0	0	0	0.0312891113892365	0	0	0	0	0.10805173133083	0	0	0	0	0.00396328744263663	0	0	0	0	0	0	0	0	0	0	0.0329578639966625	0	0	0	0	0	0	0.000625782227784731	0	0	0	0	0	0	0	0	0	0	0	0	0	0	0	0	0	0	0	0	0	0	0	0	0	0.00292031706299541	0	0	0	0	0	0	0	0.00187734668335419	0	0	0	0	0	0	0	0	0	0	0	0	0	0.000834376303712975	0	0	0
0	0	0	0	0	0	0	0	0	0	0	0	0	0.00347535075299266	0	0	0	0	0	0	0	0	0	0	0	0	0.00733685158965118	0	0	0.0271592225511649	0.00347535075299266	0	0	0	0	0	0	0	0	0	0	0	0	0	0	0	0	0	0	0	0	0	0.0108122023426438	0	0	0	0	0	0.00308920066932681	0	0.00218818380743982	0	0	0	0	0	0	0.019951087656069	0	0	0	0	0.00180203372377397	0	0	0	0	0	0	0	0.0110696357317544	0	0	0	0	0	0	0	0	0	0	0	0	0	0	0	0	0	0	0	0	0	0.00283176728021624	0	0	0	0	0	0	0	0	0	0	0	0	0	0	0	0	0	0	0	0	0	0	0	0	0	0	0	0	0	0	0	0	0.0482687604582314	0	0	0	0	0	0	0	0	0	0	0	0	0	0.0409319088685803	0	0	0	0	0	0	0	0.0047625176985455	0	0.00141588364010812	0	0	0	0	0	0	0	0	0	0.0109409190371991	0	0	0	0	0	0.00102973355644227	0	0	0.00450508430943493	0	0	0	0	0	0	0	0	0	0.0419616424250225	0	0	0	0	0.0032179173638821	0	0	0	0	0.00180203372377397	0	0	0	0	0	0	0	0	0	0	0	0	0	0	0.00682198481143004	0	0	0	0	0	0	0	0	0	0	0	0	0	0	0	0.0032179173638821	0	0	0	0	0	0	0	0	0	0	0	0.00308920066932681	0	0	0	0	0	0	0.00965375209164629	0.0159608701248552	0	0	0.000386150083665851	0	0	0	0	0	0.0337237739734844	0	0	0	0	0	0	0	0	0	0	0	0	0	0.011327069120865	0	0	0	0	0	0	0	0	0	0	0	0	0	0	0.0387437250611404	0	0	0	0	0	0	0	0	0	0	0	0	0	0	0	0	0	0	0	0	0	0.0335950572789291	0	0	0	0	0	0	0	0	0	0	0	0.0401596087012486	0	0	0.0274166559402755	0	0	0	0	0	0	0	0	0	0	0	0	0	0	0	0	0	0	0	0	0	0	0	0	0	0	0	0	0	0.00939631870253572	0	0	0.0131291028446389	0	0	0	0	0	0	0	0	0	0	0.00141588364010812	0	0	0	0	0	0	0	0	0	0	0	0	0	0	0	0	0	0.000901016861886987	0	0	0	0	0	0	0	0	0	0	0	0	0	0	0	0	0	0	0	0	0	0	0	0	0	0	0	0	0	0	0	0	0	0	0	0	0	0	0	0	0	0.00167331702921869	0	0	0	0	0	0	0	0	0.0032179173638821	0	0	0	0	0	0	0	0	0	0	0	0	0.0187926374050714	0	0	0	0	0	0	0	0	0	0	0	0	0	0	0	0	0	0	0	0	0	0	0.00154460033466341	0	0	0	0	0	0	0	0	0	0	0	0	0	0.0204659544342901	0	0	0	0	0	0	0	0	0	0	0	0	0	0	0	0	0	0	0	0	0.00180203372377397	0	0	0	0	0	0	0.00244561719655039	0	0	0	0	0	0	0	0.0993692881966791	0	0	0	0	0	0	0	0	0.00154460033466341	0	0.00643583472776419	0	0	0	0	0	0	0	0	0	0	0	0	0	0	0	0	0	0	0	0	0	0	0	0	0.0110696357317544	0	0	0	0	0	0	0	0	0	0	0	0	0	0	0	0	0.00115845025099755	0	0	0	0	0	0	0	0	0	0	0	0.00205946711288454	0.00308920066932681	0	0.0102973355644227	0	0	0	0	0	0	0	0	0	0	0	0	0	0	0.0108122023426438	0	0	0	0	0	0	0	0	0	0	0	0	0	0	0	0	0	0	0	0	0	0	0	0	0.0079804350624276	0	0	0	0	0	0	0.0272879392457202	0	0	0	0	0.00115845025099755	0	0	0	0	0	0	0	0	0	0	0	0	0	0.0344960741408161	0	0	0	0	0	0	0	0	0	0.00643583472776419	0	0	0	0	0.00862401853520402	0	0	0	0	0	0	0	0.00167331702921869	0	0	0	0	0.000901016861886987	0	0	0	0	0	0	0	0	0	0	0	0	0	0	0	0	0	0	0	0	0	0	0	0.00205946711288454	0	0	0	0	0	0	0.0101686188698674	0.00141588364010812	0	0	0	0	0	0.00386150083665851	0	0	0	0	0	0	0	0	0.00360406744754795	0	0	0	0	0	0	0	0	0	0	0	0	0	0	0	0.00141588364010812	0	0	0	0	0	0	0	0	0	0	0	0	0.00154460033466341	0	0	0	0	0	0	0	0	0	0.00373278414210323	0	0.0507143776547818	0	0	0.00463380100399022	0	0	0	0	0	0	0	0	0	0	0	0	0	0	0	0	0.00785171836787231	0	0	0	0.0110696357317544	0	0	0	0	0.00939631870253572	0	0	0.00926760200798044	0	0	0	0	0.050328227571116	0	0	0	0	0.0032179173638821	0	0	0	0	0	0	0	0.0047625176985455	0	0	0.0266443557729438	0	0	0	0	0	0	0.00115845025099755	0	0	0	0	0	0	0	0	0	0	0	0	0	0	0	0	0	0	0	0	0	0	0	0	0	0.00167331702921869	0	0	0	0	0	0	0	0.00231690050199511	0.00218818380743982	0	0	0	0	0	0.00167331702921869	0	0	0	0	0	0	0	0	0	0
0	0	0	0	0	0	0	0	0	0	0	0	0	0.00694444444444444	0	0	0	0	0	0	0	0	0	0	0	0	0.00113049095607235	0	0	0.021156330749354	0.0599160206718346	0	0	0	0	0	0	0	0	0	0	0	0	0	0	0	0	0	0	0	0	0	0	0	0	0	0	0	0.00597545219638243	0	0	0	0	0	0	0	0	0	0	0	0	0	0	0	0	0	0	0	0	0	0	0	0	0	0	0	0	0.00936692506459948	0	0	0	0	0	0	0	0	0	0	0	0	0	0	0	0	0	0	0	0	0	0	0	0	0	0	0	0	0	0	0	0	0	0	0	0	0	0	0	0	0	0	0	0	0	0	0	0.0040374677002584	0	0	0	0	0	0	0	0	0	0	0	0	0	0	0	0	0	0	0	0.0174418604651163	0.0062984496124031	0	0	0.00759043927648579	0	0	0	0	0	0	0.00306847545219638	0	0	0	0	0	0	0	0	0.00129198966408269	0	0	0	0	0	0	0	0	0	0	0	0	0.00839793281653747	0.00532945736434109	0	0	0	0.00597545219638243	0	0	0	0	0	0	0	0	0	0	0.00532945736434109	0	0	0	0	0	0	0	0	0.0237403100775194	0	0	0	0.00209948320413437	0	0	0	0	0	0	0	0	0	0	0	0	0	0	0	0	0	0	0	0	0	0	0	0.00209948320413437	0	0	0	0	0	0	0.00710594315245478	0.0113049095607235	0	0	0	0	0	0	0	0	0.0457041343669251	0	0.000322997416020672	0	0	0	0	0	0	0	0.00129198966408269	0	0.00322997416020672	0	0	0	0	0	0	0	0	0	0	0	0	0	0	0	0	0	0	0	0	0	0	0	0	0	0	0	0	0	0	0	0	0	0	0	0	0	0	0.0571705426356589	0	0	0	0	0	0	0	0	0	0	0	0.00952842377260982	0	0	0.0200258397932817	0	0	0	0	0	0	0	0	0	0	0	0	0	0	0	0	0	0	0	0	0	0.00258397932816537	0	0	0	0	0	0	0	0	0	0	0.0155038759689922	0	0	0	0	0	0	0	0	0	0	0	0	0	0.00500645994832041	0	0	0.00436046511627907	0	0.00339147286821705	0	0.00322997416020672	0.000161498708010336	0	0	0	0	0	0	0	0	0	0	0.00759043927648579	0	0	0	0	0	0	0	0	0	0	0	0	0	0	0	0	0	0	0	0	0	0	0.00387596899224806	0	0	0	0	0	0	0	0	0	0	0	0.00306847545219638	0	0	0.00161498708010336	0	0	0	0	0	0	0	0	0	0	0	0	0	0	0.00080749354005168	0	0	0	0	0	0	0	0	0	0	0	0	0	0	0	0	0	0	0	0	0	0	0	0	0	0.00322997416020672	0	0	0	0	0	0	0	0	0	0	0	0	0	0	0	0	0.00290697674418605	0.143895348837209	0	0	0	0	0	0	0	0	0	0	0	0	0	0.00290697674418605	0	0	0	0	0	0	0	0	0	0	0	0	0	0	0	0	0	0	0	0	0	0.00645994832041344	0	0	0	0	0	0	0.00193798449612403	0	0	0	0.0439276485788114	0	0.115633074935401	0	0.00355297157622739	0	0	0	0	0	0	0	0	0	0	0	0	0	0	0	0	0	0	0	0	0	0	0	0	0	0	0	0	0	0	0	0	0	0	0	0	0	0	0	0	0	0	0	0	0	0	0	0	0	0.00645994832041344	0	0	0	0	0	0	0	0	0	0	0	0	0	0	0	0	0	0.00791343669250646	0	0	0	0	0	0	0	0	0	0	0	0	0	0	0	0	0	0	0	0	0	0	0	0	0.00306847545219638	0	0	0	0	0	0	0.0145348837209302	0	0	0	0	0	0	0	0	0	0	0	0	0	0	0	0	0	0	0.00742894056847545	0	0	0	0	0	0	0	0	0	0.00242248062015504	0	0	0	0	0.00645994832041344	0	0	0	0	0	0	0	0.00080749354005168	0	0	0	0	0	0	0	0	0	0	0	0	0	0	0	0	0	0	0	0	0	0	0	0	0	0	0	0	0	0	0	0	0	0	0	0.00791343669250646	0.00113049095607235	0	0	0	0	0	0	0	0	0	0	0	0	0	0	0.00145348837209302	0	0	0.0109819121447028	0	0	0	0	0	0	0	0	0	0	0	0	0.00274547803617571	0	0	0	0	0	0	0	0	0	0	0.00161498708010336	0	0.00113049095607235	0	0.00274547803617571	0	0	0	0	0	0	0	0.0487726098191214	0	0.0250322997416021	0	0	0	0	0	0	0	0	0	0	0	0	0	0	0	0	0.00080749354005168	0	0	0	0.000322997416020672	0	0	0.00516795865633075	0	0	0	0	0	0	0	0.0103359173126615	0	0	0	0	0.0789728682170543	0	0	0	0	0	0	0	0	0	0	0	0	0	0	0	0.0188953488372093	0	0	0	0	0	0	0.00436046511627907	0	0	0	0	0	0	0	0	0	0	0	0	0	0	0	0	0	0	0	0	0	0	0	0	0	0	0	0	0	0	0	0	0	0	0	0	0	0	0	0	0	0	0	0	0	0	0	0	0	0	0
0	0	0	0	0	0	0	0	0.00206422018348624	0	0	0	0	0	0	0	0	0	0	0	0	0	0	0	0	0	0	0	0	0.0165137614678899	0.139908256880734	0	0	0	0	0	0	0	0	0	0	0	0	0	0	0	0	0	0	0	0	0	0	0	0	0	0	0	0	0	0	0	0	0	0	0	0	0	0	0	0	0	0	0	0	0	0	0	0	0	0	0	0	0	0	0	0	0.00481651376146789	0	0	0	0	0	0	0	0	0	0	0	0	0	0	0	0	0	0	0	0	0	0	0	0	0	0	0	0	0	0	0	0	0.0268348623853211	0	0	0	0	0	0	0	0	0	0	0	0	0	0	0.0353211009174312	0	0	0	0	0	0	0	0	0	0.000688073394495413	0	0	0	0.0036697247706422	0	0	0	0	0	0.00412844036697248	0.00137614678899083	0	0	0	0	0	0	0	0	0	0	0	0	0.0224770642201835	0	0	0	0	0	0.00344036697247706	0	0	0	0	0	0	0	0	0	0	0	0	0	0	0	0	0	0.00344036697247706	0	0	0	0	0	0	0	0	0	0	0	0	0	0	0	0	0	0	0	0.0185779816513761	0	0	0	0	0	0	0	0	0	0	0	0	0	0	0.00435779816513761	0.00389908256880734	0	0	0	0	0	0	0	0	0	0	0	0	0.0112385321100917	0	0	0	0	0	0.0123853211009174	0.0224770642201835	0	0	0	0	0	0	0	0	0.0685779816513761	0	0	0	0	0	0	0	0	0	0	0	0.00275229357798165	0	0.0463302752293578	0	0	0	0	0	0	0	0	0	0	0	0	0	0	0	0	0	0	0	0	0	0	0	0	0	0.00619266055045872	0	0	0	0	0	0	0	0	0	0	0.00619266055045872	0	0.000688073394495413	0	0	0	0	0	0	0	0	0	0	0	0	0.0245412844036697	0	0	0	0	0	0	0.00917431192660551	0	0	0	0	0	0	0	0	0	0	0	0	0	0	0.00252293577981651	0	0	0	0	0	0	0	0	0	0	0.0238532110091743	0	0	0	0	0	0	0	0	0	0	0	0	0	0	0	0	0.00573394495412844	0	0	0	0	0.00963302752293578	0	0	0	0	0	0	0.0018348623853211	0	0	0	0.043348623853211	0	0	0	0	0	0	0	0	0	0	0	0	0	0	0	0	0	0	0.000688073394495413	0	0	0	0	0	0	0	0	0.00321100917431193	0	0	0	0	0	0	0	0	0	0	0	0	0	0	0	0	0	0	0	0	0	0	0	0	0	0	0	0	0	0	0	0.00481651376146789	0	0	0	0	0	0	0	0	0	0	0	0	0	0	0	0	0	0	0	0	0	0	0	0	0	0	0	0.0135321100917431	0	0	0	0	0	0	0	0	0.00711009174311927	0	0	0	0	0	0	0	0	0	0	0	0	0	0.00642201834862385	0	0	0	0	0	0	0	0	0	0	0	0	0	0.00917431192660551	0	0	0	0	0	0	0	0.00481651376146789	0	0	0	0	0	0	0	0	0	0	0.00688073394495413	0	0.0362385321100917	0	0	0	0	0	0	0	0	0	0	0	0	0	0	0	0	0	0	0.00252293577981651	0	0	0	0	0	0	0	0	0	0	0	0	0	0	0	0	0	0	0	0	0.000688073394495413	0	0	0	0	0	0	0	0	0	0	0	0	0	0	0.0114678899082569	0	0	0	0	0	0	0	0	0	0	0	0	0	0	0.00298165137614679	0	0	0	0.000688073394495413	0	0	0	0	0	0	0	0	0	0	0	0	0	0	0	0	0	0	0	0	0	0	0	0	0	0	0.00137614678899083	0.0564220183486239	0	0	0	0	0	0	0	0	0	0	0	0	0	0	0	0	0	0	0	0	0	0	0	0	0	0.00435779816513761	0	0	0	0	0	0	0	0	0	0	0	0	0	0	0	0.00114678899082569	0	0	0	0	0	0	0	0	0	0.00252293577981651	0	0	0	0	0.00137614678899083	0	0	0	0	0	0	0	0	0	0	0	0	0	0	0	0	0	0	0	0	0.0155963302752294	0	0	0	0	0	0	0.00642201834862385	0	0	0	0	0	0	0	0	0	0	0	0	0	0	0	0	0	0	0	0	0	0	0	0	0.0055045871559633	0	0	0	0	0	0	0	0	0	0	0	0	0.00298165137614679	0	0	0	0	0	0	0	0	0.00206422018348624	0	0	0.00917431192660551	0	0	0	0	0	0	0	0	0	0	0	0	0	0	0	0	0	0	0	0.00917431192660551	0	0	0	0.00871559633027523	0	0	0	0	0	0	0	0.0279816513761468	0	0	0	0	0.0942660550458716	0	0	0	0	0.00481651376146789	0	0	0	0	0	0	0	0	0	0	0.025	0	0	0	0	0	0	0.0018348623853211	0	0	0	0	0	0	0	0	0	0	0	0	0	0	0	0	0	0	0	0	0	0	0	0	0	0.00321100917431193	0	0	0	0	0	0	0	0.00711009174311927	0.00871559633027523	0	0	0	0	0	0	0	0	0	0	0	0	0	0	0	0
0	0	0	0	0	0	0	0	0.00142100503810877	0	0	0	0	0	0	0	0	0	0	0	0	0	0	0	0	0	0	0	0	0.253455625888128	0	0	0	0	0	0	0	0	0	0	0	0	0	0	0	0	0	0.00413383283813461	0	0	0	0	0	0	0	0	0	0	0	0	0	0	0	0	0	0	0	0	0	0	0.000775093657150239	0	0	0	0	0	0	0	0	0	0	0	0	0	0	0	0	0	0	0	0	0	0	0	0	0	0	0	0	0	0	0	0	0	0	0	0	0	0	0	0	0	0	0	0	0	0	0	0	0	0	0	0	0	0	0	0	0	0	0	0	0	0	0	0	0.226585712440253	0	0	0	0	0	0	0	0	0	0	0	0	0	0.00426301511432631	0	0	0	0	0	0	0	0	0	0	0	0	0	0	0	0	0	0	0	0.00310037462860096	0	0	0	0	0	0	0	0	0.0143392326572794	0	0	0	0	0	0.00129182276191707	0	0	0	0	0	0	0	0	0	0	0	0	0	0	0	0	0	0	0	0	0	0	0	0	0	0	0	0	0.0160186022477716	0	0	0	0	0	0	0	0.10373336778194	0	0	0	0	0	0	0	0	0	0	0	0	0	0	0	0	0	0	0	0.00361710373336778	0	0	0	0	0	0	0.0130474098953624	0.0113680403048702	0	0	0	0	0	0	0	0	0.0674331481720708	0	0	0	0	0.00142100503810877	0	0	0	0	0	0	0.00129182276191707	0	0	0	0	0	0	0	0	0	0	0	0	0	0	0	0	0	0	0	0	0	0	0	0	0	0	0	0	0	0	0	0	0	0	0	0	0	0	0	0	0	0	0	0	0	0	0	0	0	0	0.00258364552383413	0	0	0	0	0	0	0	0	0	0	0	0	0	0	0	0	0	0	0	0	0	0	0	0	0	0	0	0	0	0	0	0	0	0	0	0.0273866425526418	0	0	0	0	0	0	0	0	0	0	0	0	0	0	0	0	0	0	0	0	0	0	0	0	0	0	0	0	0.00155018731430048	0	0	0	0	0	0	0	0	0	0	0	0	0	0	0	0	0	0	0	0	0	0	0	0	0	0	0	0	0	0	0	0	0	0	0	0	0	0	0	0	0	0.00116264048572536	0	0	0	0	0	0	0	0	0	0	0	0	0.00955948843818628	0	0	0	0.0135641390001292	0	0	0	0	0	0	0	0	0	0	0	0	0	0	0	0	0	0	0	0	0	0	0	0	0	0	0	0	0	0.0210567110192482	0	0	0	0	0	0.00258364552383413	0	0	0	0	0.00284201007621754	0	0	0	0	0	0	0	0	0	0	0	0	0	0	0	0	0	0	0	0	0	0	0	0	0	0	0	0	0.000645911380958533	0	0	0	0	0	0	0	0.040046505619429	0	0	0	0	0	0	0	0	0	0.00607156698101021	0	0	0.0271282780002584	0	0	0	0	0	0	0	0	0	0	0	0	0	0	0	0	0	0	0	0	0	0	0	0	0	0	0.00490892649528485	0	0	0	0	0	0	0	0	0	0	0	0	0	0	0.014985144038238	0	0	0	0	0	0	0	0	0	0	0	0	0	0	0	0	0	0	0	0	0	0	0	0	0	0	0	0.00620074925720191	0	0	0	0	0	0	0	0	0	0	0	0	0	0	0	0	0	0	0	0	0	0	0	0	0	0	0	0.00542565560005167	0	0	0	0.0222193515049735	0	0	0	0	0	0	0	0	0	0	0	0	0	0	0	0	0	0	0	0.000516729104766826	0	0	0	0	0	0	0	0	0	0	0	0	0	0	0	0	0	0	0	0	0	0	0	0	0	0	0	0	0	0	0	0	0	0	0	0	0	0	0	0	0	0	0	0	0	0	0	0	0	0	0	0	0	0	0	0	0	0	0	0	0	0	0	0	0	0	0	0	0	0	0	0	0	0	0	0	0	0	0	0	0	0	0	0	0	0	0	0	0	0.00219609869525901	0	0	0	0	0	0	0	0	0	0	0	0	0.0019377341428756	0	0	0	0	0	0	0	0	0	0	0	0.0174396072858804	0	0	0.00142100503810877	0	0	0	0	0	0	0	0	0	0	0	0	0	0	0	0	0	0	0	0	0	0	0	0	0	0	0	0	0.00490892649528485	0	0	0	0	0.0178271541144555	0	0	0	0	0	0	0	0	0	0	0	0	0	0	0	0.00413383283813461	0	0	0	0	0	0	0.000258364552383413	0	0	0	0	0	0	0	0	0	0	0	0	0	0	0	0	0	0	0	0	0	0	0	0	0	0.00387546828575119	0	0	0	0.00426301511432631	0	0	0	0.000775093657150239	0.00322955690479266	0	0	0	0	0	0	0	0	0	0	0	0	0	0	0	0
0	0	0	0	0	0	0.00821274931560422	0	0	0	0	0	0	0.00371529135705905	0	0	0	0	0	0	0	0	0	0	0	0	0	0	0.013296832225264	0.0109503324208056	0.00234649980445835	0	0	0	0	0	0	0	0	0	0	0	0	0	0	0	0	0	0	0	0	0	0	0	0	0	0	0	0	0.0168165819319515	0	0	0	0	0	0	0	0	0	0	0	0	0.00215095815408682	0	0	0	0	0	0	0	0	0	0	0	0	0	0	0	0	0	0	0	0	0	0	0	0	0	0	0	0	0	0	0	0	0	0	0	0.00234649980445835	0	0	0	0	0	0.0013687915526007	0	0	0	0	0	0	0	0	0	0	0	0	0	0	0	0	0	0	0	0	0.102072741493938	0	0	0	0	0.000782166601486116	0	0	0	0	0	0	0	0	0.0131012905748925	0	0	0	0	0	0.00430191630817364	0	0	0	0	0	0.00175987485334376	0	0	0	0	0.00391083300743058	0	0.0134923738756355	0.0060617911615174	0	0	0	0	0	0	0	0	0.00625733281188893	0	0	0	0	0	0	0	0	0	0	0	0	0	0	0.00234649980445835	0	0	0	0	0	0	0	0	0	0	0	0	0	0	0	0	0	0	0	0.0177942901838092	0	0	0	0	0	0	0	0.00586624951114587	0.00801720766523269	0	0	0	0	0	0	0.00527962456003129	0	0	0	0.00215095815408682	0	0	0	0	0	0	0	0.0013687915526007	0	0	0	0	0	0	0	0.00879937426671881	0	0	0	0	0	0	0	0	0.0228783730934689	0	0.0793899100508408	0	0	0	0	0	0	0	0	0	0.00312866640594447	0	0.0244427062964411	0	0	0	0	0	0	0	0	0	0	0	0	0.00156433320297223	0	0	0	0	0	0	0	0	0	0	0	0	0	0	0	0	0	0	0	0	0	0	0	0.00664841611263199	0	0	0	0.00645287446226046	0	0	0	0	0	0	0	0.00527962456003129	0	0	0.0129057489245209	0	0	0	0.00195541650371529	0	0	0	0	0	0	0	0	0	0	0	0	0	0	0	0	0	0	0	0	0	0	0	0	0	0	0	0.00645287446226046	0	0	0	0	0.00254204145482988	0.003324208056316	0	0	0	0	0	0	0	0.00449745795854517	0.013687915526007	0	0	0	0	0	0	0	0	0	0	0	0	0	0	0.000977708251857646	0	0	0	0	0	0	0	0	0	0	0	0	0	0	0	0	0	0	0	0	0	0	0.0355885803676183	0	0	0	0	0	0	0	0	0	0	0	0	0	0	0	0	0	0	0	0	0	0	0	0	0	0	0	0	0	0	0	0	0	0	0	0	0	0	0	0	0	0	0	0	0	0	0	0	0	0.00860383261634728	0.00371529135705905	0	0	0	0	0	0	0	0	0	0	0	0	0	0	0	0	0	0.0129057489245209	0	0	0	0	0	0	0	0	0.00351974970668752	0	0	0	0	0	0	0	0	0	0	0	0.00449745795854517	0	0	0	0	0	0	0	0	0.00351974970668752	0	0.000782166601486116	0	0	0.00312866640594447	0	0.00371529135705905	0	0	0	0	0.00919045756746187	0	0.00234649980445835	0	0	0	0	0.00586624951114587	0	0	0	0	0	0	0.00645287446226046	0	0.0168165819319515	0	0	0	0	0	0	0	0	0	0	0	0	0	0	0	0	0	0	0	0	0	0	0	0	0	0	0	0.00312866640594447	0	0	0	0	0	0	0	0	0	0	0	0	0	0.0488854125928823	0	0	0.00527962456003129	0	0	0.00840829096597575	0	0	0	0	0	0.0109503324208056	0	0	0.00273758310520141	0	0	0	0	0	0	0	0	0	0	0	0	0	0	0.00293312475557294	0	0	0	0	0	0	0	0	0	0	0	0	0	0	0	0	0	0	0	0	0	0	0	0	0	0.0148611654282362	0	0	0.00351974970668752	0.0330465389127884	0	0	0	0	0	0	0	0	0	0	0	0	0	0	0	0	0	0	0	0	0	0	0	0	0	0	0	0	0	0	0	0	0	0	0	0	0	0	0	0	0	0	0	0	0	0	0	0	0	0	0	0	0	0	0	0	0	0.000782166601486116	0	0	0	0	0	0.00723504106374658	0	0	0	0	0	0	0	0	0	0	0	0	0	0.0060617911615174	0.00293312475557294	0	0	0	0	0	0.0342197888150176	0	0	0	0	0	0	0	0	0	0	0	0	0	0	0	0	0	0	0	0	0	0	0	0	0	0	0	0	0	0	0	0	0	0	0	0.00215095815408682	0	0.0101681658193195	0	0	0	0	0	0	0.00801720766523269	0	0	0	0	0.00879937426671881	0	0	0.000977708251857646	0	0	0	0	0	0	0	0	0	0	0	0	0	0	0	0	0	0	0	0	0.00391083300743058	0	0	0	0	0.053578412201799	0	0	0.017012123582323	0	0	0	0	0.0258114978490418	0	0	0	0	0.010363707469691	0	0	0	0.023269456394212	0	0	0.000977708251857646	0	0	0	0.0254204145482988	0	0	0	0	0	0	0	0	0	0	0	0	0.00117324990222917	0	0	0	0	0	0	0	0	0	0	0	0	0	0	0	0	0	0	0.00351974970668752	0.003324208056316	0	0	0.0219006648416113	0.0046929996089167	0	0	0	0.00449745795854517	0.00410637465780211	0	0	0	0	0	0	0	0	0	0	0	0	0	0	0	0
0	0	0	0	0	0	0	0	0.000318979266347687	0	0	0	0	0	0	0	0	0	0	0	0	0	0.00781499202551834	0	0	0	0.0192982456140351	0	0.00207336523125997	0	0.00398724082934609	0	0	0	0	0	0	0	0	0	0	0	0	0	0	0	0	0.0159489633173844	0	0	0	0	0.0271132376395534	0	0	0	0	0	0.00414673046251994	0	0	0	0	0	0	0	0	0	0	0	0	0	0.00334928229665072	0	0	0	0	0	0	0	0.00781499202551834	0	0	0	0	0	0	0	0	0	0	0	0	0	0	0	0	0	0	0	0	0	0	0	0	0	0	0	0	0	0	0	0.00893141945773525	0	0	0	0	0	0	0	0	0	0	0	0	0	0	0	0	0	0	0	0	0	0	0.0524720893141946	0	0	0	0	0	0	0	0	0	0	0	0	0	0.00542264752791069	0	0	0	0	0	0.00111642743221691	0	0	0	0	0	0	0	0	0	0	0	0	0	0	0	0	0	0	0	0	0	0	0	0	0	0	0	0	0.0124401913875598	0	0	0	0.00717703349282297	0	0	0	0	0.00542264752791069	0	0	0	0	0	0	0	0	0	0	0	0	0	0	0	0	0.000797448165869219	0	0	0.0290271132376396	0	0	0	0	0	0	0	0	0	0	0	0	0	0	0	0.00143540669856459	0	0	0	0	0	0	0	0	0	0	0	0.00271132376395534	0	0	0	0	0	0	0.0105263157894737	0.0312599681020734	0	0	0	0	0	0	0	0	0.0688995215311005	0	0	0	0	0	0	0	0	0	0	0	0	0	0	0	0	0	0	0	0	0	0	0	0.000318979266347687	0	0	0	0	0.0242424242424242	0	0	0	0	0	0	0	0	0	0	0	0	0	0	0	0	0	0	0	0	0	0	0	0	0	0	0	0	0	0	0	0	0	0.00637958532695375	0	0	0.0486443381180223	0	0	0	0	0.000956937799043062	0	0.00526315789473684	0	0	0	0	0	0	0	0	0	0	0	0	0	0	0	0	0	0	0	0	0	0	0	0	0	0.00925039872408293	0	0	0	0	0.00127591706539075	0	0	0	0	0	0	0	0.0111642743221691	0	0.000318979266347687	0	0	0	0	0	0	0.0141945773524721	0	0	0	0	0	0	0	0	0	0	0.00366826156299841	0	0	0	0	0	0	0	0	0	0	0	0	0	0	0	0	0	0	0	0	0	0	0	0	0	0	0	0	0	0	0	0	0	0	0	0	0	0	0	0	0	0	0	0	0	0	0	0	0	0	0	0	0	0	0	0	0	0	0	0	0	0	0	0	0	0	0	0	0	0	0	0	0	0	0	0	0	0	0	0	0	0	0	0	0	0	0	0.020414673046252	0	0	0	0	0	0	0	0	0	0	0	0	0	0	0	0	0	0	0	0	0	0	0.0637958532695375	0	0	0	0	0	0	0	0	0	0	0	0.0220095693779904	0	0	0	0	0	0	0	0	0.000956937799043062	0.010207336523126	0	0	0	0	0	0	0	0	0	0	0.00558213716108453	0	0.00861244019138756	0	0	0	0	0	0	0.00271132376395534	0	0	0	0	0	0	0	0	0	0	0	0	0	0	0	0.00606060606060606	0	0	0	0	0	0	0	0	0	0	0	0	0	0	0	0	0	0	0	0	0	0	0	0	0	0	0	0	0	0	0.00574162679425837	0.0692185007974482	0	0.00207336523125997	0	0	0	0	0	0	0	0	0	0	0	0	0	0	0	0	0	0	0	0	0	0	0	0	0	0.000956937799043062	0	0	0	0	0	0	0	0	0	0	0	0	0	0	0.00127591706539075	0	0	0	0.084688995215311	0	0	0	0	0	0	0	0	0	0	0	0	0	0	0	0	0	0	0	0	0	0	0	0	0	0	0	0	0.00143540669856459	0	0	0	0	0	0	0	0	0	0	0	0	0	0	0.00590111642743222	0	0	0	0	0	0	0	0	0	0	0	0	0	0	0	0	0	0	0.00239234449760766	0	0	0	0	0	0	0	0.00271132376395534	0	0	0	0	0	0	0.00988835725677831	0.00175438596491228	0	0	0	0	0	0	0	0	0	0	0	0	0	0	0	0	0	0.00350877192982456	0	0	0	0	0	0	0	0	0	0	0	0	0.00239234449760766	0	0	0	0	0	0	0	0	0	0	0	0	0	0	0	0	0	0	0	0	0	0	0	0	0.00845295055821372	0	0	0.00526315789473684	0	0	0	0	0	0	0	0	0	0	0	0	0	0	0	0	0	0	0	0	0.00829346092503987	0	0	0	0	0	0	0	0.00717703349282297	0	0	0.0105263157894737	0	0.119776714513557	0	0.00350877192982456	0	0	0.00414673046251994	0	0	0	0	0	0	0	0	0	0	0.0362041467304625	0	0	0	0	0	0	0	0	0	0	0	0	0	0	0	0	0.000956937799043062	0	0	0	0	0	0	0	0	0	0	0	0	0	0	0	0	0	0	0	0	0	0	0	0.00382775119617225	0.00239234449760766	0	0	0	0	0	0	0	0	0	0	0	0	0	0	0	0
0	0	0	0	0	0.00651465798045603	0	0	0.00504885993485342	0	0	0	0	0	0	0	0	0	0	0	0	0	0	0	0.000814332247557003	0	0.00423452768729642	0	0	0.00309446254071661	0.00423452768729642	0	0	0	0	0	0	0	0	0	0	0	0	0	0	0	0	0.00423452768729642	0	0	0	0	0.00977198697068404	0	0	0	0	0	0	0	0	0	0	0	0	0	0	0	0	0	0	0	0	0	0	0	0	0	0	0	0	0	0	0	0	0	0	0	0	0	0	0	0	0	0	0.00146579804560261	0	0	0	0	0	0	0.00960912052117264	0.00553745928338762	0	0	0	0	0	0	0	0	0	0	0	0	0	0	0	0	0	0	0	0	0	0	0	0	0	0	0	0	0	0	0	0.116123778501629	0	0	0	0	0	0	0	0	0	0	0	0	0	0.0169381107491857	0	0	0	0	0	0	0	0	0	0	0	0	0	0	0	0	0	0	0.00993485342019544	0.0104234527687296	0	0	0	0	0.00146579804560261	0	0	0	0.0110749185667752	0	0	0	0	0	0	0	0	0	0	0	0	0	0	0.0011400651465798	0	0	0	0.00651465798045603	0	0	0	0	0	0	0	0	0	0	0	0	0	0	0	0.00586319218241042	0	0	0	0	0	0	0	0	0	0	0	0	0	0	0	0	0	0	0	0	0	0	0	0	0	0	0	0.000814332247557003	0	0	0	0	0	0	0.00667752442996743	0.010586319218241	0	0	0	0	0	0	0	0	0.00651465798045603	0	0	0	0.00423452768729642	0	0	0	0	0	0	0	0	0	0	0	0	0	0	0	0	0	0	0	0	0	0	0.00195439739413681	0	0	0	0	0	0	0	0	0	0	0	0	0	0	0	0	0	0	0	0	0	0	0	0.0291530944625407	0	0	0	0	0	0	0	0	0	0	0	0.00879478827361563	0	0	0	0	0	0	0	0	0	0	0	0	0	0	0	0	0	0	0	0	0	0	0	0	0	0	0.00586319218241042	0	0	0	0	0	0.0128664495114007	0	0	0.00863192182410424	0	0	0	0.00293159609120521	0.00162866449511401	0	0	0	0	0	0	0	0	0.00504885993485342	0	0	0	0	0	0	0	0	0	0	0	0	0	0	0	0	0	0	0	0	0	0	0	0	0	0	0.00162866449511401	0	0	0	0	0	0	0	0	0	0	0	0	0	0	0	0	0	0	0	0	0	0	0	0	0	0	0	0	0	0.00472312703583062	0	0.00960912052117264	0	0	0	0	0	0	0	0	0	0	0	0	0	0	0	0	0	0	0	0	0	0	0	0	0	0	0	0	0	0	0	0	0	0	0	0	0	0	0	0	0	0.000488599348534202	0	0	0	0	0	0	0	0	0	0	0	0	0	0	0	0	0	0	0	0	0	0	0	0	0	0	0	0	0.00504885993485342	0	0	0	0	0	0	0.00602605863192182	0	0	0	0	0	0	0.0120521172638436	0	0	0.00781758957654723	0	0	0	0.00472312703583062	0.000488599348534202	0	0	0	0.00309446254071661	0	0	0	0	0	0	0	0	0.0206840390879479	0	0	0	0	0	0	0	0	0	0	0	0	0	0	0	0	0	0	0.00244299674267101	0	0	0	0	0	0	0	0.0104234527687296	0	0	0	0	0	0	0	0	0	0	0	0	0	0	0.0213355048859935	0	0.00700325732899023	0	0	0	0	0	0	0	0	0	0.00586319218241042	0.0140065146579805	0	0.00651465798045603	0	0	0	0	0	0	0	0	0	0	0	0	0	0	0	0	0	0	0	0	0	0	0	0	0	0	0	0	0	0	0	0	0	0	0	0	0	0.00325732899022801	0	0	0.00358306188925081	0	0	0	0.0203583061889251	0	0	0	0	0	0	0	0	0	0	0	0	0	0	0	0	0	0	0	0.0817589576547231	0	0	0	0	0	0	0	0	0	0	0	0	0	0	0	0	0	0	0	0	0	0.0011400651465798	0	0	0	0	0.165960912052117	0	0	0	0	0	0	0	0	0	0	0	0	0	0	0	0	0	0	0	0	0	0	0	0	0	0	0	0	0	0	0.000977198697068404	0	0	0	0	0	0	0.0781758957654723	0	0	0	0	0	0	0	0	0	0	0	0	0	0	0	0	0.00342019543973941	0	0	0	0	0	0	0	0	0	0	0	0	0	0	0	0	0	0	0	0	0.00439739413680782	0	0	0	0	0	0	0.0100977198697068	0	0.000651465798045603	0.00912052117263844	0	0	0	0	0.010586319218241	0	0	0	0	0	0	0	0	0	0	0	0	0	0	0	0	0	0	0	0	0	0	0	0	0	0	0	0	0	0	0	0	0	0.0260586319218241	0	0	0	0	0	0	0	0	0	0	0	0	0	0	0	0.0128664495114007	0	0	0	0	0	0	0	0	0	0	0	0	0	0	0	0	0	0	0	0	0	0	0	0	0	0	0	0	0	0	0	0	0	0	0	0	0.00293159609120521	0	0.00846905537459283	0	0.00358306188925081	0.00602605863192182	0	0	0	0	0	0	0	0	0	0	0	0	0	0	0.0628664495114006	0
0	0	0	0	0	0	0	0	0.00463499420625724	0	0	0	0	0	0	0	0	0	0	0	0	0	0	0	0	0	0	0	0	0.025260718424102	0.00162224797219003	0	0	0	0	0	0	0	0	0	0	0	0	0	0	0	0	0	0	0	0	0	0.00787949015063731	0	0	0	0	0	0	0	0	0	0	0	0	0	0	0.00811123986095017	0	0	0	0	0.0111239860950174	0	0	0	0	0	0	0	0	0	0	0	0	0	0	0	0	0	0	0	0	0	0	0	0	0	0	0	0	0	0	0	0	0.00278099652375435	0	0	0	0	0	0	0	0	0	0	0	0	0	0	0	0	0	0	0	0	0	0	0	0	0	0	0	0	0	0.00208574739281576	0	0	0	0	0	0	0	0	0	0	0	0	0	0.021784472769409	0	0	0	0	0	0	0	0	0	0	0	0	0	0	0	0	0	0	0	0.025260718424102	0	0.00463499420625724	0	0	0	0	0	0	0	0	0	0	0	0	0	0	0	0	0.0456546929316338	0	0	0	0	0	0	0	0	0	0	0	0	0	0	0	0	0	0	0	0	0	0	0	0.0199304750869061	0.020162224797219	0	0	0	0	0	0	0	0	0	0	0	0	0	0	0	0.00417149478563152	0	0	0.00741599073001159	0	0	0	0	0	0	0	0	0.00278099652375435	0	0	0	0	0	0	0.0122827346465817	0.0294322132097335	0	0	0	0	0	0	0	0	0.0342989571263036	0	0	0	0	0	0	0	0	0	0	0	0.00231749710312862	0	0	0	0	0	0	0	0	0	0	0	0	0	0	0	0	0	0	0	0	0	0	0	0	0	0	0	0.00162224797219003	0	0	0	0	0	0	0	0	0	0	0.0271147161066049	0	0	0	0	0	0	0	0	0	0	0	0.00463499420625724	0	0	0.0048667439165701	0	0	0	0	0	0	0.0273464658169177	0	0	0	0	0	0	0	0	0	0	0	0	0	0	0	0	0	0	0	0	0	0	0	0	0	0.0259559675550406	0	0	0	0	0	0	0	0	0	0	0	0	0	0	0	0	0	0.00139049826187717	0	0	0	0	0	0	0	0	0	0	0	0	0	0	0.00718424101969873	0	0	0	0	0.000695249130938586	0	0	0	0	0	0	0	0	0	0	0	0	0	0	0	0	0	0	0	0	0	0	0	0	0	0	0	0	0	0	0	0	0.00162224797219003	0	0	0	0	0	0	0	0	0	0	0	0	0	0	0	0	0.00718424101969873	0	0	0	0	0	0	0	0	0	0	0	0	0	0	0	0	0	0	0	0	0	0	0	0	0	0	0	0	0	0	0	0	0	0.00811123986095017	0	0	0	0	0	0	0	0	0	0	0	0	0	0	0	0	0	0	0	0	0	0.0231749710312862	0	0	0	0	0	0	0	0	0	0	0	0	0	0	0	0	0	0	0	0	0	0.0173812282734647	0	0	0	0	0	0	0	0	0	0	0.0215527230590962	0	0.129779837775203	0	0	0	0	0	0	0	0	0	0	0	0	0	0	0	0	0	0	0	0	0	0	0.00950173812282735	0	0.000463499420625724	0	0	0	0	0	0	0	0	0	0	0	0	0	0	0	0.0155272305909618	0	0	0.006720741599073	0	0	0	0	0	0	0	0	0	0	0	0	0	0	0	0	0	0	0.000463499420625724	0	0	0	0	0	0	0	0	0	0	0	0	0	0	0	0	0	0	0	0	0	0	0	0	0	0	0	0	0	0	0	0	0	0	0	0	0	0	0.175202780996524	0	0	0	0	0	0	0	0	0	0	0	0	0	0	0	0	0	0	0	0	0	0	0	0	0	0	0	0	0	0	0	0	0	0.00811123986095017	0	0	0	0	0	0	0	0.000695249130938586	0	0	0	0	0	0	0	0	0	0	0	0	0	0	0	0	0	0	0	0	0	0	0	0	0	0	0	0	0	0	0	0	0	0	0	0.0224797219003476	0	0	0	0	0	0	0	0	0	0	0	0	0	0	0	0.00278099652375435	0	0	0	0	0	0	0	0.00231749710312862	0	0	0	0	0	0	0	0.00139049826187717	0	0	0	0	0	0	0	0	0	0	0	0	0	0	0	0	0	0	0	0.00903823870220162	0	0	0.00440324449594438	0	0	0	0	0.00115874855156431	0	0	0	0	0	0	0	0	0	0	0	0	0	0	0	0	0	0	0	0	0.00463499420625724	0	0	0	0	0	0	0	0.00880648899188876	0	0	0	0	0.0363847045191193	0	0	0	0	0	0	0	0	0	0	0	0	0	0	0	0.0767091541135574	0	0	0	0	0	0	0.00278099652375435	0	0	0	0	0	0	0	0	0	0	0.00254924681344148	0	0	0	0	0	0	0	0	0	0	0	0	0	0	0	0	0	0	0	0	0	0	0	0.00463499420625724	0	0	0	0	0	0	0	0	0	0	0	0	0	0	0	0
0	0	0	0	0	0	0	0	0	0	0	0	0	0.00215222070045001	0	0	0	0	0	0	0	0	0	0	0	0	0	0	0	0.0203482684406183	0.00254353355507728	0	0	0	0	0	0	0	0	0	0	0	0	0	0	0	0	0	0	0	0	0	0	0	0	0	0	0	0	0	0	0	0	0	0	0	0	0	0	0	0	0	0.00489141068284093	0	0	0	0	0	0	0	0.00371747211895911	0	0	0	0	0	0	0.00293484640970456	0	0	0	0	0	0	0	0	0	0.00176090784582274	0	0	0	0	0	0	0	0	0	0	0.00430444140090002	0	0	0	0	0	0	0	0	0	0	0	0	0	0	0	0	0	0	0	0	0	0	0	0	0	0	0.186851888084524	0	0	0	0	0	0	0	0	0	0.000391312854627274	0	0	0	0.00978282136568186	0	0	0	0	0	0.00782625709254549	0	0.0125220113480728	0	0	0	0	0	0	0	0	0	0	0	0.00821756994717276	0	0	0	0	0	0	0	0	0.011348072784191	0	0	0	0	0	0	0.00410878497358638	0	0	0	0	0	0	0	0.00293484640970456	0	0	0	0	0.0101741342203091	0	0	0	0	0	0	0	0	0	0	0	0	0	0	0.0315006847974956	0	0	0	0	0	0	0	0	0	0	0	0	0	0	0	0.00410878497358638	0	0	0	0	0	0	0	0	0	0	0	0.00391312854627275	0	0	0	0	0	0	0.013500293484641	0.0211308941498728	0	0	0	0	0	0	0	0	0.0545881432205048	0	0	0	0	0	0	0	0	0	0	0.00136959499119546	0	0	0.011348072784191	0	0	0	0	0	0	0	0	0	0	0	0	0	0	0	0	0	0	0	0	0	0	0.00704363138329094	0	0	0	0	0	0	0	0	0	0	0	0	0	0.00802191351985913	0	0	0	0	0	0	0	0	0	0	0	0.00469575425552729	0	0	0.0281745255331638	0	0	0	0	0	0	0	0	0	0	0	0	0	0	0	0	0	0	0	0	0	0	0	0	0	0	0	0	0	0.00880453922911368	0	0	0.0273918998239092	0	0	0	0.00136959499119546	0	0	0	0	0	0	0	0	0	0	0	0	0	0	0	0	0	0	0	0	0	0	0	0	0	0	0	0	0	0	0	0	0	0	0	0	0	0	0	0	0	0	0	0	0	0	0	0	0	0	0	0	0	0	0	0	0	0	0	0	0	0	0	0	0	0	0	0	0.00743494423791822	0	0	0	0	0	0	0	0	0	0	0	0	0	0	0	0	0	0	0	0.00391312854627275	0	0	0	0	0	0	0	0	0.00254353355507728	0	0	0	0	0.000391312854627274	0	0	0	0	0	0	0	0.000782625709254549	0	0	0	0	0	0	0	0	0	0	0	0	0	0	0.00939150851105459	0	0	0	0	0	0	0	0	0	0	0	0	0	0.0109567599295637	0	0	0	0	0	0	0	0	0	0	0	0	0	0.00978282136568186	0	0	0	0	0	0	0	0	0	0	0	0	0	0	0	0	0	0	0.00489141068284093	0	0.0197612991586774	0	0	0	0	0	0	0	0	0	0	0.00626100567403639	0	0	0	0	0	0	0	0	0	0	0	0.00547837996478184	0	0	0	0	0	0	0	0	0	0	0	0	0	0	0	0	0	0.00215222070045001	0.00958716493836823	0	0	0	0	0	0	0	0	0	0.00860888280180004	0	0	0.00919585208374095	0	0	0	0	0	0.0015652514185091	0	0	0	0	0	0	0	0	0	0	0	0	0	0	0	0	0	0	0	0	0	0	0	0	0	0	0	0	0	0	0	0	0	0.00782625709254549	0	0	0	0	0	0	0.0858931715906868	0	0	0	0	0	0	0	0	0.00723928781060458	0	0	0	0	0	0	0	0	0	0	0.000978282136568186	0	0	0	0	0	0	0	0	0	0	0	0	0	0.0031305028370182	0	0	0	0	0	0	0	0	0	0	0	0	0.0131089806300137	0	0	0	0	0	0	0	0	0	0	0	0	0	0	0	0	0	0	0	0	0	0	0	0	0	0	0	0	0	0	0.0115437292115046	0	0	0.000391312854627274	0	0	0	0	0	0	0	0	0	0	0	0	0.00136959499119546	0	0	0	0	0	0	0	0	0	0	0.00195656427313637	0	0	0	0	0.00410878497358638	0	0	0	0	0	0	0	0	0	0	0	0	0.00371747211895911	0	0.00371747211895911	0	0	0	0	0	0	0	0.00645666210135003	0	0.0084132263744864	0	0	0	0	0	0	0	0	0	0	0	0	0	0	0	0	0	0	0	0.00352181569164547	0	0	0.000391312854627274	0.00665231852866367	0	0	0	0	0	0	0	0.0234787712776365	0	0.00606534924672275	0	0	0.102915280766973	0	0	0	0	0.00273918998239092	0	0	0	0	0	0	0	0	0	0	0.0522402660927411	0	0	0	0	0	0	0	0	0	0	0	0	0	0	0	0	0	0	0	0	0	0	0	0	0	0	0	0	0.000391312854627274	0	0	0	0.00293484640970456	0	0	0	0	0	0	0	0.00176090784582274	0	0	0	0	0	0	0	0	0	0	0.000586969281940912	0	0	0	0	0	0
0	0	0	0	0	0	0	0	0.00146377165162235	0	0	0	0	0.0192729934130276	0	0	0	0	0	0	0	0	0	0	0	0	0.000975847767748231	0	0	0.00756282020004879	0.00243961941937058	0	0	0	0	0	0	0	0	0	0	0	0	0	0	0	0	0	0	0	0.00414735301292998	0	0.00341546718711881	0	0	0	0	0	0.00609904854842645	0	0	0	0	0	0	0	0	0	0	0	0	0	0.0104903635032935	0	0	0	0	0	0.000487923883874116	0	0	0	0	0	0	0	0	0	0	0	0	0	0	0	0	0	0	0.00121980970968529	0	0	0	0	0	0	0	0	0	0	0	0	0	0	0	0	0	0	0	0	0	0	0	0	0	0	0	0	0	0	0	0	0	0	0	0	0	0.0719687728714321	0	0	0	0	0	0	0	0	0	0	0	0	0	0.0605025616003903	0	0	0	0	0	0.00219565747743352	0	0	0	0	0	0	0	0	0	0	0	0	0	0	0	0	0	0	0	0	0	0	0	0	0	0	0	0	0.0309831666260063	0	0	0	0	0	0	0	0	0	0	0	0	0	0	0	0	0	0	0	0	0	0	0	0	0	0	0	0	0.0434252256647963	0	0	0	0	0	0	0	0	0	0	0	0	0	0	0	0	0	0	0	0	0	0	0	0	0	0	0	0.00707489631617468	0	0	0	0	0	0	0.0678214198585021	0.0226884606001464	0	0	0	0	0	0	0	0	0.0234203464259576	0	0	0	0	0	0	0	0	0	0	0	0	0	0.00390339107099293	0	0	0	0	0	0	0	0	0	0	0	0	0	0	0	0	0	0	0	0	0	0	0	0	0	0	0	0	0	0	0	0	0	0	0	0	0	0	0	0	0	0	0	0	0	0	0	0	0.00561112466455233	0	0	0.0273237374969505	0	0	0	0	0	0	0	0	0	0	0	0	0	0	0	0	0	0	0	0	0	0	0	0	0	0	0	0	0	0	0	0	0.0314710905098805	0	0	0	0	0	0	0	0	0	0	0	0	0.0134179068065382	0	0	0	0.0046352768968041	0	0	0	0	0	0	0	0	0	0	0	0	0	0	0	0	0	0	0	0	0	0	0	0	0	0	0	0	0	0	0	0	0	0	0	0	0	0	0	0	0	0	0	0	0	0	0	0	0	0	0	0	0	0.00219565747743352	0	0	0	0	0	0	0	0	0	0	0	0	0	0	0	0	0	0	0	0	0	0	0	0	0	0	0	0	0	0	0.0473286167357892	0	0	0	0	0	0	0	0	0	0	0	0	0	0.00365942912905587	0	0	0	0	0	0	0	0	0	0	0	0	0	0	0	0	0	0	0	0	0	0	0	0	0	0	0	0	0	0	0	0	0	0	0	0	0	0	0	0	0	0	0	0	0	0	0	0	0	0.00585508660648939	0	0	0	0.00390339107099293	0	0	0	0	0	0	0	0	0	0	0	0	0	0	0	0	0	0	0	0.0141497926323494	0	0	0	0	0	0	0	0	0	0	0	0	0	0	0	0	0	0	0	0	0	0	0	0	0	0	0	0	0.00219565747743352	0	0	0	0	0	0	0	0	0	0	0	0	0	0.0046352768968041	0.0131739448646011	0	0	0	0	0	0	0	0	0	0	0	0	0	0	0.0141497926323494	0	0	0	0	0	0	0	0	0	0	0	0	0	0	0	0	0	0	0	0	0	0	0	0	0	0	0	0	0	0	0	0.0827030983166626	0	0	0	0	0	0	0	0	0.0487923883874116	0	0	0.00317150524518175	0	0	0	0	0	0	0	0	0	0	0	0	0	0	0	0	0	0	0	0	0	0	0	0	0	0	0	0	0	0	0	0	0	0	0.000487923883874116	0	0	0	0	0	0	0	0	0	0	0	0	0	0	0	0	0	0	0	0	0	0	0	0	0	0	0	0	0	0	0	0	0	0	0	0	0	0	0	0	0	0	0	0	0	0	0.00243961941937058	0	0	0	0	0	0	0	0	0	0	0	0	0	0	0.0182971456452793	0	0	0	0	0	0	0	0	0	0	0	0	0	0	0	0	0	0	0	0	0	0	0	0	0	0	0	0	0	0	0	0	0	0	0	0	0	0	0	0	0	0	0	0	0	0	0	0	0	0.00585508660648939	0	0	0	0	0	0	0	0	0	0	0	0	0.109782873871676	0	0.0241522322517687	0	0	0	0	0	0	0	0	0	0	0	0	0	0.110514759697487	0	0	0	0	0	0	0.00268358136130764	0	0	0	0	0	0	0	0	0	0	0	0	0	0	0	0	0	0	0	0	0	0	0	0	0	0	0	0	0	0	0	0	0	0	0.00585508660648939	0	0	0	0	0	0	0	0	0	0	0	0	0	0	0	0
0	0	0	0	0	0	0	0	0.00168309689829286	0	0	0	0	0	0	0	0	0	0	0	0	0	0	0	0	0	0	0	0	0.0264486655446021	0.0045684058667949	0	0	0	0	0	0	0	0	0	0	0	0	0	0	0	0	0	0	0	0	0	0.0156287569127194	0	0	0	0	0	0	0	0	0	0	0	0	0	0	0	0	0	0	0	0	0	0	0	0	0	0	0	0.0204376051935561	0	0	0	0	0	0	0	0	0	0	0	0	0	0	0	0	0	0	0	0	0	0	0	0	0	0	0	0	0	0	0	0	0	0	0	0	0	0	0	0.00408752103871123	0	0	0	0	0	0	0	0	0	0	0	0	0	0	0.00288530896850204	0	0	0	0	0	0	0	0	0	0	0	0	0	0.0329406107237317	0	0	0	0	0	0.00432796345275307	0.00480884828083674	0	0	0	0	0	0	0	0	0	0	0	0	0.0476075979802837	0	0.00865592690550613	0	0	0	0.00264486655446021	0	0	0	0	0	0	0	0	0	0	0	0	0.00240442414041837	0	0	0	0	0.0064919451791296	0	0	0	0	0.0113007934599663	0	0	0	0	0	0	0	0	0	0	0	0	0	0	0.0201971627795143	0	0	0	0.00240442414041837	0	0	0	0	0	0	0	0	0	0	0	0.0019235393123347	0	0	0	0	0	0	0	0	0	0	0	0	0	0	0	0	0	0	0.0401538831449868	0.0257273383024766	0	0	0	0	0	0.00528973310892041	0	0	0.0375090165905266	0	0	0	0	0	0	0	0	0	0.00144265448425102	0	0	0	0	0	0	0	0	0	0	0	0	0	0	0	0	0.00745371483529695	0	0	0	0	0	0	0	0	0	0	0	0	0.00384707862466939	0	0	0	0	0	0	0	0	0.00240442414041837	0	0	0	0	0	0	0	0	0	0	0	0	0	0.0173118538110123	0	0	0.00913681173358981	0	0	0	0	0	0	0.0613128155806684	0	0	0	0	0	0	0	0	0	0	0	0	0	0	0	0	0	0	0	0	0	0	0.0288530896850204	0	0	0.0288530896850204	0	0	0	0	0	0	0	0	0	0	0	0	0.010339023803799	0	0	0	0	0	0	0	0	0.000961769656167348	0	0	0	0	0	0	0	0	0	0	0.00793459966338062	0	0	0	0	0	0	0	0	0	0	0	0	0	0	0	0	0	0	0	0	0	0	0	0	0	0	0	0	0	0	0	0	0	0	0.00793459966338062	0	0	0.00360663621062755	0	0	0	0	0	0	0	0	0	0	0	0	0	0	0	0	0	0	0	0	0	0.00937725414763164	0	0	0	0	0	0	0	0	0	0	0	0	0	0	0	0	0	0	0	0	0	0	0	0	0	0	0	0	0	0	0	0	0	0	0	0	0.0269295503726857	0	0	0	0	0	0	0	0	0	0	0	0	0	0.0276508776148113	0	0	0	0	0	0	0	0	0	0	0	0	0	0.00264486655446021	0	0	0	0	0	0	0	0.00264486655446021	0	0	0	0.00504929069487858	0	0	0	0	0	0	0.0240442414041837	0	0	0	0	0	0	0	0	0	0	0	0	0	0	0	0	0	0	0	0	0	0	0	0	0	0	0	0	0	0	0	0	0	0	0	0	0	0	0	0	0	0.00144265448425102	0	0	0	0.0113007934599663	0	0	0	0	0	0	0	0	0	0	0	0	0	0	0	0	0	0	0	0	0	0	0	0	0	0.0141861024284684	0	0	0	0	0	0	0	0	0	0	0	0	0	0	0	0	0	0	0	0	0	0	0	0	0	0	0	0	0	0	0	0.0430391921134888	0	0	0	0	0	0	0	0	0	0	0	0	0	0	0	0	0	0	0.00769415724933878	0.010339023803799	0	0	0	0	0	0	0	0	0	0	0	0	0	0.00745371483529695	0	0	0	0	0	0	0	0.00264486655446021	0	0	0	0	0.00120221207020918	0	0	0	0	0	0	0.00697283000721327	0	0	0	0	0	0	0	0	0	0	0	0	0	0	0	0	0	0	0	0	0	0	0	0.0108199086318827	0	0	0	0	0	0	0.00504929069487858	0	0	0	0	0	0	0	0	0.00480884828083674	0	0	0	0	0	0	0	0	0	0	0	0	0	0	0	0.00288530896850204	0	0	0	0	0	0	0	0	0	0	0	0	0	0	0	0	0	0	0	0	0	0	0	0	0.0173118538110123	0	0	0.00601106035104592	0	0	0	0	0	0	0	0	0	0	0	0	0	0	0	0	0.00528973310892041	0	0	0	0.0163500841548449	0	0	0	0.000480884828083674	0	0	0	0.0134647751863429	0	0	0	0	0.125270497715797	0	0	0.00144265448425102	0	0	0	0	0	0	0	0.00961769656167348	0	0	0	0	0.0473671555662419	0	0	0	0	0	0	0.00240442414041837	0	0	0	0	0	0	0	0	0	0	0	0	0	0	0	0	0	0	0	0	0	0	0	0	0	0.00528973310892041	0	0	0	0	0	0	0	0	0	0	0	0	0	0	0	0	0	0	0	0	0	0	0	0	0
0	0	0	0	0	0	0	0	0	0	0	0	0	0	0	0	0	0	0	0	0	0	0	0	0	0	0.00728508984944148	0	0	0.0160271976687712	0.0242836328314716	0	0	0	0	0	0	0.00267119961146187	0	0	0	0	0	0	0	0	0	0	0	0	0	0	0	0	0	0	0	0	0.00704225352112676	0	0	0	0	0	0	0	0	0.00777076250607091	0	0	0	0	0.00437105390966489	0	0	0	0	0	0	0	0	0	0	0	0	0	0	0.00315687226809131	0	0	0	0	0	0	0	0.00485672656629432	0	0	0	0	0	0	0.00509956289460903	0.000728508984944148	0	0	0	0	0	0	0	0	0	0	0	0	0	0	0	0	0	0	0	0	0	0	0	0	0	0	0	0	0	0	0	0.0186983972802331	0	0	0	0	0	0	0	0	0	0	0	0	0	0.0225837785332686	0	0	0	0	0.00242836328314716	0.00437105390966489	0	0	0	0	0	0	0	0	0	0	0	0	0	0	0	0	0	0	0	0	0	0	0.0250121418164157	0	0	0	0	0	0	0	0.000728508984944148	0.0104419621175328	0.0167557066537154	0.00995628946090335	0	0	0	0.00534239922292375	0	0	0	0	0	0	0	0	0	0	0	0	0	0	0	0	0	0	0	0.0548810101991258	0	0	0	0	0	0	0	0	0.0225837785332686	0	0	0	0	0	0	0.00437105390966489	0	0	0	0	0	0	0	0	0	0	0	0	0	0	0	0	0	0	0.017969888295289	0.0483244293346285	0	0	0	0	0	0	0	0	0.0650801359883439	0	0	0	0	0	0	0	0	0	0	0	0	0	0.0148130160271977	0	0	0	0	0	0	0	0	0	0	0	0	0	0	0	0	0	0	0	0	0	0	0	0	0	0	0	0	0	0	0	0	0	0	0	0	0.017969888295289	0	0	0	0	0	0	0	0	0	0	0	0.0114133074307916	0	0	0.017969888295289	0	0	0	0	0	0	0.0225837785332686	0	0	0	0	0	0	0	0	0	0	0	0	0	0	0	0	0	0	0	0.00291403593977659	0	0	0	0	0	0.0335114133074308	0	0	0	0	0	0	0	0	0	0	0	0	0.00679941719281204	0	0	0	0	0	0	0	0	0	0	0	0	0	0	0	0.000485672656629432	0	0	0	0.00971345313258863	0	0	0	0	0	0	0	0	0	0	0	0	0	0	0	0	0	0	0	0	0	0	0	0	0	0	0	0	0	0	0	0	0	0	0.00777076250607091	0	0	0.00121418164157358	0	0	0	0	0	0	0	0	0	0	0	0	0	0	0	0	0.00704225352112676	0	0	0	0	0	0	0	0	0	0	0	0	0	0.0169985429820301	0	0	0	0	0	0	0	0	0	0	0.00412821758135017	0	0	0	0	0	0	0	0	0	0	0	0	0	0	0.0092277804759592	0	0.00728508984944148	0	0	0	0	0	0	0	0	0	0	0	0	0	0.00437105390966489	0	0	0	0	0	0	0	0	0	0	0	0	0	0.00267119961146187	0	0	0	0	0	0	0	0.0548810101991258	0	0	0	0	0	0	0	0	0	0	0	0	0	0	0	0	0	0	0	0	0	0	0	0	0	0	0	0	0	0	0	0	0	0	0	0	0	0	0	0	0	0	0	0	0	0	0	0	0	0	0	0	0.0014570179698883	0	0	0	0.00218552695483244	0	0	0	0	0	0	0	0	0	0	0	0	0.00194269062651773	0	0	0	0	0	0	0	0	0	0	0	0	0	0	0	0	0	0	0	0	0	0	0	0	0	0	0	0	0	0	0	0	0	0	0	0	0	0	0	0	0	0	0	0	0.0762506070908208	0	0	0	0	0	0	0	0	0	0	0	0.00169985429820301	0	0	0	0	0	0	0	0.00558523555123847	0	0	0	0	0	0	0	0	0	0	0	0	0	0.0060709082078679	0	0	0	0	0	0	0	0.00194269062651773	0	0	0	0	0	0	0	0	0.0257406508013599	0	0	0	0	0	0	0	0	0	0	0	0	0	0	0	0	0	0	0	0.000728508984944148	0	0	0	0	0	0	0.0150558523555124	0	0	0	0.00169985429820301	0	0	0.0046138902379796	0	0	0	0	0	0	0	0	0	0	0	0	0	0	0	0.00218552695483244	0	0	0	0	0	0	0	0	0.00339970859640602	0	0	0	0	0	0	0	0	0	0	0	0	0	0	0	0	0	0	0	0	0	0.000971345313258863	0	0	0.021369596891695	0	0	0.000728508984944148	0	0	0	0	0	0	0	0	0	0	0	0	0	0	0	0	0.00291403593977659	0	0	0	0.0118989800874211	0	0	0	0	0	0	0	0.0279261777561923	0	0	0	0	0.0577950461389024	0	0	0	0	0	0	0	0	0	0	0	0	0	0	0	0.0456532297231666	0	0	0	0	0	0	0.000485672656629432	0	0	0	0	0	0	0	0	0	0	0	0	0	0	0	0	0	0	0	0	0	0	0	0	0	0	0	0	0	0	0	0	0	0.00437105390966489	0.00874210781932977	0	0	0	0	0	0	0	0	0	0	0	0	0	0	0	0
0	0	0	0	0	0	0	0	0	0	0	0	0	0	0	0	0	0	0	0	0	0	0	0	0	0	0	0	0	0.0234966148944644	0.0702907208283552	0	0	0	0	0	0	0	0	0	0	0	0	0	0	0	0	0	0	0	0	0	0.0137395459976105	0	0	0	0	0	0	0	0	0	0	0	0	0	0	0	0	0	0	0	0.00378335324571884	0	0	0	0	0	0	0	0	0.00457984866587017	0	0	0	0	0	0	0	0	0	0	0	0	0	0	0	0	0	0	0	0	0.00199123855037834	0	0	0	0	0	0	0	0	0	0	0	0	0	0	0	0	0	0	0	0	0	0	0	0	0	0.000398247710075667	0	0	0	0	0	0	0.0374352847471127	0	0	0	0	0	0	0	0	0	0.00159299084030267	0	0	0	0.0187176423735564	0	0	0	0	0	0.00139386698526483	0	0	0	0	0	0	0	0	0	0	0.00258861011549184	0	0	0	0	0	0	0	0.00139386698526483	0.00258861011549184	0	0	0	0	0	0	0	0	0.00577459179609717	0	0	0	0.00318598168060534	0	0	0	0	0	0.00219036240541617	0	0	0	0	0	0	0	0	0	0	0	0	0	0	0	0	0	0	0.0362405416168857	0	0	0	0	0	0	0	0	0	0	0	0	0	0	0	0.00557546794105934	0	0	0	0	0	0	0	0	0	0	0	0	0	0	0	0	0	0	0.004778972520908	0.0223018717642374	0	0	0	0	0	0	0	0	0.0734767025089606	0	0	0	0	0	0	0	0	0	0.00139386698526483	0	0	0	0	0	0	0	0	0	0	0	0	0	0	0	0	0	0	0	0	0	0	0	0	0	0	0	0	0	0	0	0	0	0	0	0	0	0	0	0	0.02389486260454	0	0	0	0	0	0	0	0	0	0.000199123855037834	0	0.00995619275189168	0	0	0.0111509358821187	0	0	0	0	0	0	0.00657108721624851	0	0	0	0	0	0	0	0	0	0	0	0	0	0	0	0	0	0	0	0	0	0	0.0248904818797292	0	0	0.0320589406610912	0	0	0	0.000796495420151334	0	0	0	0	0	0	0	0	0.004778972520908	0.0017921146953405	0	0	0	0	0	0	0	0	0	0	0	0	0	0	0	0	0	0	0.0169255276782159	0	0	0	0	0	0	0	0	0	0	0	0	0	0	0	0	0	0	0	0	0	0	0	0	0	0	0	0	0	0	0	0	0	0	0	0	0	0.0288729589804859	0	0	0.0029868578255675	0	0	0	0	0	0	0	0	0	0	0	0	0	0	0	0	0	0	0	0	0	0	0	0	0	0	0	0	0	0	0	0	0	0	0	0	0	0	0	0	0	0	0	0	0	0	0	0	0	0	0	0	0	0	0	0	0	0	0	0	0	0	0	0	0	0	0	0	0	0.0651135005973716	0	0	0	0	0	0	0	0	0	0	0	0	0	0	0	0	0	0	0	0	0	0.002389486260454	0	0	0	0	0	0	0	0	0	0	0.0125448028673835	0	0.0667064914376742	0	0	0	0	0	0.00159299084030267	0	0	0	0	0	0	0	0	0	0	0	0	0	0	0	0	0	0.0163281561131024	0	0	0	0	0	0	0	0	0	0	0	0	0	0	0	0	0	0	0	0.0258861011549184	0	0	0	0	0	0	0	0	0	0	0	0	0.000995619275189168	0	0	0	0	0	0	0	0	0	0	0	0	0.0017921146953405	0	0	0	0	0	0	0	0	0	0	0	0	0	0	0.00159299084030267	0	0	0.000398247710075667	0	0	0	0	0	0	0	0	0	0	0	0	0	0.143170051772202	0	0	0	0	0	0	0	0	0	0	0	0	0	0	0	0	0	0	0	0	0	0	0	0	0	0	0	0	0.00438072481083234	0	0	0	0	0.00935882118677818	0	0	0	0	0	0	0	0	0	0	0	0	0.00278773397052967	0	0	0	0	0	0	0	0	0	0	0	0	0	0	0	0	0	0	0	0	0	0	0	0	0	0	0	0	0	0	0	0.00219036240541617	0	0	0	0	0	0.0105535643170052	0	0	0	0	0	0	0	0	0.0017921146953405	0	0	0	0	0	0	0	0	0	0	0	0	0	0	0	0.00517722023098367	0	0	0	0	0	0	0	0.00219036240541617	0	0	0	0	0.00398247710075667	0	0	0	0	0	0	0	0	0	0	0	0	0	0	0	0	0	0	0	0	0	0	0	0	0	0	0	0	0	0	0	0	0	0	0	0.00796495420151334	0	0	0	0	0	0	0	0.0240939864595779	0	0	0	0	0.028673835125448	0	0	0	0	0.00577459179609717	0	0	0	0	0	0	0	0	0	0	0.037037037037037	0	0	0	0	0	0	0.000796495420151334	0	0	0	0	0	0	0	0	0	0	0	0	0	0	0	0	0	0	0	0	0	0	0	0	0	0.00517722023098367	0	0	0	0	0.00577459179609717	0	0	0	0	0	0	0	0	0	0	0	0	0	0	0	0	0	0	0	0
0	0.0186407766990291	0	0	0	0.00504854368932039	0	0	0.000776699029126214	0	0	0	0	0	0	0	0	0	0	0	0	0	0	0	0	0	0	0	0	0.123883495145631	0.00466019417475728	0	0	0	0	0	0	0	0	0	0	0	0	0	0	0	0	0	0	0	0	0	0	0	0	0	0	0	0	0.00893203883495146	0	0	0	0	0	0	0	0	0	0	0	0	0	0	0	0	0	0	0	0	0	0.00466019417475728	0	0	0	0	0	0	0	0	0	0	0	0	0	0	0	0	0	0	0	0	0	0	0	0	0	0	0	0	0	0	0	0	0	0	0	0	0	0	0	0	0	0	0	0	0	0	0	0	0	0	0	0	0	0	0	0	0	0	0	0	0	0	0	0	0	0	0	0.00466019417475728	0	0	0	0	0	0	0	0	0	0	0	0	0	0.0104854368932039	0	0	0	0	0	0	0	0	0	0	0	0	0	0	0	0	0	0	0	0	0	0	0	0	0.00466019417475728	0	0	0	0	0	0	0	0	0	0	0	0	0	0	0	0	0	0	0	0	0	0	0	0	0.0310679611650485	0	0	0	0	0	0	0	0	0	0	0	0	0	0	0	0	0	0	0	0	0	0	0	0	0	0	0	0.00388349514563107	0	0	0	0	0	0	0	0	0	0	0	0	0	0	0	0	0.153009708737864	0	0	0	0	0	0	0	0	0	0	0	0	0	0	0	0	0	0	0	0	0	0	0	0	0	0	0.0159223300970874	0	0	0	0	0	0	0	0	0	0	0	0	0	0	0	0	0	0	0	0	0	0	0	0	0	0	0	0	0	0	0	0	0	0	0	0	0	0	0	0	0	0	0	0	0	0	0	0	0	0	0	0.00155339805825243	0	0	0	0	0	0	0	0	0	0	0	0	0	0	0	0	0.0264077669902913	0	0	0	0	0	0	0.00233009708737864	0.00349514563106796	0	0	0	0	0	0	0	0	0	0	0	0	0	0	0	0	0	0	0	0	0	0	0	0.000776699029126214	0	0	0	0.0194174757281553	0	0	0	0	0	0	0	0	0	0	0	0	0	0	0	0	0	0	0.0271844660194175	0	0	0	0	0	0	0	0	0	0	0	0	0	0	0	0	0	0	0.0058252427184466	0	0	0	0	0	0	0	0	0	0	0	0	0	0	0	0	0	0	0	0	0	0	0	0	0	0	0	0	0	0	0	0	0	0	0	0	0	0	0	0	0	0	0	0	0	0	0	0	0	0	0	0	0	0	0	0	0	0	0	0	0	0	0	0.00621359223300971	0	0	0	0	0	0	0	0	0.0380582524271845	0	0	0	0	0	0	0	0	0	0	0	0	0	0	0	0	0	0	0.00970873786407767	0	0	0	0	0	0	0	0	0	0	0	0	0	0	0	0	0	0	0	0	0	0	0	0	0	0	0	0	0	0	0	0	0	0	0	0	0	0	0	0	0	0	0	0	0	0	0	0	0	0	0	0	0	0	0	0	0.0349514563106796	0.0155339805825243	0	0.0396116504854369	0	0	0	0	0	0	0	0	0	0	0	0	0	0	0	0	0	0	0	0	0	0	0	0	0	0.00737864077669903	0	0	0	0	0	0	0	0	0	0	0	0	0	0	0	0	0	0	0	0	0.00466019417475728	0	0	0	0.0244660194174757	0	0	0	0	0	0	0.0104854368932039	0	0	0	0	0	0	0	0	0	0	0	0	0	0	0	0	0	0	0	0	0	0	0	0	0	0	0	0	0	0	0	0	0	0.0151456310679612	0	0	0	0	0	0	0	0	0	0	0	0	0.00233009708737864	0	0	0	0	0	0	0	0	0	0	0	0	0	0	0	0	0	0	0	0	0	0	0	0	0	0	0	0	0	0	0.00271844660194175	0.00621359223300971	0	0	0	0	0	0.00310679611650485	0	0	0	0	0	0	0	0	0.00970873786407767	0	0	0	0	0	0	0	0	0	0	0	0	0	0	0	0.00660194174757282	0	0	0	0	0	0	0	0	0	0	0	0	0.00893203883495146	0	0	0	0	0	0	0.00776699029126214	0	0	0	0	0	0	0	0.0112621359223301	0	0	0	0	0	0	0	0	0	0	0	0	0	0	0	0	0	0	0	0	0	0	0	0	0	0	0	0	0.0213592233009709	0	0	0	0	0.163106796116505	0	0	0	0	0	0	0	0	0	0	0	0	0	0	0	0.0124271844660194	0	0	0	0	0	0	0	0	0	0	0	0	0	0	0.0361165048543689	0	0	0	0	0	0	0	0	0	0	0	0	0	0	0	0	0	0.0054368932038835	0	0	0	0.0120388349514563	0	0	0	0.0058252427184466	0	0	0	0	0	0	0	0	0	0	0.00155339805825243	0	0	0	0	0	0
0	0	0	0	0	0	0	0	0.00102249488752556	0	0	0	0	0	0	0	0	0	0	0	0	0	0	0	0	0	0	0	0	0.0523517382413088	0.00286298568507157	0	0	0	0	0	0	0	0	0	0	0	0	0	0	0	0	0	0	0	0	0	0.00388548057259714	0	0	0	0	0	0	0.0486707566462168	0	0	0	0	0	0	0	0	0	0	0	0	0.00429447852760736	0	0	0	0.000408997955010225	0	0	0	0	0.00265848670756646	0	0	0	0	0	0	0	0	0	0	0	0	0	0	0	0	0	0	0	0	0	0	0	0	0	0	0	0	0	0	0	0	0	0	0	0	0	0	0	0	0	0	0	0	0	0	0	0	0	0	0	0	0	0.0049079754601227	0	0	0	0	0	0	0	0	0	0	0	0	0	0.00899795501022495	0	0	0	0	0.00286298568507157	0	0.00572597137014315	0	0	0	0	0	0	0	0	0	0	0	0	0	0	0.00511247443762781	0	0	0	0	0	0	0	0	0	0	0	0	0	0	0	0	0	0	0	0	0	0	0	0	0	0	0	0	0	0	0	0	0	0	0	0	0	0	0	0	0	0.0233128834355828	0	0	0	0	0	0	0	0	0	0	0	0	0	0	0	0	0	0	0	0	0	0	0	0	0	0	0	0.0116564417177914	0	0	0	0	0	0	0.0102249488752556	0.0171779141104294	0	0	0	0	0	0	0	0	0.0511247443762781	0	0	0	0.0216768916155419	0	0	0	0	0	0	0	0.00184049079754601	0	0	0	0	0	0	0	0	0	0	0	0	0	0	0	0	0	0	0	0	0.00122699386503067	0	0	0	0	0	0	0	0.000408997955010225	0	0	0	0	0	0	0	0	0	0.00920245398773006	0	0	0	0	0	0	0	0	0	0	0	0.00449897750511247	0	0	0	0	0	0	0	0	0	0.00736196319018405	0	0	0	0	0	0.00286298568507157	0	0	0	0	0	0	0	0	0	0	0	0	0	0	0	0	0	0	0	0.0208588957055215	0	0	0	0	0.00122699386503067	0	0	0	0	0	0	0	0	0	0	0	0	0	0	0	0	0	0	0	0	0	0	0	0	0	0	0	0.00674846625766871	0	0	0	0	0	0	0	0	0	0	0	0	0	0	0	0	0	0	0.00961145194274029	0	0	0	0	0	0	0	0	0.00613496932515337	0	0	0	0	0	0	0	0	0	0	0	0	0	0	0	0	0	0	0	0.000613496932515337	0	0	0	0	0	0	0	0	0	0	0	0	0	0	0	0	0	0	0	0	0	0	0	0	0	0	0	0	0	0	0	0	0	0	0	0	0	0	0	0	0	0	0	0	0	0	0	0	0.00593047034764826	0	0	0	0	0	0	0	0	0	0	0	0	0	0	0	0	0	0	0	0	0	0	0	0	0	0	0	0.0016359918200409	0	0	0	0	0	0	0	0	0	0	0	0	0	0	0	0	0	0	0.00613496932515337	0	0.059918200408998	0	0	0	0	0	0	0	0	0	0	0.0296523517382413	0	0	0	0	0	0	0	0	0	0	0	0.00572597137014315	0	0	0	0	0	0	0	0	0	0.000613496932515337	0	0	0	0	0	0	0	0.0081799591002045	0	0	0.0110429447852761	0	0	0	0	0	0	0	0	0	0	0	0	0.00531697341513292	0	0	0	0	0	0	0	0	0	0	0	0	0.00245398773006135	0	0.00224948875255624	0	0	0	0	0	0	0	0	0	0	0	0	0	0	0	0	0	0	0	0	0	0	0.00777096114519427	0	0	0	0	0	0	0.0325153374233129	0	0	0	0	0	0	0	0	0	0	0	0	0	0	0	0	0	0	0	0.00122699386503067	0	0	0	0	0	0.00184049079754601	0	0	0.00756646216768916	0	0	0	0	0.00736196319018405	0	0	0	0	0	0	0	0	0	0	0	0	0	0	0	0	0.0319018404907975	0	0	0	0	0	0	0	0	0	0	0	0	0	0	0	0	0	0	0	0	0	0	0	0	0	0	0.00633946830265849	0.00531697341513292	0	0	0	0	0	0.207770961145194	0	0	0	0	0	0	0	0	0.0112474437627812	0	0	0	0.000408997955010225	0	0	0	0	0	0	0	0	0	0	0	0.00286298568507157	0	0	0	0.000613496932515337	0	0	0	0	0	0	0	0	0	0	0	0	0	0	0	0.0169734151329243	0	0	0.00961145194274029	0	0.0110429447852761	0	0	0.0032719836400818	0	0	0	0	0	0	0	0	0	0	0.000613496932515337	0	0	0	0	0	0	0	0	0	0	0	0	0	0	0	0	0	0.00838445807770961	0	0	0	0	0.00838445807770961	0	0	0	0	0	0	0	0	0	0	0	0	0	0	0	0.0638036809815951	0	0	0	0	0	0	0	0	0	0	0	0	0	0	0	0	0	0	0	0	0	0	0	0	0	0	0	0	0.000613496932515337	0	0	0	0.00408997955010225	0	0	0.0296523517382413	0.0132924335378323	0	0.00511247443762781	0	0	0.00879345603271984	0	0	0	0	0	0	0	0	0	0.00122699386503067	0	0	0	0	0	0
0	0	0	0	0	0	0	0	0	0	0	0	0	0	0	0	0	0	0	0	0	0	0	0	0	0	0.00144634075788256	0	0	0.0269019380966156	0	0	0	0	0	0	0	0	0	0	0	0	0	0	0	0	0	0	0.000578536303153023	0	0	0	0.0112814579114839	0	0	0	0	0	0.00867804454729534	0	0	0	0	0	0	0	0	0	0	0	0	0	0.0075209719409893	0	0	0	0	0	0	0	0.00376048597049465	0	0	0	0	0	0	0	0	0	0	0	0	0	0	0	0	0.00115707260630605	0	0	0	0	0	0	0	0	0	0	0	0	0	0.00144634075788256	0	0	0	0	0	0	0	0	0	0	0	0	0	0	0	0	0	0	0	0	0	0	0	0.0211165750650853	0	0	0	0	0	0	0	0	0	0.00202487706103558	0	0	0	0.0347121781891814	0	0	0	0	0	0	0	0	0	0	0	0	0	0	0	0	0	0	0	0	0	0	0	0	0	0.00144634075788256	0	0	0	0	0	0	0	0	0	0	0	0	0	0.00607463118310674	0	0	0	0.0112814579114839	0	0	0	0	0	0	0	0	0	0	0	0	0	0	0	0	0	0	0	0.0352907144923344	0	0	0	0	0	0	0	0	0	0	0	0	0	0	0	0	0	0	0	0	0.00404975412207116	0	0	0	0	0	0	0	0	0	0	0	0	0	0.0173560890945907	0.0399190049175586	0	0	0	0	0	0	0	0	0.050911194677466	0	0	0	0	0	0	0	0	0	0	0	0.00694243563783627	0	0	0	0	0	0	0	0	0	0	0	0	0	0	0	0	0	0	0	0	0.000867804454729534	0	0	0	0	0	0	0	0	0	0	0.00115707260630605	0	0	0	0	0	0	0.013017066820943	0	0	0	0	0	0	0.00549609487995372	0	0	0	0	0.00954584900202488	0	0	0.0216951113682384	0	0	0	0	0	0	0.00983511715360139	0	0	0	0	0	0	0	0	0	0	0	0	0	0	0	0	0	0	0	0	0	0	0	0	0	0.0410760775238646	0	0	0	0	0	0	0	0	0	0	0	0	0.0104136534567544	0	0	0	0	0	0	0	0	0.00115707260630605	0	0	0	0	0	0	0	0	0	0	0	0	0	0	0	0	0	0	0	0	0	0	0	0	0	0	0	0	0	0.00433902227364767	0	0	0.000578536303153023	0	0	0	0	0	0	0	0	0	0	0	0	0	0	0	0	0	0	0	0	0	0.000867804454729534	0	0	0	0	0.000867804454729534	0	0	0	0	0	0	0	0	0	0	0	0	0	0	0	0	0	0	0	0	0	0	0	0	0	0	0	0	0	0	0	0	0	0.00433902227364767	0	0	0	0	0	0	0	0	0	0	0	0	0	0.00636389933468325	0	0	0	0	0	0	0	0	0	0	0	0	0	0	0	0	0	0	0	0	0	0	0	0	0	0	0	0.00578536303153023	0	0	0	0	0	0	0.00289268151576511	0	0	0	0	0	0	0	0	0.000578536303153023	0	0	0	0	0	0	0	0	0	0	0	0	0	0	0	0.0196702343072028	0	0	0	0	0	0	0	0	0	0	0	0.0104136534567544	0	0	0	0	0	0	0	0	0	0	0	0	0	0	0.000578536303153023	0	0	0	0	0	0	0	0	0	0	0	0	0	0.0185131617008967	0	0	0.0176453572461672	0	0	0	0	0	0	0	0	0	0	0	0	0	0	0.00607463118310674	0	0	0	0.00231414521261209	0	0	0	0	0	0	0	0	0	0	0	0	0	0	0	0	0	0	0	0	0	0	0	0.00115707260630605	0	0	0	0.109343361295921	0	0	0	0	0	0	0	0	0	0	0	0.00231414521261209	0	0	0	0	0	0	0	0	0	0	0	0	0	0	0	0	0.0075209719409893	0	0	0	0	0	0	0	0	0	0	0	0	0	0	0	0	0	0	0	0	0	0	0	0	0.0164882846398612	0	0	0	0	0	0	0	0	0	0	0	0	0	0	0	0	0	0	0	0	0	0	0	0.0257448654903095	0.00231414521261209	0.00202487706103558	0	0	0	0	0.0867804454729534	0	0	0	0	0	0	0	0	0	0	0	0	0	0	0	0	0	0	0	0	0	0	0	0	0	0	0	0	0	0	0	0	0	0	0	0	0	0.00694243563783627	0	0	0	0	0	0	0	0	0	0.00809950824414232	0	0	0	0	0	0	0	0	0.00231414521261209	0	0	0	0	0	0	0	0	0	0	0	0	0	0	0	0	0.0196702343072028	0	0	0	0	0	0	0	0.0234307202776974	0	0	0	0	0.0789702053803876	0	0	0	0	0	0	0	0	0	0	0	0	0	0	0	0.0781024009256581	0	0	0	0	0	0	0.000867804454729534	0	0	0	0	0	0.000578536303153023	0	0	0	0	0	0	0	0	0	0	0	0	0	0	0	0	0	0	0	0.00231414521261209	0	0	0	0	0	0	0.000578536303153023	0.00433902227364767	0.00867804454729534	0.00144634075788256	0	0	0	0	0	0	0	0	0	0	0	0	0	0	0
0	0	0	0	0	0	0	0	0	0	0	0	0	0	0	0	0	0	0	0	0	0	0	0	0	0	0	0	0	0.0173867228661749	0	0	0	0	0	0	0	0	0	0	0	0	0	0	0	0	0	0	0	0	0	0	0	0	0	0	0	0	0	0.000790305584826133	0	0	0	0	0	0	0	0	0	0	0	0	0.00368809272918862	0	0	0	0	0	0	0	0.00447839831401475	0	0	0	0	0	0	0	0	0	0	0	0	0	0	0	0	0	0	0	0	0	0	0	0	0	0	0	0	0	0	0	0	0	0	0	0	0	0	0	0	0	0	0	0	0	0	0	0	0	0	0	0	0	0	0.0871970495258167	0	0	0	0	0	0	0	0	0	0	0	0	0	0.00763962065331928	0	0	0	0	0	0	0	0	0	0	0	0	0	0	0	0	0.00421496311907271	0	0	0.0155426765015806	0	0	0	0	0.00816649104320337	0	0	0	0	0	0	0	0	0	0	0	0	0	0	0	0	0	0	0.00184404636459431	0	0	0	0	0	0	0	0	0	0	0	0	0	0	0	0	0	0	0	0.029768177028451	0	0	0	0	0	0	0	0.0213382507903056	0	0	0	0	0	0	0	0.00316122233930453	0	0	0	0	0	0	0	0	0	0	0	0.00342465753424658	0	0	0	0	0	0	0.0155426765015806	0.0184404636459431	0	0	0	0	0	0	0	0	0.0545310853530032	0	0	0	0	0	0	0	0	0	0	0	0	0	0	0	0	0	0	0	0	0	0	0	0	0	0	0.00684931506849315	0	0	0	0	0	0	0	0	0	0	0	0	0	0	0	0	0	0	0	0	0	0	0.000526870389884088	0.0650684931506849	0	0	0	0	0	0	0	0	0	0	0.0113277133825079	0.017650158061117	0	0	0.0289778714436249	0	0	0	0	0	0	0	0	0	0	0	0	0	0	0	0	0	0	0	0	0	0	0	0	0	0	0	0	0	0.00526870389884088	0	0	0.0271338250790306	0	0	0	0.00105374077976818	0	0	0	0	0	0	0	0	0	0	0	0	0	0	0	0	0	0.00526870389884088	0	0	0	0	0	0	0.000526870389884088	0	0	0	0	0	0	0	0	0	0	0	0	0	0	0	0	0	0	0	0	0	0	0	0	0	0	0	0	0	0	0	0	0	0	0	0	0	0	0	0	0	0.00184404636459431	0	0	0	0	0	0	0	0	0	0	0	0	0	0	0	0	0	0	0	0	0	0	0	0	0	0	0	0	0	0	0	0	0	0	0	0	0	0	0	0	0	0	0	0	0	0	0	0	0	0	0	0	0	0	0	0	0	0	0.00658587987355111	0	0	0	0	0	0	0	0	0	0	0	0	0	0.0503161222339305	0	0	0	0	0	0	0.0100105374077977	0	0	0	0	0	0	0	0	0	0	0	0	0	0	0.00289778714436249	0	0	0	0	0	0	0	0	0	0	0	0	0.0339831401475237	0	0	0	0	0	0	0	0	0	0	0	0	0	0	0	0	0	0	0	0	0	0	0	0	0	0	0	0	0	0	0	0	0	0	0	0	0	0	0	0	0	0	0	0.00974710221285564	0	0	0	0	0	0	0	0.00105374077976818	0	0	0	0	0	0	0	0	0	0	0	0	0	0	0	0	0	0.00526870389884088	0	0	0	0	0	0	0	0	0	0	0	0	0	0	0	0	0	0	0	0	0	0	0	0	0	0	0	0	0	0	0	0.16886195995785	0	0	0	0	0	0	0	0	0	0	0	0	0	0	0	0	0	0	0.00816649104320337	0	0	0	0	0	0	0	0	0	0	0	0	0	0	0	0	0	0	0	0	0	0	0.00131717597471022	0	0	0	0	0	0	0	0	0	0	0	0	0	0	0	0	0	0	0	0	0	0	0	0	0	0	0	0	0.00316122233930453	0	0	0	0	0	0	0.0110642781875659	0.00131717597471022	0	0	0	0	0	0.00922023182297155	0	0	0	0	0	0	0	0	0	0	0	0	0	0	0	0	0.00184404636459431	0	0	0	0	0	0	0	0.00605900948366702	0	0	0	0	0	0	0	0	0	0	0	0	0.00842992623814542	0	0	0	0	0	0	0.00632244467860906	0	0	0.0429399367755532	0	0.0200210748155954	0	0	0	0	0	0	0	0	0	0	0	0	0	0	0	0	0	0	0	0	0	0	0	0.0047418335089568	0	0	0	0	0	0	0	0.0152792413066386	0	0.00368809272918862	0	0	0.0326659641728135	0	0	0	0	0	0	0	0	0	0	0	0	0	0	0	0.0492623814541623	0	0	0	0	0	0	0.00105374077976818	0	0	0	0	0	0	0	0	0	0	0	0	0	0	0	0	0	0	0	0	0	0	0	0	0	0.00289778714436249	0	0	0	0.00342465753424658	0	0	0	0.00316122233930453	0.00658587987355111	0	0	0	0	0	0	0	0	0	0	0	0	0	0	0	0
0	0	0	0	0	0	0	0	0.00154320987654321	0	0	0	0	0	0	0	0	0	0	0	0	0	0	0	0	0	0	0	0	0.0138888888888889	0.0186728395061728	0	0	0	0	0	0	0	0	0	0	0	0	0	0	0	0	0	0	0	0	0	0.00833333333333333	0	0	0	0	0	0	0	0	0	0	0	0	0	0	0.00632716049382716	0	0	0	0	0.00648148148148148	0	0	0	0	0	0	0	0.00339506172839506	0	0	0	0	0	0	0	0	0	0	0	0	0	0	0	0	0	0	0	0	0	0	0	0	0	0	0	0	0	0	0.000154320987654321	0	0	0	0	0	0	0	0	0	0	0.00354938271604938	0	0	0	0	0	0	0	0	0	0	0	0	0.0118827160493827	0	0	0	0	0	0	0	0	0	0.00138888888888889	0	0	0	0.00617283950617284	0	0	0	0	0	0.020216049382716	0.00339506172839506	0.00123456790123457	0	0	0	0	0	0	0	0	0.000154320987654321	0	0	0.0199074074074074	0	0	0	0	0.00231481481481481	0	0	0	0	0	0	0	0	0	0	0	0	0	0.0179012345679012	0.00462962962962963	0	0	0	0.00277777777777778	0	0	0	0	0	0	0	0	0	0	0	0	0	0	0	0	0	0	0	0.0217592592592593	0	0	0	0	0	0	0	0	0	0	0	0	0	0	0	0.00123456790123457	0	0	0	0	0	0	0	0	0	0.000925925925925926	0	0	0	0	0	0.0148148148148148	0	0	0.0132716049382716	0.0155864197530864	0	0	0	0	0	0.0280864197530864	0	0	0.0341049382716049	0	0	0	0	0	0	0	0	0	0	0	0	0	0	0	0	0	0	0	0	0	0	0	0	0	0	0.00632716049382716	0	0	0	0	0	0	0	0	0	0	0	0	0	0	0	0	0	0	0	0	0	0	0	0.054320987654321	0	0	0	0	0	0	0	0	0	0	0	0	0	0	0.0192901234567901	0	0	0	0	0	0	0	0	0	0	0	0	0	0	0	0	0	0	0	0	0	0	0	0	0	0	0.00108024691358025	0	0	0	0	0	0.0197530864197531	0	0	0	0	0	0	0	0	0	0	0	0	0.00570987654320988	0	0	0	0	0	0	0	0	0.0524691358024691	0	0	0	0	0	0	0	0	0	0	0.0138888888888889	0	0	0	0	0	0	0	0	0	0	0	0	0	0	0	0	0	0	0	0	0	0	0	0	0	0	0	0	0	0	0	0	0.00509259259259259	0	0	0	0	0.00910493827160494	0	0	0	0	0	0	0	0	0	0	0	0	0	0	0	0	0	0	0	0	0	0	0	0	0	0	0	0	0	0	0.00200617283950617	0	0	0	0	0	0	0	0	0	0	0	0	0	0	0	0	0	0	0	0	0	0	0	0	0	0	0	0.00740740740740741	0	0	0	0	0	0	0	0	0	0	0	0	0	0.00756172839506173	0	0	0	0	0	0	0.00509259259259259	0	0	0	0	0	0	0.0112654320987654	0	0	0	0	0	0	0	0.0121913580246914	0	0	0	0	0	0	0	0	0	0	0.0246913580246914	0	0.091820987654321	0	0	0	0	0	0	0.00694444444444444	0	0	0	0	0	0	0	0	0	0	0	0	0	0	0	0.00540123456790123	0	0	0	0	0	0	0	0	0	0	0	0	0	0	0	0	0	0.00200617283950617	0	0	0.000771604938271605	0	0	0	0	0.000308641975308642	0	0	0	0	0.0029320987654321	0.00709876543209877	0	0	0	0	0	0	0	0	0	0	0	0	0	0	0	0	0	0	0	0	0	0	0	0	0	0	0	0	0	0	0	0	0	0	0	0	0	0	0	0	0	0	0	0	0	0	0.0942901234567901	0	0	0	0	0	0	0	0	0	0	0	0	0	0	0	0	0	0	0	0	0	0	0	0	0	0	0	0	0.00416666666666667	0	0	0	0	0.00756172839506173	0	0	0	0	0	0	0	0	0	0	0	0	0	0	0	0	0.0112654320987654	0	0	0.000925925925925926	0	0	0	0	0	0	0	0	0	0	0	0	0	0	0	0	0	0	0	0.00354938271604938	0	0	0	0.0100308641975309	0	0	0	0	0	0	0.0087962962962963	0	0	0	0	0	0	0	0	0.00231481481481481	0	0	0	0	0	0	0	0	0	0	0	0	0	0	0	0.00262345679012346	0	0	0	0	0	0	0	0	0	0	0	0	0.00354938271604938	0	0	0	0	0	0	0	0	0	0.00231481481481481	0	0.0203703703703704	0	0	0.00432098765432099	0	0.000617283950617284	0	0	0	0	0	0	0	0	0	0	0	0.00231481481481481	0	0	0.00339506172839506	0	0.00138888888888889	0	0.00231481481481481	0	0	0	0	0.000925925925925926	0	0	0.0135802469135802	0	0	0	0	0.0689814814814815	0	0	0	0	0.00632716049382716	0	0	0	0	0	0	0	0	0	0	0.0560185185185185	0	0	0	0	0	0	0	0	0	0	0	0	0	0	0	0	0	0	0	0	0	0	0	0	0	0	0	0	0	0	0	0	0.00324074074074074	0	0	0	0	0	0	0	0.00246913580246914	0.0037037037037037	0	0	0	0	0	0	0	0	0	0	0	0	0	0	0	0
0	0	0	0	0	0	0.00181620050853614	0	0.000363240101707228	0	0	0	0	0.00272430076280421	0	0	0	0	0	0	0	0	0	0.000363240101707228	0	0	0	0	0.00417726116963313	0.0613875771885216	0.0497638939338903	0	0	0	0	0	0	0.00454050127134036	0	0	0	0	0	0	0	0	0	0	0	0	0	0	0.0294224482382855	0	0	0	0	0	0.00272430076280421	0	0	0	0	0	0	0	0	0	0	0	0	0	0.00272430076280421	0	0	0	0	0	0	0	0	0	0	0	0	0	0	0.000363240101707228	0	0	0	0	0	0	0	0	0	0.000726480203414457	0	0	0	0	0	0	0	0	0	0	0.00435888122048674	0	0	0	0	0	0	0	0	0	0	0	0	0	0	0	0	0	0	0	0	0	0	0	0	0	0	0.0686523792226662	0	0	0	0	0	0	0	0	0	0	0	0	0	0.00926262259353433	0	0	0	0	0.0119869233563385	0.00163458045768253	0.000908100254268071	0	0	0	0	0	0	0	0	0	0	0	0.00363240101707228	0.00744642208499818	0	0	0	0	0.00181620050853614	0	0	0	0.00835452233926626	0	0	0	0	0	0	0.00272430076280421	0	0	0	0	0	0	0	0	0	0	0	0	0.00653832183073011	0	0	0	0	0	0	0	0	0	0	0	0	0	0	0.0088993824918271	0	0	0	0	0	0	0	0	0	0	0	0	0	0	0	0.0025426807119506	0	0	0.0063567017798765	0	0	0	0	0	0	0	0	0.00780966218670541	0	0	0	0	0	0	0.0110788231020705	0.0227025063567018	0	0	0	0	0	0	0	0	0.0343261896113331	0	0	0	0	0.00217944061024337	0	0	0	0	0	0	0	0	0.00780966218670541	0	0	0.00744642208499818	0	0	0	0	0	0	0	0	0	0	0	0	0	0.00236106066109699	0	0	0	0	0	0	0	0	0	0	0	0	0	0	0	0	0	0	0	0.00944424264438794	0	0	0	0	0	0	0	0	0	0	0	0	0	0	0.0158009444242644	0	0	0	0	0	0	0.0172539048310934	0	0	0	0	0	0	0	0	0	0	0	0	0	0	0	0	0	0	0	0	0	0	0	0	0	0.0152560842717036	0	0	0	0	0	0	0	0	0.000363240101707228	0	0	0	0	0.00544860152560843	0	0	0	0	0	0.000544860152560843	0	0.00290592081365783	0	0	0	0	0	0	0.0038140210679259	0	0	0	0.00835452233926626	0	0	0	0	0	0	0	0	0	0	0	0	0	0	0	0	0	0	0	0	0	0	0	0	0	0	0	0.00853614239011987	0	0	0	0	0	0	0.00799128223755903	0	0	0.00417726116963313	0	0	0	0	0	0	0	0	0	0	0	0	0	0	0	0	0.00581184162731566	0	0	0	0	0.00399564111877951	0	0	0	0	0.00163458045768253	0	0	0	0	0	0	0	0	0	0	0	0	0	0	0	0	0	0	0	0	0	0	0	0	0	0	0	0	0	0	0	0.0121685434071922	0	0	0	0	0	0	0	0	0	0	0	0	0	0	0	0	0	0	0	0	0	0	0	0	0	0	0	0.0274246276788957	0	0	0	0	0	0	0.00145296040682891	0.0335997094079186	0	0	0	0	0	0	0	0	0	0	0.0383218307301126	0	0.103341808935707	0	0	0	0	0	0	0	0	0	0	0	0	0	0	0	0	0	0	0	0	0	0	0	0	0	0	0	0	0	0	0	0.000726480203414457	0.000181620050853614	0	0	0	0	0	0	0.0012713403559753	0	0.0148928441699964	0	0	0	0	0	0	0	0	0	0	0	0	0	0	0	0	0	0	0	0	0	0	0	0	0	0	0	0.00544860152560843	0	0.0038140210679259	0	0	0	0	0	0	0	0	0	0	0.00181620050853614	0	0	0	0	0	0	0	0	0	0	0	0	0	0	0	0	0	0	0.0143479840174355	0	0	0	0	0	0	0	0	0	0	0	0	0	0	0	0	0	0	0	0	0	0	0	0	0	0	0.00108972030512169	0	0	0	0	0	0	0	0	0	0	0	0	0	0	0	0	0	0	0	0.00690156193243734	0	0	0	0	0.0139847439157283	0	0.00454050127134036	0	0	0	0	0	0	0	0	0	0	0	0	0	0	0	0	0	0	0	0	0	0	0	0.00272430076280421	0.0132582637123138	0	0	0	0	0	0.00308754086451144	0	0	0	0	0	0	0	0	0.00490374137304758	0	0	0	0	0	0	0	0	0	0	0	0	0	0	0	0.0025426807119506	0	0	0	0	0	0	0	0	0	0	0.00199782055938976	0	0.00744642208499818	0	0.00345078096621867	0	0	0	0	0	0	0	0	0	0	0	0	0	0	0	0	0	0	0	0	0	0	0	0	0	0	0	0	0	0.00490374137304758	0	0	0	0.00726480203414457	0	0	0.00163458045768253	0	0	0	0	0.00926262259353433	0	0	0	0	0.0937159462404649	0	0	0	0	0	0	0	0	0	0	0	0	0	0	0	0.0205230657464584	0	0	0	0	0	0	0	0	0	0	0	0	0	0	0.00236106066109699	0	0	0	0	0	0	0	0	0	0	0.00199782055938976	0	0	0	0	0	0	0.00326916091536506	0	0.0123501634580458	0	0.0025426807119506	0	0	0	0.00217944061024337	0	0	0	0	0	0	0	0	0	0	0	0	0	0	0	0	0
0	0	0	0.000583771161704612	0	0	0	0	0.00321074138937536	0	0	0	0	0.00583771161704612	0	0	0	0	0	0	0	0	0	0	0	0	0	0	0	0.0329830706363106	0	0	0	0	0	0	0	0	0	0	0	0	0	0	0	0	0	0.0140105078809107	0	0	0	0	0.0128429655575015	0	0	0	0	0	0	0	0	0	0	0	0	0	0	0	0	0	0	0	0.00408639813193228	0	0	0	0	0	0	0	0.0224751897256276	0.00467016929363689	0	0	0	0	0	0.00408639813193228	0	0	0	0	0	0	0	0	0	0	0	0	0	0	0	0	0	0	0	0	0	0	0	0	0	0	0	0	0	0	0	0	0.0125510799766492	0	0	0	0	0	0	0	0	0	0	0	0	0	0	0.0417396380618797	0	0	0	0	0	0	0	0	0	0	0	0	0	0.0502043199065966	0	0	0	0	0	0	0	0	0	0	0	0	0	0	0	0	0.00788091068301226	0	0	0.00758902510215995	0	0	0	0	0	0	0	0	0.0140105078809107	0	0	0	0	0	0	0	0	0	0.00291885580852306	0.0189725627553999	0	0	0	0.00525394045534151	0	0	0	0	0	0	0	0	0	0	0	0	0	0	0	0	0	0	0	0.0262697022767075	0	0	0	0	0	0	0	0	0.0166374781085814	0	0	0	0	0	0	0.00379451255107998	0	0	0	0	0	0	0	0	0	0	0	0	0.00291885580852306	0	0	0	0	0	0.032399299474606	0.0268534734384121	0	0	0	0	0	0	0	0	0.031523642732049	0	0	0	0	0	0	0	0	0	0	0	0	0	0	0	0	0	0	0	0	0	0	0	0	0	0	0	0	0	0	0	0	0.00350262697022767	0	0	0	0	0	0	0	0	0	0	0	0	0	0	0	0	0	0.0131348511383538	0	0	0	0	0	0	0	0	0	0	0	0.0113835376532399	0	0	0.0300642148277875	0	0	0	0	0	0	0.0303561004086398	0	0	0	0	0	0	0	0	0	0	0	0	0	0	0	0	0	0	0	0	0	0	0	0	0	0.0274372446001168	0	0	0	0	0	0	0	0	0	0	0	0	0.00788091068301226	0	0	0	0	0	0	0	0	0	0	0	0	0	0	0	0	0	0	0	0	0	0	0	0	0	0	0	0	0	0	0	0	0	0	0	0	0	0	0	0	0	0	0	0	0	0	0	0	0	0	0	0	0	0	0.00554582603619381	0	0	0.00379451255107998	0	0	0	0	0	0	0	0	0	0	0	0	0	0	0	0	0	0	0	0	0	0	0	0	0	0	0	0	0	0	0.0148861646234676	0	0	0	0	0	0	0	0	0	0	0	0	0	0	0	0	0	0	0.0271453590192644	0	0	0	0	0	0	0	0	0.00467016929363689	0	0	0	0	0	0	0	0	0	0	0	0	0	0	0	0	0	0	0	0	0	0	0	0	0	0	0	0.0113835376532399	0	0	0	0	0	0	0	0.0186806771745476	0	0	0	0	0	0	0	0	0	0	0	0	0	0	0	0	0	0	0	0	0	0	0	0	0	0	0	0	0	0	0	0	0	0	0	0	0	0	0	0	0	0	0	0	0	0	0	0	0	0	0	0	0.00116754232340922	0	0.00321074138937536	0	0	0	0	0	0	0	0	0	0	0	0	0.0102159953298307	0	0	0	0	0	0	0	0	0	0	0	0	0	0	0	0	0	0	0	0	0	0	0	0	0	0	0	0	0	0	0	0	0	0	0	0	0	0	0	0	0	0	0	0	0	0	0.0548744892002335	0	0	0	0	0	0	0	0	0	0	0	0	0	0	0	0	0	0	0.00291885580852306	0.0326911850554583	0	0	0	0	0	0	0	0	0	0	0	0	0	0	0	0	0	0	0	0	0	0	0	0	0	0	0	0	0	0	0	0	0	0.00700525394045534	0	0	0	0	0	0	0	0	0	0	0	0	0	0	0	0	0.00262697022767075	0	0	0	0	0	0	0.0154699357851722	0	0	0	0	0	0	0	0	0	0	0	0.00525394045534151	0	0	0	0	0	0	0	0	0	0	0	0	0	0	0	0	0	0	0	0	0	0	0	0	0	0	0	0	0	0	0	0	0	0	0	0	0	0	0	0	0	0.00262697022767075	0.0049620548744892	0	0.014302393461763	0	0	0	0	0	0	0	0	0	0	0	0	0	0	0	0	0	0	0	0	0	0	0	0.0207238762405137	0	0	0	0	0	0	0	0.017221249270286	0	0	0	0	0.0858143607705779	0	0.0140105078809107	0	0	0.0125510799766492	0	0	0	0	0	0	0	0	0	0	0.0659661412726211	0	0	0	0	0	0	0.00145942790426153	0	0	0.00262697022767075	0	0	0	0	0	0	0	0	0	0	0	0	0	0	0	0	0	0	0.000875656742556918	0	0	0	0.00350262697022767	0	0	0	0	0	0	0	0.00175131348511384	0	0	0	0	0	0	0	0	0	0	0	0	0	0	0	0	0
0	0	0	0	0	0	0.00173146544939399	0	0	0	0	0	0	0	0	0	0	0	0	0	0	0	0	0	0	0	0	0.00834251534708012	0.0248701400912954	0	0.00267590114906343	0	0	0	0	0	0	0	0	0	0	0	0	0	0	0	0	0	0	0	0	0	0.00739807964741067	0	0	0	0	0	0	0	0	0	0	0	0	0	0	0	0	0	0	0	0.00251849519911853	0	0	0	0	0	0	0	0	0	0	0	0	0	0	0	0	0	0.000472217849834724	0	0	0	0	0	0	0	0	0	0	0	0	0.00708326774752086	0	0	0	0	0	0	0	0.000157405949944908	0	0	0	0	0	0	0	0	0	0	0	0	0	0	0	0	0	0	0	0	0	0	0	0.18762789233433	0	0	0	0	0	0	0	0	0	0	0	0	0	0.011962852195813	0	0	0	0	0	0.00519439634818196	0.00362033684873288	0	0	0	0	0	0	0	0	0	0.00377774279867779	0.00125924759955926	0.00173146544939399	0.0100739807964741	0	0	0	0	0	0	0	0	0	0.00141665354950417	0	0	0	0	0	0	0	0	0.00188887139933889	0	0	0	0	0	0	0	0	0	0.00188887139933889	0	0	0	0	0	0	0	0	0	0	0	0.000944435699669447	0	0	0.0196757437431135	0	0	0	0	0	0	0	0	0	0	0	0	0	0	0.00220368329922871	0	0	0	0	0	0	0	0	0	0	0	0	0.000629623799779632	0	0	0	0.00975916889658429	0	0	0.0080277034471903	0.0177868723437746	0	0	0.00173146544939399	0	0	0	0	0	0.042814418385015	0	0	0	0.00708326774752086	0	0	0	0	0	0	0	0	0	0.00629623799779632	0	0	0	0	0	0	0	0.000629623799779632	0.00283330709900834	0	0	0	0.00771289154730049	0	0	0	0	0	0	0	0	0	0	0	0	0	0	0	0	0	0	0	0	0	0	0	0.0103887926963639	0	0	0	0	0	0	0	0	0	0	0	0.00550920824807178	0	0	0.0185739020934991	0.00188887139933889	0	0	0	0	0	0	0	0	0	0	0	0	0	0	0	0	0	0	0	0	0	0	0	0	0	0	0	0	0	0	0	0.0111758224460885	0	0	0	0	0.00346293089878797	0	0	0	0	0	0	0	0	0.0284904769400283	0	0	0	0	0	0	0	0	0	0	0	0	0	0	0	0	0	0	0	0	0	0	0	0	0	0	0	0	0	0	0	0.00125924759955926	0	0	0	0	0	0.00125924759955926	0	0	0	0	0	0	0	0	0	0	0	0.00897213914685975	0	0	0	0	0	0	0.00157405949944908	0	0	0	0	0	0	0	0	0	0	0	0.0020462773492838	0.00613883204785141	0	0	0	0	0	0	0	0	0	0	0	0	0	0	0	0	0	0	0	0	0	0	0	0	0	0	0	0	0	0	0	0	0	0	0	0	0	0	0	0	0	0	0	0	0	0.00928695104674957	0	0	0	0	0	0	0	0	0	0	0	0	0	0	0	0	0	0	0	0	0	0	0	0	0	0	0	0.00346293089878797	0	0	0.00708326774752086	0	0	0	0	0.0133795057453172	0	0	0	0	0	0	0	0	0	0	0	0	0.0185739020934991	0	0	0	0	0	0	0	0	0	0	0	0	0	0	0	0	0	0	0	0	0	0	0	0	0	0	0	0	0	0	0	0	0	0	0	0	0	0	0	0	0	0.0166850306941602	0	0.00283330709900834	0	0	0	0	0	0	0	0	0	0.00629623799779632	0.00755548559735558	0	0	0	0	0	0	0	0	0	0	0	0	0	0	0	0	0	0	0	0	0	0	0	0	0	0	0	0	0	0	0	0	0	0	0	0	0	0	0	0	0	0	0	0	0	0	0.0599716669290099	0	0	0	0	0	0	0	0	0	0	0	0.00141665354950417	0	0	0	0	0.000314811899889816	0	0	0.0181016842436644	0	0	0	0	0	0	0	0	0	0	0	0	0	0.0231386746419015	0	0	0	0	0	0	0	0	0	0	0	0	0	0	0	0	0.00424996064851251	0	0.000314811899889816	0	0	0	0	0	0	0	0.00188887139933889	0	0	0	0	0	0	0	0	0	0	0	0	0	0	0	0	0.010231386746419	0.00141665354950417	0	0	0	0	0	0.0103887926963639	0	0	0	0	0.00141665354950417	0.0020462773492838	0	0	0.0020462773492838	0	0	0.00236108924917362	0	0	0	0	0	0	0	0	0	0	0	0	0.00110184164961436	0	0	0	0	0	0	0	0	0	0	0	0	0.00944435699669447	0	0	0	0	0	0	0	0	0	0.0692586179757595	0	0.0275460412403589	0	0	0.00377774279867779	0	0	0	0	0	0	0	0	0	0	0	0	0	0.00220368329922871	0	0	0	0	0	0	0.00409255469856761	0	0	0	0	0.00173146544939399	0	0	0.0184164961435542	0	0	0	0	0.0533606170313238	0	0	0	0	0.017157248543995	0	0	0.000314811899889816	0	0	0	0	0	0	0	0.0236108924917362	0	0.000314811899889816	0	0	0	0	0	0.000472217849834724	0	0.00550920824807178	0	0	0	0	0.00629623799779632	0	0	0	0	0	0	0	0	0	0	0	0	0.000314811899889816	0	0	0	0	0.00424996064851251	0	0	0	0	0.00661104989768613	0	0	0	0.00519439634818196	0	0	0	0	0	0	0	0	0	0	0	0	0	0	0	0
0	0	0	0	0	0	0	0	0	0	0	0	0	0	0	0	0	0	0	0	0	0	0	0	0	0	0	0	0	0.0150560762021816	0	0	0	0	0	0	0	0.00276540175142111	0	0	0	0	0	0	0	0	0	0	0	0	0	0	0.00476263634966969	0	0	0	0	0	0	0	0	0	0	0	0	0	0	0	0	0	0	0	0.00460900291903518	0	0	0	0	0	0	0	0	0	0	0	0	0	0	0	0	0	0	0	0	0	0	0	0	0	0	0	0	0	0	0.00153633430634506	0	0	0	0	0.00276540175142111	0	0	0	0	0	0	0	0	0	0	0	0.00921800583807036	0	0	0	0	0	0	0	0	0	0	0	0	0	0	0.0450145951759103	0	0	0	0	0	0	0	0	0	0.00230450145951759	0	0	0	0.0299585189737287	0	0	0	0	0	0.00168996773697957	0	0	0	0.00276540175142111	0	0	0	0	0	0	0.000614533722538024	0	0	0	0	0	0	0	0	0.00199723459824858	0	0	0	0	0	0	0	0	0	0	0	0	0.00645260408664926	0	0	0	0	0.00276540175142111	0	0	0	0	0.00368720233522815	0	0	0	0	0	0	0.00107543401444154	0	0	0	0	0	0	0	0.0585343370717468	0	0	0	0.00184360116761407	0	0	0	0	0	0	0	0.00168996773697957	0	0	0	0.00722077123982178	0	0	0	0	0	0	0	0	0	0	0	0.00399446919649716	0	0	0	0	0	0	0.00675987094791827	0.0218159471500999	0	0	0	0	0	0.00368720233522815	0	0	0.037640190505454	0	0	0.00184360116761407	0	0	0	0	0	0	0	0	0.0024581348901521	0	0.00445536948840068	0	0	0	0	0	0	0	0	0	0	0	0	0.00706713780918728	0	0	0	0	0	0	0	0	0	0	0	0	0	0	0	0	0	0	0	0	0	0	0	0.0192041788293133	0	0	0	0	0	0	0	0	0	0	0	0.0390228913811645	0	0	0.02488861576279	0	0	0	0	0	0	0	0	0	0	0	0	0	0	0	0	0	0	0	0	0	0	0	0	0	0	0	0	0.00814257182362882	0	0	0	0.0304194192656322	0	0	0	0.00168996773697957	0.00168996773697957	0	0	0	0	0	0	0	0.00614533722538024	0	0	0	0.00430173605776617	0	0	0	0.00460900291903518	0.0390228913811645	0	0	0	0	0	0	0	0	0	0	0	0	0	0	0	0	0	0	0	0	0	0	0	0	0	0	0	0	0	0	0	0	0	0	0	0	0	0	0	0	0	0	0	0	0	0	0	0	0.00337993547395913	0	0	0	0	0	0	0	0	0	0	0.00629897065601475	0	0	0	0	0	0	0	0	0	0	0.00706713780918728	0	0	0	0	0	0	0	0	0	0	0	0	0	0	0	0	0	0	0	0	0	0.00153633430634506	0	0	0	0	0	0	0	0	0	0	0	0	0.00491626978030419	0	0.00199723459824858	0	0	0	0	0	0	0	0	0	0	0	0	0	0.0110616070056844	0	0	0	0	0	0	0.00199723459824858	0	0	0	0	0.0026117683207866	0	0.00691350437855277	0	0	0	0	0	0	0.00122906744507605	0.0122906744507605	0	0	0	0	0	0	0	0	0	0	0.00537717007220771	0	0.0413273928406821	0	0	0	0	0	0	0	0	0	0	0	0	0	0.00691350437855277	0	0	0	0	0	0	0	0	0.0075280381010908	0	0	0.00553080350284222	0	0	0	0	0	0	0	0	0	0	0	0	0	0.00107543401444154	0	0.00414810262713166	0	0.0026117683207866	0	0	0	0.00583807036411123	0	0	0	0	0	0	0	0	0.00430173605776617	0	0	0	0	0	0	0	0	0	0	0	0	0	0	0	0	0.000614533722538024	0	0	0	0	0	0	0	0	0	0	0	0	0	0	0	0	0	0	0	0	0.00629897065601475	0	0	0	0	0	0	0.0967890612997388	0	0	0	0	0	0	0	0	0.0149024427715471	0	0	0	0	0	0	0	0	0.00138270087571055	0	0.0026117683207866	0	0	0	0	0.0024581348901521	0	0	0	0	0	0	0	0	0.00660623751728376	0	0	0	0	0	0	0	0	0	0	0	0	0.000921800583807036	0	0	0	0.0239668151789829	0	0	0	0	0	0	0	0	0	0	0	0	0	0	0	0	0	0	0	0.0024581348901521	0	0	0	0	0	0	0.013058841603933	0	0	0	0	0	0	0.00107543401444154	0	0	0	0	0	0	0.000307266861269012	0	0	0	0	0	0	0	0	0	0	0	0	0	0	0	0	0	0	0	0	0	0	0	0	0	0.00522353664157321	0	0	0	0	0.00322630204332463	0	0	0	0	0	0	0	0	0.00153633430634506	0.013058841603933	0	0.0109079735750499	0	0	0.00430173605776617	0	0	0	0	0	0	0	0	0	0	0	0	0	0	0	0	0	0.00322630204332463	0	0	0.00844983868489783	0.000460900291903518	0	0	0	0.00122906744507605	0	0	0.0193578122599478	0	0	0	0	0.0648333077277616	0	0	0	0	0	0	0	0	0	0	0	0	0	0	0	0.0437855277308342	0	0	0	0	0	0	0	0	0	0	0	0	0	0	0	0	0	0	0	0	0	0	0	0	0	0	0	0	0	0	0	0	0.00353356890459364	0	0	0	0.00537717007220771	0.00399446919649716	0	0	0.00353356890459364	0.00583807036411123	0	0	0	0	0	0	0	0	0	0.00153633430634506	0	0	0	0	0	0
0	0	0	0	0	0	0	0	0	0	0	0	0	0.00128644939965695	0	0	0	0	0	0	0	0	0	0	0	0	0	0	0	0.0216552315608919	0	0	0	0	0	0	0	0	0	0	0	0	0	0	0	0	0	0	0	0	0	0	0.0102915951972556	0	0	0	0	0	0	0	0	0	0	0	0	0	0	0	0	0	0	0	0.00321612349914237	0	0	0	0	0	0	0	0	0	0	0	0	0	0	0.0015008576329331	0	0	0	0	0	0	0	0	0	0.000643224699828473	0	0	0	0	0.00192967409948542	0.00107204116638079	0	0	0	0	0	0	0	0	0	0	0	0	0	0	0	0	0	0	0	0	0	0	0	0	0	0	0	0	0	0	0	0.0501715265866209	0	0.000643224699828473	0	0	0	0	0	0	0	0.00171526586620926	0	0	0	0.010934819897084	0	0	0	0	0.00214408233276158	0.00343053173241852	0	0	0	0.00278730703259005	0	0	0	0	0.000643224699828473	0	0.00321612349914237	0	0	0.00600343053173242	0	0	0	0	0	0.00128644939965695	0	0	0	0	0	0	0	0	0	0	0	0	0.0222984562607204	0	0	0	0	0	0	0	0	0	0.00321612349914237	0	0	0	0	0	0	0	0	0	0	0	0	0	0	0.0270154373927959	0	0	0	0	0	0	0	0	0	0	0	0	0	0	0.00836192109777015	0.00428816466552316	0	0	0	0	0	0	0	0	0	0	0	0	0	0	0	0	0	0	0	0.032590051457976	0	0	0	0	0	0	0	0	0.0471698113207547	0	0	0	0	0	0	0	0	0	0	0	0	0	0	0	0	0	0	0	0	0	0	0	0	0	0	0.00793310463121784	0	0	0	0	0	0	0	0	0	0	0	0	0	0	0	0	0	0	0	0	0	0	0	0	0	0	0	0	0	0	0	0	0	0	0.0100771869639794	0.00857632933104631	0	0	0.0510291595197256	0	0	0	0	0	0	0.0105060034305317	0	0	0	0	0	0	0	0	0	0	0	0	0	0	0	0	0	0	0	0	0	0	0.00728987993138937	0	0	0.0222984562607204	0	0	0	0	0.00171526586620926	0	0	0	0	0	0	0	0	0	0	0	0	0	0	0	0	0	0	0	0	0	0	0	0	0	0	0	0.0302315608919383	0	0	0	0	0	0	0	0	0	0	0	0	0	0	0	0	0	0	0.00428816466552316	0	0	0	0	0	0	0	0	0.00793310463121784	0	0	0	0	0	0	0	0	0	0	0	0	0	0	0	0	0	0	0	0	0	0	0	0	0	0	0	0	0	0	0	0	0	0	0	0	0	0	0	0	0	0	0	0	0	0	0	0	0	0	0	0	0	0	0	0	0	0	0	0	0	0	0	0	0	0	0	0	0.0160806174957118	0	0	0	0	0	0	0	0	0	0	0	0	0	0.0662521440823328	0	0	0	0	0	0	0	0	0	0	0	0	0	0.00514579759862779	0	0	0	0	0	0	0.00278730703259005	0.00278730703259005	0	0	0	0	0	0	0	0	0	0	0.00621783876500858	0	0.0493138936535163	0	0	0	0	0	0	0	0	0	0	0	0	0	0	0	0	0	0	0	0	0	0	0.0132933104631218	0	0	0	0	0	0	0	0	0	0	0	0	0	0	0	0	0.000643224699828473	0	0	0	0.000857632933104631	0	0	0	0	0	0	0	0.00450257289879931	0	0	0.019082332761578	0.00107204116638079	0	0	0	0	0	0	0	0	0	0	0	0	0	0	0	0	0	0.0015008576329331	0	0	0	0	0	0	0	0.000428816466552316	0	0	0	0	0	0	0	0	0	0	0	0	0	0	0	0.00235849056603774	0	0	0	0.121569468267581	0	0	0	0	0	0	0	0	0	0	0	0.00214408233276158	0	0	0	0	0	0	0.00471698113207547	0.00171526586620926	0	0	0	0	0.00450257289879931	0	0	0	0.015008576329331	0	0	0	0	0	0	0	0	0	0	0	0	0	0	0	0	0	0	0	0	0	0	0.00471698113207547	0	0.00192967409948542	0	0	0	0	0	0	0	0	0	0.00300171526586621	0	0	0	0	0	0	0	0	0	0	0	0	0	0.0182246998284734	0.00257289879931389	0	0	0	0	0	0	0	0	0	0	0	0	0	0	0.00192967409948542	0	0	0	0	0	0	0	0	0	0	0	0	0	0	0	0	0	0	0	0	0	0	0	0	0	0	0.00235849056603774	0	0.00171526586620926	0	0	0	0	0	0	0.00578902229845626	0	0	0.0283018867924528	0	0	0	0	0.00493138936535163	0	0	0	0	0	0	0	0	0	0	0	0	0	0	0	0	0	0.004073756432247	0	0	0	0	0	0	0	0	0	0	0.020368782161235	0	0.004073756432247	0	0	0.0604631217838765	0	0	0	0	0	0.00214408233276158	0	0	0	0	0	0	0	0	0	0.0566037735849057	0	0	0	0	0	0	0.000643224699828473	0	0	0	0	0	0	0	0	0	0	0	0	0	0	0	0	0	0	0	0	0	0	0	0	0	0.00278730703259005	0	0	0	0	0	0	0	0	0	0	0	0	0	0	0	0	0	0	0	0	0	0	0	0	0
0	0	0	0	0	0.00165502022802501	0	0	0.000183891136447223	0	0	0	0	0.00165502022802501	0	0	0	0	0	0	0	0	0	0	0	0	0	0	0	0.0047811695476278	0.028870908422214	0	0	0	0	0	0	0	0	0	0	0	0	0	0	0	0	0	0	0	0	0	0	0	0	0	0	0	0	0	0	0	0	0	0	0	0	0	0	0	0	0	0	0	0	0	0	0	0	0	0.00110334681868334	0	0	0	0	0	0	0.000183891136447223	0	0	0	0	0	0	0	0	0	0.00128723795513056	0	0	0	0	0	0	0	0	0	0	0	0	0	0	0	0	0	0	0	0	0	0	0.00735564545788893	0	0	0	0	0	0	0	0	0	0	0	0	0	0	0.0283192350128724	0	0	0	0	0	0	0	0	0	0	0	0	0	0	0	0	0	0	0.00202280250091946	0	0	0	0	0	0	0	0	0	0	0	0	0	0	0	0	0	0	0	0.0031261493196028	0.00220669363736668	0	0	0.0102979036410445	0.0031261493196028	0	0	0	0	0.00294225818315557	0	0	0	0.0224347186465612	0.00514895182052225	0	0	0	0.00901066568591394	0	0	0	0	0	0	0	0	0	0	0	0	0	0	0	0	0	0	0	0.0154468554615668	0	0	0	0	0	0	0	0	0	0	0	0	0	0	0	0.0023905847738139	0	0	0	0	0	0	0	0	0	0	0	0	0	0	0	0	0	0	0.0119529238690695	0.0115851415961751	0	0	0	0	0	0.0112173593232806	0	0	0.0323648400147113	0	0	0	0	0	0	0	0	0	0	0	0.0023905847738139	0	0.0102979036410445	0	0	0	0	0	0	0	0	0	0	0	0	0	0	0	0	0	0	0	0	0	0	0	0	0	0	0	0	0	0	0	0	0	0	0	0	0	0	0	0	0	0	0	0	0	0	0	0	0.0251930856932696	0	0	0.0185730047811695	0.0023905847738139	0	0	0	0	0	0.0224347186465612	0	0	0	0.176903273262229	0	0	0	0	0	0	0	0	0	0	0.0079073188672306	0	0	0	0	0	0	0	0.0047811695476278	0	0	0.0182052225082751	0	0	0	0.00202280250091946	0	0	0	0	0	0	0	0	0	0	0	0	0	0	0	0	0	0.000367782272894446	0	0	0	0	0	0	0.00294225818315557	0	0	0	0	0	0	0	0	0	0	0	0	0	0	0	0	0	0	0	0	0	0	0	0	0	0	0	0	0	0	0	0	0	0	0	0	0	0	0	0	0	0.00257447591026113	0	0	0.00459727841118058	0	0	0	0	0	0	0	0	0	0	0	0	0	0.0145273997793306	0	0	0	0	0	0	0	0	0	0	0	0	0	0	0	0	0	0	0	0	0	0	0	0	0	0	0.00220669363736668	0	0	0	0	0	0	0	0	0	0	0	0	0	0.00496506068407503	0.00993012136815006	0	0	0	0	0	0	0	0	0	0	0.00055167340934167	0	0	0	0	0	0	0	0	0	0	0	0	0	0	0	0	0.00533284295696947	0	0	0.00588451636631114	0	0	0	0	0.0456050018389114	0	0	0	0	0	0	0	0	0	0	0.00570062522986392	0	0.025560867966164	0	0	0	0	0	0	0	0	0	0	0.00349393159249724	0	0	0	0	0	0	0	0.0031261493196028	0	0	0	0.00643618977565281	0	0	0	0	0	0	0	0	0	0	0	0	0	0	0	0	0.000919455682236116	0	0	0	0	0	0	0	0	0	0	0	0.00147112909157779	0	0	0	0	0	0	0	0	0	0	0	0	0	0	0	0.00386171386539169	0	0	0	0	0	0	0	0	0	0	0	0	0	0	0	0	0	0	0	0	0	0	0	0	0	0	0	0	0	0	0	0	0	0.0509378447958808	0	0	0	0	0	0	0	0	0	0	0	0	0	0	0	0	0	0	0	0.0159985288709084	0	0	0	0	0	0	0	0	0.00496506068407503	0	0	0	0	0.00404560500183891	0	0	0	0	0	0	0	0	0	0	0	0	0.00128723795513056	0	0	0	0	0	0	0	0	0	0	0	0	0	0	0	0	0	0	0	0	0	0	0	0	0	0	0	0	0	0	0.00459727841118058	0.000735564545788893	0	0	0	0	0	0.0220669363736668	0	0	0	0	0	0	0	0	0	0	0	0	0	0	0	0	0	0	0	0.00349393159249724	0	0	0	0	0.00128723795513056	0	0	0	0	0	0	0	0	0	0	0	0	0.020595807282089	0	0.00956233909525561	0	0	0	0	0	0	0.00257447591026113	0.00919455682236116	0	0	0	0	0.00386171386539169	0	0	0	0	0	0	0	0	0	0	0	0	0	0	0	0	0	0	0	0	0.0115851415961751	0	0	0	0	0	0	0	0.0161824200073556	0	0	0	0	0.0821993379919088	0	0	0	0	0.0213313718278779	0	0	0	0	0	0	0	0	0	0	0.0273997793306363	0	0	0	0	0	0	0.00165502022802501	0	0	0	0	0	0	0	0	0	0	0	0	0	0	0	0	0	0	0.00257447591026113	0	0	0	0	0	0	0.00772342773078338	0	0	0	0	0	0	0	0.00183891136447223	0.00331004045605002	0	0	0	0	0	0	0	0	0	0.00275836704670835	0	0	0	0	0	0.00441338727473336
0	0	0	0	0	0	0	0	0.00130087344359784	0	0	0	0	0	0	0	0	0	0	0	0	0	0	0	0	0	0	0	0	0.0414421111317599	0.00446013752090689	0	0	0	0	0	0	0	0	0	0	0	0	0	0	0	0	0	0	0	0	0	0.020070618844081	0	0	0	0	0	0	0	0	0	0	0	0	0	0	0.0117078609923806	0	0	0	0	0.00836275785170043	0	0	0	0	0	0	0	0.00278758595056681	0	0	0	0	0	0	0.000185839063371121	0	0	0	0	0	0	0	0	0	0	0	0	0	0	0	0	0	0	0	0	0	0	0	0	0	0	0	0	0	0	0	0	0	0	0	0	0	0	0	0	0	0	0	0	0	0	0	0.0167255157034009	0	0	0	0	0	0	0.00446013752090689	0	0	0	0	0	0	0.0208139750975655	0	0	0	0	0.00278758595056681	0.00669020628136034	0.00817691878832931	0	0	0	0	0	0	0	0	0	0.000185839063371121	0	0	0.00650436721798922	0	0	0	0	0	0	0	0	0	0	0	0	0	0	0.00594685002787586	0	0	0	0.0288050548225237	0	0	0	0	0	0	0	0	0	0	0	0	0	0	0	0	0	0	0	0	0	0	0	0	0.0130087344359784	0	0	0	0	0	0	0	0	0	0	0	0	0	0	0	0	0	0	0	0	0	0	0	0	0	0	0	0.00185839063371121	0	0	0	0.0211856532243077	0	0	0.0128228953726073	0.0217431704144211	0	0	0	0	0	0	0	0	0.0353094220405129	0	0	0	0	0	0	0	0	0	0	0	0	0	0	0	0	0	0	0	0	0	0	0	0	0	0	0	0	0	0	0	0	0	0	0	0	0	0	0	0.00594685002787586	0	0	0	0	0	0	0	0	0	0	0	0	0	0	0	0	0	0	0	0	0	0	0.0105928266121539	0	0	0.00446013752090689	0	0	0	0	0	0	0	0	0	0	0	0	0	0	0	0	0	0	0	0	0	0	0	0.00464597658427802	0	0	0.00371678126742241	0	0	0.0183980672737409	0	0	0	0	0	0	0	0	0	0	0	0	0	0	0	0	0	0	0	0	0	0	0	0	0	0	0	0	0	0	0	0	0	0	0	0.0159821594499164	0	0	0	0	0	0	0	0	0	0	0	0	0	0	0	0	0	0	0	0	0	0	0	0	0	0	0	0	0	0	0.00464597658427802	0	0	0	0.00576101096450474	0	0	0.00204422969708233	0	0	0	0	0	0	0	0	0	0	0	0	0	0	0	0	0	0	0	0	0	0	0	0	0	0	0	0	0	0	0.00446013752090689	0	0	0	0	0	0	0	0	0	0	0	0	0	0	0	0	0	0	0	0	0	0	0	0	0	0	0	0	0	0	0	0	0	0	0	0	0	0	0	0	0	0.125813045902249	0	0	0	0	0	0	0	0	0	0	0	0	0	0.0182122282103698	0	0	0	0	0	0	0.00334510314068017	0.0236015610481323	0	0	0	0	0	0	0	0	0	0	0	0	0.0379111689277086	0	0	0	0	0	0	0	0	0	0	0	0	0	0	0	0	0	0	0	0	0	0	0	0	0	0	0	0	0	0	0	0	0	0	0	0	0	0	0	0	0.00185839063371121	0	0	0.0152388031964319	0	0	0	0	0	0	0	0	0	0	0	0	0.00334510314068017	0	0	0	0	0	0	0	0	0	0	0	0	0	0	0	0	0	0	0	0	0	0	0	0	0	0	0	0	0	0	0	0	0	0	0	0	0	0.00947779223192715	0	0	0	0	0	0	0.041627950195131	0	0	0	0	0	0	0	0	0.00873443597844267	0	0	0	0	0	0	0	0	0	0	0.0133804125627207	0	0	0	0	0.00223006876045345	0	0	0	0	0	0	0	0	0	0	0	0	0	0	0	0	0	0	0	0	0	0	0	0	0	0	0	0	0.00408845939416465	0	0	0	0	0	0	0	0	0	0	0	0	0	0	0	0	0	0	0	0	0	0	0	0.00929195316855603	0	0	0	0	0	0	0.00687604534473146	0	0	0	0	0	0	0	0	0.0193272625905965	0	0	0	0	0	0	0	0	0	0	0.000929195316855603	0	0	0	0	0	0	0	0	0	0	0	0	0	0	0	0	0	0	0	0	0	0	0	0	0.00576101096450474	0	0.00111503438022672	0.0105928266121539	0	0.013937929752834	0	0	0.00817691878832931	0	0	0	0	0	0	0	0	0	0	0	0	0	0	0	0	0.00334510314068017	0	0	0	0.00761940159821595	0	0	0	0	0	0	0	0.0148671250696896	0	0	0	0	0.104999070804683	0	0	0	0	0	0	0	0	0	0	0	0	0	0	0	0.101653967664003	0	0	0	0	0	0	0.000743356253484482	0	0	0	0	0	0	0	0	0	0	0	0	0	0	0	0	0	0	0	0	0	0	0	0	0	0.00334510314068017	0	0	0	0.000557517190113362	0	0	0	0	0	0	0	0	0	0	0	0	0	0	0	0	0	0	0	0	0
0	0	0	0	0	0	0	0	0	0	0	0	0	0	0	0	0	0	0	0	0	0	0.00700832238282961	0	0	0	0	0	0	0.0199299167761717	0	0	0	0	0	0	0	0	0	0	0	0	0	0	0	0	0	0.00788436268068331	0	0	0	0	0	0	0	0	0	0	0	0	0	0	0	0	0	0	0	0	0	0	0	0	0.0120455540954884	0	0	0	0	0	0	0	0	0	0	0	0	0	0	0	0	0	0	0	0	0	0	0	0	0	0	0	0	0	0	0	0	0	0	0	0	0	0	0	0	0	0.00109505037231713	0	0	0	0	0	0	0	0	0	0	0	0	0	0	0	0	0	0	0	0	0.00503723171265878	0	0	0	0	0	0	0	0	0	0	0	0	0	0.0157687253613666	0	0	0	0	0	0.00722733245729304	0	0	0	0	0	0	0	0	0	0	0	0	0	0	0	0	0	0	0	0	0	0	0	0	0	0	0	0	0	0	0	0	0.0286903197547087	0	0	0	0	0.00306614104248795	0	0	0	0	0	0	0	0.000438020148926851	0	0	0	0	0	0	0	0	0	0	0	0.046868155935173	0	0	0	0	0	0	0	0	0.00547525186158563	0	0	0	0	0	0	0.000657030223390276	0	0	0	0	0	0	0	0	0	0	0	0.00153307052124398	0	0	0	0	0	0	0.0129215943933421	0.0280332895313184	0	0	0	0	0	0	0	0	0.0755584756898817	0	0	0	0.00328515111695138	0	0	0	0	0	0	0	0	0	0	0	0	0	0	0	0	0	0	0	0	0	0	0	0	0	0	0	0	0	0	0	0	0	0	0	0	0	0	0	0	0	0	0	0	0	0	0.0216819973718791	0	0	0	0	0	0	0	0	0	0	0	0	0	0	0.0203679369250986	0	0	0	0	0	0	0	0	0	0	0	0	0	0	0	0	0	0	0	0	0	0	0	0	0	0	0	0	0	0	0	0	0.0256241787122208	0	0	0	0	0	0	0	0	0	0	0	0	0	0	0	0	0	0	0	0	0	0	0	0	0	0	0	0	0	0	0	0	0.00766535260621989	0	0	0	0	0	0	0	0	0	0	0	0	0	0	0	0	0	0	0	0	0	0	0	0	0	0	0	0	0	0	0	0	0	0	0.00240911081909768	0	0	0	0	0	0	0	0	0	0	0	0	0	0	0	0	0	0	0	0	0	0	0	0	0.00547525186158563	0	0	0	0	0	0	0	0	0	0	0	0	0	0	0	0	0	0	0	0	0	0	0	0	0	0	0	0	0	0	0	0	0	0	0	0	0	0	0	0	0	0	0	0	0	0	0	0	0	0	0.127682873412177	0	0	0	0	0	0	0	0	0	0	0	0	0	0.00744634253175646	0	0	0.00700832238282961	0	0	0	0	0.0127025843188787	0	0	0	0	0	0	0	0	0	0	0	0	0.0359176522120018	0	0	0	0	0	0	0	0	0	0	0	0	0	0.00240911081909768	0	0	0	0	0	0	0	0	0.0170827858081472	0	0	0	0	0	0	0	0	0	0	0	0	0	0	0	0	0.000876040297853701	0	0	0	0.00131406044678055	0	0	0	0	0	0	0	0	0	0	0.010293473499781	0	0.00525624178712221	0	0	0	0	0	0	0	0	0	0	0	0	0.00635129215943933	0	0	0	0	0	0	0	0	0	0	0	0	0	0	0	0	0	0	0	0	0	0	0	0	0	0	0	0.000876040297853701	0	0	0	0.152212001752081	0	0	0	0	0	0	0	0	0	0	0	0	0	0	0	0	0	0	0	0	0	0	0	0	0	0	0	0	0	0	0	0	0	0	0	0	0	0	0	0	0	0	0	0	0	0	0.0017520805957074	0	0	0	0	0	0	0	0	0	0	0	0	0	0	0	0	0	0	0	0	0	0	0	0	0	0	0	0	0	0	0.00897941305300044	0	0.00372317126587823	0	0	0	0	0.00372317126587823	0	0	0	0	0	0	0	0	0	0	0	0	0	0	0	0	0	0	0	0	0	0	0	0	0.00438020148926851	0	0	0	0	0	0	0	0	0	0	0	0	0.00284713096802453	0	0	0	0	0	0	0	0	0	0.0400788436268068	0	0	0	0	0.00197109067017083	0	0	0	0	0	0	0	0	0	0	0	0	0	0	0	0	0	0	0	0	0.00678931230836618	0	0	0	0	0	0	0	0.0186158563293912	0	0	0	0	0.0146736749890495	0	0	0	0	0.00350416119141481	0	0	0	0	0	0	0	0	0	0	0.113666228646518	0	0	0	0	0	0	0	0	0	0	0	0	0	0	0	0	0	0	0	0	0	0	0	0	0	0	0	0	0	0	0	0	0.00394218134034166	0	0.00941743320192729	0	0	0	0	0	0.00240911081909768	0.00635129215943933	0	0	0	0	0	0	0	0	0	0	0	0	0	0	0	0
0	0	0	0	0	0	0.00202645051194539	0	0	0	0	0	0	0	0	0	0	0	0	0	0	0	0	0	0	0	0.0104522184300341	0	0.00330631399317406	0.0173848122866894	0.0414889078498294	0	0	0	0	0	0	0	0	0	0	0	0	0	0.00149317406143345	0	0	0	0	0	0	0	0.0228242320819113	0	0	0	0	0	0	0.00927901023890785	0	0	0	0	0	0	0	0	0	0	0	0	0	0	0	0	0	0	0	0	0.00991894197952218	0	0	0	0	0	0	0	0	0	0	0	0	0	0	0	0.000746587030716724	0	0	0	0	0	0.001919795221843	0.0102389078498294	0	0	0	0	0.000106655290102389	0	0	0	0	0	0	0	0	0	0	0	0.00405290102389078	0	0	0	0	0	0	0	0	0	0	0	0	0.000533276450511945	0	0.193152730375427	0	0	0	0	0	0	0	0	0	0	0	0	0	0.0218643344709898	0	0	0	0	0	0.00234641638225256	0	0	0	0.000959897610921502	0	0.000746587030716724	0	0	0	0	0.000426621160409556	0	0	0	0	0	0	0	0	0	0	0	0	0	0	0	0	0	0.00319965870307167	0	0	0	0	0	0	0	0	0.00309300341296928	0	0	0	0	0	0	0	0	0	0	0	0	0	0	0	0	0	0	0	0.0162116040955631	0	0	0	0.00181313993174061	0	0	0	0	0.00661262798634812	0	0	0	0	0	0	0.00202645051194539	0	0	0	0	0	0	0	0	0	0	0	0.00255972696245734	0	0	0	0	0	0	0.00426621160409556	0.00693259385665529	0	0	0	0	0	0.00575938566552901	0	0	0.0265571672354949	0	0.00266638225255973	0	0.00746587030716724	0.000639931740614334	0	0	0	0	0	0	0.00245307167235495	0	0.00938566552901024	0.000213310580204778	0	0	0	0	0	0	0	0	0	0	0	0	0	0	0	0	0	0	0	0	0	0	0	0	0	0	0	0	0	0	0	0	0	0	0	0.00543941979522184	0	0	0	0	0	0	0	0	0	0	0	0.00565273037542662	0.000213310580204778	0	0.00597269624573379	0.000959897610921502	0	0.000853242320819113	0.000639931740614334	0	0	0	0	0	0	0	0	0	0	0	0	0	0	0	0	0	0.0058660409556314	0	0	0	0	0	0	0	0	0	0.00149317406143345	0.00853242320819113	0	0	0	0.0087457337883959	0.001919795221843	0	0	0	0	0	0	0	0	0.00319965870307167	0	0	0.00170648464163823	0	0.00373293515358362	0	0	0	0	0	0	0	0	0	0	0	0	0	0.0217576791808874	0	0	0	0	0	0	0	0.00127986348122867	0	0	0	0	0.00127986348122867	0	0	0	0	0	0.0142918088737201	0	0	0	0	0	0	0	0	0.001919795221843	0	0	0	0	0	0	0.0257039249146758	0	0	0	0	0	0	0	0	0	0	0	0	0	0	0	0	0	0	0	0	0	0	0	0	0.00234641638225256	0	0	0	0	0	0	0	0	0.00895904436860068	0	0	0	0	0	0	0	0	0	0	0	0	0	0	0	0	0	0	0	0	0	0	0	0	0	0	0.00106655290102389	0.00138651877133106	0	0	0	0	0.00127986348122867	0	0	0	0	0	0	0	0	0	0	0	0.000319965870307167	0	0.000959897610921502	0	0.0137585324232082	0	0.000213310580204778	0	0	0.00255972696245734	0	0.0049061433447099	0	0	0	0	0.00671928327645051	0	0.00117320819112628	0.00138651877133106	0	0	0	0	0	0	0	0	0	0.00117320819112628	0	0.00138651877133106	0.01205204778157	0	0	0	0	0	0	0.0058660409556314	0	0	0	0.0131186006825939	0	0	0	0	0	0	0	0	0	0	0	0	0	0	0	0	0	0	0	0	0	0	0	0	0	0	0	0	0	0	0.0150383959044369	0	0	0	0	0	0	0	0	0	0	0	0.00405290102389078	0	0	0	0.000959897610921502	0	0	0	0	0	0	0	0	0	0	0	0.0039462457337884	0	0	0	0.00117320819112628	0	0	0	0	0	0	0	0	0	0	0	0	0	0	0	0	0	0	0	0	0	0	0	0.000853242320819113	0	0	0.00234641638225256	0.0214377133105802	0	0	0	0	0.001919795221843	0	0	0	0	0	0	0	0	0	0	0	0	0	0	0.0205844709897611	0	0	0	0	0	0	0	0	0	0	0	0	0	0	0	0	0	0	0	0	0	0	0	0	0	0	0	0	0	0	0	0	0	0	0	0	0	0	0	0	0	0	0	0	0	0	0	0	0	0	0	0	0	0	0	0	0	0.00554607508532423	0.00298634812286689	0	0	0	0	0	0.0739121160409556	0	0	0	0	0	0	0	0	0	0	0	0	0	0	0	0.00341296928327645	0	0	0	0.00181313993174061	0	0	0	0	0.00223976109215017	0	0	0	0	0	0	0	0	0	0	0	0	0.00287969283276451	0	0	0	0	0	0	0	0	0	0.0265571672354949	0	0.00949232081911263	0	0	0.00735921501706485	0	0	0	0	0	0	0	0	0	0	0	0	0	0	0	0	0.00181313993174061	0	0	0	0.00831911262798635	0	0	0	0	0.013971843003413	0	0	0.00959897610921502	0	0	0	0	0.0351962457337884	0	0	0	0	0.0167448805460751	0	0	0	0	0	0	0	0	0	0	0.0129052901023891	0	0	0	0	0	0	0	0	0	0.00746587030716724	0	0	0	0	0.00629266211604096	0	0	0	0	0	0	0	0	0	0	0	0	0	0	0	0	0	0.00554607508532423	0	0	0	0.00266638225255973	0	0	0	0.00714590443686007	0.00341296928327645	0	0	0	0	0	0	0	0	0.000746587030716724	0.000746587030716724	0	0	0	0	0	0
0	0	0	0	0	0	0	0	0.00153542443518315	0.00307084887036631	0	0	0	0.00186444395700812	0	0	0	0	0	0	0	0	0	0	0	0	0	0	0	0.0179864005264312	0.00350954156613292	0	0	0	0	0	0	0.00219346347883308	0	0.00471594647949112	0	0	0	0	0	0	0	0.00405790743584119	0	0	0	0	0	0	0	0	0	0	0	0	0	0	0	0	0	0	0	0	0	0	0	0	0.00658039043649923	0	0	0	0	0	0	0	0	0	0	0	0	0	0	0	0	0	0	0	0	0	0	0	0	0	0	0	0	0	0	0	0	0	0	0	0	0	0	0	0	0	0	0	0	0	0	0	0.00274182934854135	0	0.00416758060978285	0	0	0	0	0	0	0	0	0	0	0	0	0.00833516121956569	0	0	0	0	0	0	0	0	0	0.00109673173941654	0.011076990568107	0	0	0.0148058784821233	0	0	0	0	0	0.00383856108795789	0.0014257512612415	0	0	0	0	0	0	0	0	0	0	0	0	0	0	0	0	0	0	0	0	0	0.00548365869708269	0	0	0	0	0	0	0	0	0	0	0	0	0	0	0.002851502522483	0	0	0	0	0.00471594647949112	0	0	0	0	0	0	0	0	0	0	0	0	0	0	0.0198508444834394	0	0	0	0	0	0	0	0	0.0193024786137311	0	0	0	0	0	0.00153542443518315	0.00230313665277473	0	0	0	0	0	0	0	0	0	0	0	0.00438692695766615	0	0	0	0	0	0	0.0161219565694231	0.0471594647949112	0	0	0	0	0	0	0	0	0.0760035095415661	0	0	0	0	0	0	0	0	0	0	0.00109673173941654	0	0	0	0	0.00263215617459969	0	0	0	0	0	0	0	0	0	0	0.00482561965343277	0	0	0	0	0	0	0	0	0	0	0	0	0	0	0	0	0	0	0	0	0	0	0	0	0	0	0	0	0	0	0	0	0	0	0	0	0	0	0.025663522702347	0	0	0	0	0	0	0.0784163193682825	0	0	0.000548365869708269	0	0	0	0	0	0	0	0	0	0	0	0	0	0	0	0	0	0	0	0	0	0.000987058565474885	0.0115156832638737	0	0	0	0	0.00186444395700812	0	0	0	0	0	0	0	0	0	0	0	0.002851502522483	0	0	0	0	0	0	0	0	0	0	0	0.00329019521824962	0	0	0	0.00581267821890765	0	0	0	0	0	0	0	0	0	0	0	0	0	0	0	0	0.000438692695766616	0	0	0	0	0	0	0	0	0	0	0	0	0	0.00625137091467427	0	0	0	0.002851502522483	0	0.000219346347883308	0.00252248300065804	0	0	0	0	0	0	0	0	0	0	0	0	0	0	0	0	0.0252248300065804	0	0	0	0	0.00197411713094977	0	0	0	0	0	0	0	0	0	0	0	0	0	0	0	0	0	0	0	0	0	0	0.00230313665277473	0	0	0	0	0.0194121517876727	0	0	0	0	0	0	0	0	0.00910287343715727	0	0	0	0	0	0	0	0	0	0	0	0	0	0	0	0	0	0.00460627330554946	0	0	0	0	0	0	0	0	0	0.0166703224391314	0	0	0	0	0	0	0	0	0	0	0	0	0	0	0	0	0.00372888791401623	0.00219346347883308	0.00614169774073262	0	0	0	0	0	0	0	0	0	0	0	0.000877385391533231	0	0	0	0	0	0	0	0	0	0	0	0	0.0190831322658478	0	0	0	0	0	0	0	0	0	0	0	0	0	0	0	0	0.000438692695766616	0	0	0	0.0183154200482562	0	0	0	0	0	0	0	0	0	0	0.0236894055713972	0	0	0	0	0	0	0	0	0	0	0	0	0	0	0	0	0	0	0	0	0	0	0	0	0	0	0	0.0042772537837245	0	0	0	0	0	0	0	0	0	0	0	0	0	0	0	0	0	0.000987058565474885	0.0633910945382759	0	0	0	0	0	0	0	0	0	0	0	0.00175477078306646	0	0	0	0	0	0	0	0.00208379030489142	0	0	0	0	0.002851502522483	0	0.000767712217591577	0	0	0	0	0	0	0.00186444395700812	0	0	0	0	0	0	0	0	0	0	0	0	0	0	0	0	0	0	0	0.002851502522483	0	0	0	0	0	0	0	0	0	0	0	0	0	0	0	0	0	0	0	0.00131607808729985	0	0	0	0.0436499232287782	0.00361921474007458	0	0	0	0	0	0.00361921474007458	0	0	0	0	0	0	0	0	0.000877385391533231	0	0	0	0	0	0	0	0.00372888791401623	0	0	0.0325729326606712	0	0	0	0.0115156832638737	0.00296117569642465	0	0	0	0	0	0	0	0	0	0.00614169774073262	0	0	0.00493529282737442	0	0	0	0	0	0	0	0	0	0.00822548804562404	0	0	0	0	0.00405790743584119	0	0	0	0	0	0	0	0	0	0	0	0	0	0	0	0	0.0014257512612415	0	0	0	0.00197411713094977	0	0.00164509760912481	0	0	0	0	0	0.0191928054397894	0	0	0	0	0.0519850844483439	0	0	0	0	0	0	0	0	0	0	0	0	0	0	0	0.110221539811362	0	0	0	0	0	0	0	0	0	0	0	0	0	0	0	0	0	0	0	0	0	0	0	0	0	0	0	0	0	0	0	0	0	0	0	0	0	0	0	0	0.005703005044966	0.00153542443518315	0	0	0	0	0	0	0	0	0	0	0	0	0	0	0	0
0	0	0	0	0	0	0	0	0	0	0	0	0	0	0	0	0	0	0	0	0	0	0	0	0	0	0	0	0.00652173913043478	0.012111801242236	0.0031055900621118	0	0	0	0	0	0	0.00527950310559006	0	0	0	0	0	0	0	0	0	0.0201863354037267	0	0	0	0	0.015527950310559	0	0	0	0	0	0	0	0	0	0	0	0	0	0	0.00962732919254658	0	0	0	0	0.00807453416149068	0	0	0	0	0	0	0	0.00527950310559006	0	0	0	0	0	0	0	0	0	0	0	0	0	0	0	0	0	0	0	0	0	0	0	0	0	0	0	0	0	0	0	0	0	0	0	0	0	0	0	0.024223602484472	0	0	0	0	0	0	0	0	0	0	0	0	0	0	0.0322981366459627	0	0	0	0	0	0	0	0	0	0	0	0	0	0.0512422360248447	0	0	0	0	0	0.0239130434782609	0	0.015527950310559	0	0.00341614906832298	0	0	0	0	0	0	0.00434782608695652	0	0	0	0	0	0	0	0.00341614906832298	0	0	0	0	0.00248447204968944	0	0	0	0	0	0	0	0	0.0183229813664596	0	0	0	0	0	0	0	0	0	0	0	0	0	0	0	0	0	0	0	0	0	0	0	0	0.0164596273291925	0	0	0	0	0	0	0	0.00714285714285714	0.0046583850931677	0	0	0	0	0	0	0.0077639751552795	0	0	0	0	0	0	0	0	0	0	0	0.00590062111801242	0.00217391304347826	0	0	0	0	0	0.0130434782608696	0.0201863354037267	0	0	0	0	0	0.0158385093167702	0	0	0.0226708074534161	0	0	0	0.0124223602484472	0	0	0	0	0	0	0	0	0	0	0	0	0	0	0	0	0	0	0	0	0	0	0.00279503105590062	0	0	0	0	0	0	0	0	0	0	0	0	0	0	0	0	0	0	0	0	0	0	0	0.0152173913043478	0	0	0	0	0	0	0	0	0	0	0	0.0152173913043478	0	0	0	0	0	0	0	0	0	0	0	0	0	0	0	0	0	0	0	0	0	0	0	0	0	0	0	0	0	0	0	0	0.0177018633540373	0	0	0	0	0	0.00093167701863354	0.0015527950310559	0	0.00093167701863354	0	0	0	0	0	0	0	0	0	0	0	0	0	0	0	0	0	0	0	0	0	0	0	0	0	0	0	0	0	0	0	0	0	0	0	0	0	0	0	0	0	0	0	0	0	0	0	0	0	0	0	0	0	0	0.0015527950310559	0	0	0	0	0	0	0	0	0	0.00714285714285714	0	0	0	0	0	0	0	0	0	0	0	0	0	0	0	0	0	0	0	0	0	0	0	0	0	0	0	0	0	0	0.0232919254658385	0	0	0	0	0	0	0	0	0	0	0	0	0	0	0	0	0	0	0	0	0	0	0	0	0	0	0	0.0192546583850932	0	0	0	0	0	0	0	0	0	0	0	0	0	0	0	0	0	0	0	0	0	0	0	0	0	0	0	0.031055900621118	0	0.00093167701863354	0	0	0	0	0.00217391304347826	0.0456521739130435	0	0	0	0.0291925465838509	0	0	0	0	0	0	0	0	0	0	0	0.00062111801242236	0	0	0	0	0	0	0	0	0	0.0177018633540373	0	0	0	0	0	0	0	0	0	0	0	0	0	0	0	0	0	0	0	0	0	0	0	0	0	0	0	0	0.00559006211180124	0	0	0	0	0	0	0	0	0	0	0	0	0	0	0.00527950310559006	0	0	0	0	0	0	0	0	0	0	0	0	0	0	0	0	0	0	0	0	0	0	0	0	0	0	0	0	0	0	0	0	0	0	0	0	0	0.00714285714285714	0	0	0	0	0	0	0.0208074534161491	0	0	0	0	0	0	0	0	0	0	0	0	0	0	0	0	0	0	0	0.0077639751552795	0	0	0	0	0	0	0	0	0	0	0	0	0	0	0	0	0	0	0	0	0	0	0	0	0	0	0.00093167701863354	0	0	0	0	0.00962732919254658	0	0.00248447204968944	0	0	0	0	0	0	0	0	0	0	0	0	0	0	0	0	0	0	0	0	0	0	0	0.0201863354037267	0.0015527950310559	0	0	0	0	0	0.0726708074534162	0	0	0	0	0	0	0	0	0	0	0	0	0	0	0	0	0	0	0	0	0	0	0	0	0.00124223602484472	0	0	0	0	0	0	0	0	0	0	0	0	0.00279503105590062	0	0	0	0	0	0	0.0167701863354037	0	0	0.0173913043478261	0	0	0	0	0.00341614906832298	0	0	0	0	0	0	0	0	0	0	0	0	0	0	0	0	0	0	0	0	0	0	0	0	0	0	0	0	0.00745341614906832	0	0	0	0	0.0838509316770186	0	0	0	0	0	0	0	0	0	0	0	0	0	0	0	0.0590062111801242	0	0	0	0	0	0	0.00062111801242236	0	0	0	0	0	0	0	0	0	0	0	0	0	0	0	0	0	0	0	0	0	0	0	0	0	0.00683229813664596	0	0	0	0	0	0	0	0.00714285714285714	0.00962732919254658	0	0	0	0	0	0	0	0	0	0	0	0	0	0	0	0.00372670807453416
0	0	0	0	0	0	0	0	0	0	0	0	0	0	0	0	0	0	0	0	0	0	0.00578094353256942	0	0	0	0.00144523588314236	0	0	0.00485186332197791	0.00402601424589656	0	0	0	0	0	0	0	0	0	0	0	0	0	0	0	0	0.0103231134510168	0	0	0	0	0	0	0	0	0	0	0	0	0	0	0	0	0	0	0	0	0	0	0	0	0.00185816042118303	0	0	0	0	0	0	0	0	0	0	0	0	0	0	0	0	0	0	0	0	0	0	0	0	0	0	0	0	0	0	0	0	0	0	0	0	0	0	0	0	0	0	0	0	0	0	0	0	0	0	0	0	0	0	0	0	0	0	0	0	0	0	0.0087746464333643	0	0	0	0	0	0	0	0	0	0	0	0	0	0.00712294828120161	0	0	0	0	0	0.00165169815216269	0.00154846701765252	0	0	0	0	0	0	0	0	0	0	0	0	0.00526478786001858	0	0	0	0	0.00144523588314236	0	0	0	0	0	0	0	0	0	0	0	0	0	0.00464540105295757	0	0	0	0	0.00247754722824404	0	0	0	0	0	0	0	0	0	0	0	0	0	0	0	0	0	0	0	0.0179622174047693	0	0	0	0	0	0	0	0	0	0	0	0	0	0	0	0.00258077836275421	0	0	0	0	0	0	0	0.00485186332197791	0	0	0	0	0	0	0	0	0	0	0.00443893878393724	0.00691648601218127	0	0	0	0	0	0	0	0	0.0213688448436048	0	0	0	0.00216785382471353	0	0	0	0	0	0	0	0	0	0.00340662743883555	0	0	0	0	0	0	0	0	0	0	0.00134200474863219	0	0	0	0	0	0	0	0	0	0	0	0	0	0	0	0	0	0	0	0	0.000309693403530505	0	0	0	0	0.00381955197687623	0	0	0	0	0	0	0	0	0	0	0.00350985857334572	0.00681325487767111	0	0	0.00330339630432538	0	0	0	0	0	0	0.00774233508826262	0	0	0	0	0	0	0	0	0	0	0	0	0	0	0	0	0	0	0	0	0	0	0.0045421699184474	0	0	0.012903891813771	0	0	0	0	0	0	0	0	0	0	0	0	0.00299370290079488	0	0	0	0	0	0	0	0.00061938680706101	0	0	0	0	0	0	0	0	0	0	0	0	0	0	0	0	0	0	0	0	0	0	0	0	0	0	0	0	0	0	0	0	0	0	0	0	0	0	0	0	0	0	0	0	0	0	0	0	0	0.00258077836275421	0	0	0	0	0	0	0.000206462269020337	0	0	0	0	0	0	0	0	0	0	0	0	0	0	0.00165169815216269	0	0	0	0	0	0.000206462269020337	0	0	0	0	0	0	0	0	0	0	0	0	0	0	0	0.00237431609373387	0	0	0	0	0	0	0	0	0	0	0	0	0	0	0.00123877361412202	0	0	0	0	0	0	0	0	0	0	0	0	0	0	0	0	0	0	0	0	0.00794879735728296	0	0	0	0	0	0	0.00247754722824404	0	0	0	0	0	0	0	0.0124909672757304	0	0	0	0	0	0	0	0	0	0	0	0	0.0221946939196862	0	0	0	0	0	0	0	0	0	0	0	0	0	0	0	0	0	0	0	0	0	0	0.00578094353256942	0	0	0	0	0	0	0	0	0	0	0	0	0	0	0	0	0.000929080210591514	0	0	0	0	0	0	0	0	0	0	0	0	0	0	0	0	0	0	0	0	0	0	0	0	0	0	0	0	0	0	0	0	0	0.000309693403530505	0	0	0	0	0	0	0	0	0	0	0	0	0	0	0	0	0	0	0	0	0.00144523588314236	0	0	0	0	0	0	0.0501703313719418	0	0	0	0	0	0	0	0	0	0	0	0	0	0	0	0	0	0	0	0.00123877361412202	0	0	0	0	0	0	0	0	0	0	0	0	0	0	0	0	0	0	0	0	0	0	0	0	0	0	0.615257561680603	0	0	0	0	0	0	0	0	0	0	0	0	0	0	0	0	0	0	0	0	0	0	0	0	0	0	0	0	0	0	0.0101166511819965	0	0	0	0	0	0	0.00578094353256942	0	0	0	0	0	0	0	0	0.00278724063177454	0	0	0	0	0	0	0	0	0	0	0	0	0	0	0	0.00134200474863219	0	0	0	0	0	0	0	0	0	0	0	0	0	0	0	0	0	0	0	0.00258077836275421	0	0	0.0022710849592237	0	0.00794879735728296	0	0	0.0022710849592237	0	0	0	0	0	0	0	0	0	0	0	0	0	0	0	0	0	0	0	0	0.00392278311138639	0	0	0	0	0	0	0	0.00712294828120161	0	0	0	0	0.0205429957675235	0	0	0	0	0	0	0	0	0	0	0	0	0	0	0	0.0298337978734386	0	0	0	0	0	0	0	0	0	0	0	0	0	0	0	0	0	0	0	0	0.000206462269020337	0	0	0	0	0	0	0	0	0	0	0	0.000825849076081346	0	0	0	0	0	0	0	0	0.00113554247961185	0	0	0	0	0	0	0	0	0	0	0	0	0	0	0	0
0	0	0	0	0	0	0	0	0	0	0	0	0	0	0	0	0	0	0	0	0	0	0.00807061790668348	0	0	0	0	0	0.00201765447667087	0.00983606557377049	0.00390920554854981	0	0	0	0	0	0	0	0	0	0	0	0	0	0	0	0	0.012484237074401	0	0	0	0	0.00794451450189155	0	0	0	0	0	0	0	0	0	0	0	0	0	0	0	0	0	0	0	0.00441361916771753	0	0	0	0	0	0	0	0	0	0	0	0	0	0	0	0	0	0	0	0	0	0	0	0	0	0	0	0	0	0.0021437578814628	0	0	0	0	0	0.000756620428751576	0	0	0	0	0	0	0	0	0	0	0	0	0	0	0	0	0	0	0	0	0	0	0	0	0	0	0.00668348045397226	0	0	0	0	0	0	0	0	0	0.00252206809583859	0	0	0	0.0136191677175284	0	0	0	0	0	0	0.00327868852459016	0	0	0.00340479192938209	0	0	0	0	0	0	0	0	0	0.00744010088272383	0	0	0	0	0.00126103404791929	0	0	0.000378310214375788	0	0	0	0	0	0	0.00252206809583859	0	0	0	0.00416141235813367	0.00163934426229508	0	0	0	0.00201765447667087	0	0	0	0	0.00151324085750315	0	0	0	0	0	0	0	0	0	0	0	0	0	0	0.0325346784363178	0	0	0	0	0	0	0	0	0	0	0	0	0	0	0	0.00416141235813367	0	0	0	0	0	0	0	0	0	0	0	0.00390920554854981	0	0	0	0	0	0	0.00718789407313998	0.0181588902900378	0	0	0	0	0	0	0	0	0.0683480453972257	0	0	0	0	0	0	0	0	0	0	0.000504413619167718	0	0	0.0201765447667087	0	0	0	0	0	0	0	0	0	0	0	0	0.0210592686002522	0	0	0	0	0	0	0	0	0	0	0	0	0	0	0	0	0	0	0	0	0	0	0	0.0330390920554855	0	0	0	0	0	0	0	0	0	0	0	0	0	0	0.0346784363177806	0	0	0	0	0	0	0	0	0	0	0	0	0	0	0	0	0	0	0	0	0	0	0	0	0	0	0	0	0	0	0	0	0.0210592686002522	0	0	0	0	0	0	0	0	0	0	0	0	0.00567465321563682	0	0	0	0.00239596469104666	0	0	0	0	0	0	0	0.00176544766708701	0	0	0	0.0021437578814628	0	0	0	0	0	0	0	0	0	0	0	0	0	0	0	0	0	0	0	0	0	0	0.00126103404791929	0	0	0	0	0	0	0	0	0.00100882723833544	0	0	0	0	0	0	0	0	0	0.00390920554854981	0	0	0	0	0	0	0	0	0	0	0	0	0	0	0	0	0	0	0	0	0	0.00327868852459016	0	0	0	0	0	0	0	0	0	0	0	0	0	0	0	0	0	0	0	0.00252206809583859	0	0	0	0	0	0	0	0.0134930643127364	0	0	0	0	0	0	0	0	0.00970996216897856	0	0	0	0	0	0	0	0	0	0	0	0	0	0.0282471626733922	0	0	0	0	0	0	0	0	0	0	0	0	0	0.00580075662042875	0	0	0.00302648171500631	0	0	0	0	0	0	0	0	0	0	0	0	0	0.00302648171500631	0	0.0163934426229508	0	0.127742749054224	0	0	0	0	0	0	0	0	0	0	0	0	0	0	0	0	0	0	0	0	0	0	0.0108448928121059	0	0	0	0	0	0	0.00100882723833544	0	0	0	0	0	0	0	0	0	0	0.00126103404791929	0	0	0.000630517023959647	0	0	0	0	0	0	0	0.00151324085750315	0	0	0.00189155107187894	0	0	0	0	0	0	0	0	0	0	0	0	0	0	0	0	0	0	0	0	0	0	0	0	0	0	0	0.00189155107187894	0	0	0	0	0	0	0	0	0	0	0	0	0	0	0.00138713745271122	0	0	0	0.0641866330390921	0	0	0	0	0	0	0	0	0	0	0	0.00138713745271122	0	0	0	0	0	0	0.0442622950819672	0	0	0	0	0	0	0	0	0	0.00832282471626734	0	0	0	0	0.00315258511979823	0	0	0	0	0	0	0	0.000630517023959647	0	0	0	0	0	0	0	0	0	0	0	0.00201765447667087	0	0.000882723833543506	0	0	0	0	0	0	0	0	0	0	0	0	0	0	0	0	0	0	0	0	0	0.0230769230769231	0.0021437578814628	0	0	0	0	0	0.00163934426229508	0	0	0	0	0	0	0	0	0.00441361916771753	0	0	0	0	0	0	0	0	0	0	0	0	0	0	0	0.00226986128625473	0	0	0	0	0	0	0	0	0	0	0	0	0.00416141235813367	0	0	0	0	0	0	0.000126103404791929	0	0	0.0402269861286255	0	0	0	0	0	0	0	0	0	0	0	0	0	0	0	0	0	0	0	0	0	0	0	0	0	0.0108448928121059	0	0	0	0	0	0	0	0.0302648171500631	0	0	0	0	0.0630517023959647	0	0	0	0	0	0	0	0	0	0	0	0	0.00605296343001261	0	0.00239596469104666	0.0532156368221942	0	0	0	0	0	0	0.000630517023959647	0	0	0	0	0	0	0	0	0	0	0	0	0	0	0	0	0	0.000756620428751576	0	0	0	0	0	0	0	0.00138713745271122	0	0	0	0	0.00201765447667087	0	0	0.00189155107187894	0.0021437578814628	0	0	0	0	0	0	0	0	0.00378310214375788	0	0	0	0	0	0	0
0	0	0	0	0	0.00205409106470387	0	0	0	0	0	0	0	0.00188291680931188	0	0	0	0	0	0.000342348510783978	0	0	0	0	0	0	0	0	0	0.00599109893871962	0.00376583361862376	0	0	0	0	0	0	0	0	0	0	0	0	0	0	0	0	0	0	0	0	0	0	0	0	0	0	0	0.00290996234166381	0	0	0	0	0	0	0	0	0	0	0	0	0	0.00872988702499144	0	0	0	0	0	0	0	0.00513522766175967	0	0	0	0	0	0	0.000171174255391989	0	0	0	0	0	0	0	0	0	0	0	0	0	0	0.00136939404313591	0	0	0	0	0	0	0	0	0	0	0	0	0	0	0	0	0	0.0255049640534064	0	0	0	0	0	0	0	0	0	0	0	0	0	0	0.0046217048955837	0	0	0	0	0	0	0	0	0	0.000513522766175967	0	0	0	0.0285861006504622	0	0	0	0	0.000684697021567956	0	0	0	0	0.00222526532009586	0	0	0	0	0	0	0.00239643957548785	0	0	0.00427935638479973	0	0	0	0	0	0.00736049298185553	0	0	0	0	0	0	0	0	0	0	0	0	0.00359465936323177	0	0	0	0	0	0	0	0	0	0	0	0	0	0	0	0	0	0	0	0	0	0.0015405682985279	0	0	0.0234508729887025	0	0	0	0	0	0	0	0	0.00410818212940774	0	0	0	0	0	0	0.00239643957548785	0	0	0	0	0	0	0	0	0	0	0	0	0	0	0	0	0	0	0.00770284149263951	0.0201985621362547	0	0	0	0	0	0	0	0	0.0282437521396782	0	0	0	0	0	0	0	0	0	0	0	0	0	0.00496405340636768	0	0	0	0	0	0	0	0	0	0	0	0	0	0	0	0	0	0	0	0	0	0	0	0	0	0	0	0	0	0	0	0	0	0	0	0	0.00684697021567956	0	0	0	0	0	0	0	0	0	0	0	0.00838753851420746	0	0	0.0344060253337898	0	0	0	0	0	0.000684697021567956	0	0	0	0	0	0	0	0	0	0	0	0	0	0	0	0	0	0	0	0	0	0	0	0	0	0	0.0227661759671345	0	0	0	0	0	0	0	0	0	0	0	0	0.00907223553577542	0	0	0	0	0	0	0	0	0	0	0	0	0	0	0	0	0	0	0	0	0	0.000342348510783978	0	0	0	0	0	0	0	0	0	0	0	0	0	0	0	0	0	0	0	0	0	0	0	0	0	0	0	0	0	0	0	0	0	0	0	0.0107839780896953	0	0	0	0	0	0	0	0	0	0	0	0	0	0	0	0	0	0	0	0	0	0	0	0.00102704553235193	0	0.000342348510783978	0	0	0	0	0.00975693255734338	0	0	0	0	0	0	0	0	0	0	0	0	0	0	0	0	0	0	0.014892160219103	0	0	0	0	0	0	0.00530640191715166	0	0.00890106128038343	0	0	0	0	0	0	0	0.00136939404313591	0	0	0	0	0	0	0	0	0	0	0	0	0	0	0	0	0	0	0	0.00359465936323177	0	0	0	0	0	0	0	0.0299554946935981	0	0	0	0	0	0	0	0	0	0	0.00445053064019172	0	0.0277302293735022	0	0	0	0	0	0	0	0	0	0	0	0	0	0	0	0	0	0	0	0	0	0	0.00804519000342348	0	0	0	0	0	0	0	0	0	0	0	0	0	0	0	0	0.00136939404313591	0	0.00205409106470387	0	0.000855871276959945	0	0	0	0	0	0	0	0	0	0	0	0	0	0	0	0	0	0	0	0	0	0	0	0	0	0.00102704553235193	0	0	0	0	0	0	0	0	0	0	0	0	0	0	0	0	0	0	0	0	0	0	0	0	0	0	0	0	0	0	0	0.0795960287572749	0	0	0	0	0	0	0	0	0	0	0	0	0	0	0	0	0	0	0	0.00119821978774392	0	0	0	0	0	0	0	0	0.00667579596028757	0	0	0	0	0.00530640191715166	0	0	0	0	0	0	0	0.000684697021567956	0	0	0	0	0.00393700787401575	0	0	0	0	0	0	0	0	0	0	0	0	0	0	0	0	0	0	0	0	0	0	0	0	0	0	0.00102704553235193	0	0	0	0.0174597740499829	0	0	0	0	0	0	0	0	0.000684697021567956	0.000342348510783978	0	0	0	0	0	0.00188291680931188	0	0	0	0	0	0	0	0	0	0	0	0	0	0	0	0	0	0	0	0	0	0	0	0	0	0	0	0	0.00547757617254365	0	0	0	0	0	0	0	0	0	0	0	0	0	0	0.00872988702499144	0	0	0	0	0	0	0	0	0	0	0	0	0	0	0	0	0	0	0	0	0.0124957206436152	0	0	0	0	0	0	0	0.0217391304347826	0	0	0.173570694967477	0	0.0636768230058199	0	0.00907223553577542	0	0	0.00564875042793564	0	0	0	0	0	0	0	0	0	0	0.0700102704553235	0	0	0	0	0	0	0	0	0	0	0	0	0	0	0	0	0	0	0.0872988702499144	0	0	0	0	0	0	0	0	0	0	0	0	0	0.00239643957548785	0	0	0	0	0	0	0	0.00239643957548785	0	0	0	0	0	0	0	0	0	0	0	0	0	0	0	0	0
0	0	0	0	0	0	0	0	0.000836907626320745	0	0	0	0	0	0	0	0	0.000209226906580186	0	0	0	0	0	0	0	0	0.0346270530390208	0.00198765561251177	0.0153781776336437	0.00219688251909196	0.0184119677790564	0.0014645883460613	0	0	0	0	0	0	0	0	0	0	0	0	0	0	0	0.0112982529553301	0	0	0	0	0.0129720682079715	0	0	0	0	0	0	0.00219688251909196	0	0	0	0	0	0	0	0	0	0	0	0	0.00502144575792447	0	0	0	0	0	0	0	0.00355685741186317	0.00345224395857307	0	0	0	0	0	0	0	0	0	0	0	0	0	0	0	0	0	0	0	0	0	0	0	0	0	0	0	0	0	0	0	0	0	0	0	0	0	0	0	0	0	0	0	0	0	0	0	0	0	0	0	0	0	0.154409457056177	0	0	0	0	0	0	0	0	0.00554451302437493	0.000209226906580186	0	0	0	0.0210273041113087	0	0	0	0	0	0	0.00177842870593158	0	0	0	0	0	0	0	0	0.00271994978554242	0	0.00282456323883251	0	0.00387069777173344	0	0	0	0	0	0.000523067266450466	0	0	0	0	0	0	0	0	0	0	0	0	0.00669526101056596	0	0	0	0	0.000627680719740559	0	0	0	0	0	0	0	0	0	0	0	0	0	0	0	0	0.00125536143948112	0	0	0.0354639606653416	0	0	0	0	0	0	0	0.00679987446385605	0	0	0	0	0	0	0	0.00198765561251177	0	0	0	0	0	0	0	0	0	0	0	0.00125536143948112	0	0	0	0	0	0	0.00439376503818391	0.0126582278481013	0	0	0	0	0	0	0	0	0.0315932628936081	0	0	0	0.00596296683753531	0	0	0	0	0	0	0	0	0	0	0	0.00219688251909196	0	0	0	0	0	0	0	0	0	0	0.004498378491474	0	0	0	0.00209226906580186	0	0	0	0	0	0	0	0	0	0	0	0	0	0	0	0	0	0.00324301705199289	0	0.0114028664086201	0	0	0	0	0	0	0	0	0	0	0	0.00700910137043624	0	0	0.00324301705199289	0	0	0	0	0	0	0	0	0	0	0	0	0	0	0	0	0	0	0	0	0	0	0	0	0	0	0	0	0	0.0102521184224291	0	0.00135997489277121	0.00815984935662726	0	0	0.000523067266450466	0	0	0	0	0	0	0	0	0	0	0.00533528611779475	0	0	0	0	0	0	0	0.0411130871430066	0	0	0	0	0.000627680719740559	0	0	0	0	0	0	0	0	0	0	0	0.00167381525264149	0	0.000836907626320745	0	0	0	0	0	0	0	0	0	0	0.00407992467831363	0	0	0	0	0	0	0	0	0	0	0	0	0	0	0	0	0	0	0.00397531122502354	0	0.0164243121665446	0	0	0	0	0	0	0	0	0	0	0.00313840359870279	0	0	0	0	0	0	0	0	0	0	0	0	0	0	0	0	0	0.00345224395857307	0	0	0	0	0	0	0	0	0	0	0.00292917669212261	0	0	0	0	0	0	0	0	0	0	0	0.00115074798619102	0	0	0	0	0.00585835338424521	0	0	0	0.00271994978554242	0.00240610942567214	0	0	0	0	0	0	0	0	0.0171566063395753	0	0	0	0	0	0.00418453813160372	0	0	0.000209226906580186	0	0	0	0	0.00188304215922168	0	0	0.00387069777173344	0	0	0	0.00261533633225233	0.0184119677790564	0	0	0	0	0	0	0	0	0	0.0014645883460613	0.00418453813160372	0	0.0759493670886076	0	0	0	0	0	0	0	0	0	0	0	0	0	0	0	0	0	0	0	0	0	0	0	0.00585835338424521	0	0	0	0	0	0	0	0	0	0	0	0	0	0	0	0.000732294173030652	0.00115074798619102	0.0114028664086201	0	0.00313840359870279	0	0	0	0	0	0	0	0	0	0	0	0	0	0	0	0	0	0	0	0	0	0	0	0	0	0.00271994978554242	0	0	0	0	0	0	0	0	0	0	0	0	0.00188304215922168	0	0.00104613453290093	0.000523067266450466	0	0	0	0	0	0	0	0	0.00627680719740559	0	0	0	0	0	0	0.0524113400983366	0	0	0	0	0	0	0	0	0	0	0	0.000836907626320745	0	0	0	0	0	0	0	0.0117167067684904	0	0	0	0	0	0	0	0	0.00209226906580186	0	0	0	0	0	0	0	0	0	0	0	0	0	0	0	0	0	0	0	0	0	0	0	0	0	0	0	0	0	0	0.000313840359870279	0	0	0	0	0	0	0	0	0	0	0	0	0	0.00135997489277121	0	0	0	0.0160058583533842	0.00240610942567214	0	0	0	0	0	0.00439376503818391	0	0	0	0	0	0	0	0	0	0	0	0	0	0	0	0	0	0	0	0.0116120933152003	0	0	0	0	0	0	0	0	0	0	0	0	0	0	0	0	0	0.00261533633225233	0	0	0	0	0	0	0.000836907626320745	0	0	0.0183073543257663	0	0.00564912647766503	0	0	0	0	0	0	0	0	0	0	0	0.000523067266450466	0	0	0	0	0	0	0	0	0	0	0	0.00669526101056596	0	0	0	0	0	0	0.000732294173030652	0.0169473794329951	0	0	0	0	0.0354639606653416	0	0	0	0	0.00805523590333717	0	0	0	0	0	0	0	0	0	0	0.0616173239878648	0	0	0	0	0	0	0	0	0	0.00177842870593158	0	0	0.00271994978554242	0	0	0	0	0	0	0	0	0	0	0	0	0	0	0	0	0.000313840359870279	0	0	0.00376608431844335	0	0	0	0	0	0	0	0	0	0	0	0.000418453813160372	0	0	0	0	0	0	0.000836907626320745	0	0	0	0	0	0
0	0.000670305467777459	0	0	0	0	0	0	0	0	0	0	0	0.00363880111079192	0	0	0	0	0	0	0	0	0.00363880111079192	0	0	0	0.00201091640333238	0	0	0.0536244374221967	0	0	0	0	0	0	0	0	0	0	0	0	0	0.000191515847936417	0	0	0	0	0	0	0	0	0.00497941204634684	0	0	0	0	0	0.00526668581825146	0	0	0	0	0	0	0	0	0	0	0	0	0	0.00220243225126879	0	0	0	0	0	0	0	0	0	0	0	0	0	0	0.0358134635641099	0	0	0	0	0	0	0	0	0	0	0	0	0	0	0	0	0	0	0	0	0	0	0	0	0	0	0	0	0	0	0	0	0	0	0	0	0	0	0	0	0	0	0	0	0	0	0	0.00632002298190175	0	0	0	0	0	0	0	0	0	0	0	0	0	0.0182897634779278	0	0	0	0	0	0	0	0	0	0	0	0	0	0	0	0	0	0	0	0.00363880111079192	0	0	0	0	0	0	0	0	0.0382074116633151	0.00057454754380925	0	0	0	0	0.0161830891506272	0	0	0	0	0	0	0	0	0	0	0	0	0	0	0	0	0	0	0	0	0	0	0	0	0	0	0	0	0.00967155032078905	0	0	0	0	0	0	0	0	0	0	0	0	0	0	0	0	0	0	0	0	0	0	0	0	0	0	0	0.00469213827444221	0	0	0	0	0	0	0.0138848989753902	0.0171406683903093	0	0	0	0	0.000957579239682084	0	0	0	0.0373455903476013	0	0	0	0	0.000957579239682084	0	0	0	0	0	0	0	0	0	0	0	0	0	0	0	0	0	0	0	0	0	0.00210667432730058	0	0	0	0	0	0	0	0	0	0	0	0	0	0	0	0	0	0	0	0	0	0	0	0.0567844489131476	0	0	0	0	0	0	0	0	0	0	0	0.0216412908168151	0	0	0.00775639184142488	0	0	0	0	0	0	0	0	0	0	0	0	0	0	0	0	0	0	0	0	0	0	0	0	0	0	0	0	0	0	0	0	0.0173321842382457	0	0	0	0.000287273771904625	0	0	0	0	0	0	0	0	0	0	0	0	0	0	0	0	0	0.0106291295604711	0	0	0	0	0	0	0	0	0	0	0.0396437805228383	0	0	0	0	0	0	0	0	0	0	0	0	0	0	0	0	0	0	0	0	0	0	0	0	0	0	0	0	0	0	0	0	0	0	0	0	0	0.00584123336206071	0	0	0	0	0	0	0	0	0	0	0	0	0	0	0	0	0	0	0	0	0	0.00354304318682371	0	0	0	0	0	0	0	0	0	0	0	0	0	0	0	0	0	0	0	0	0	0	0	0	0	0	0	0	0	0	0	0	0	0	0	0	0.00900124485301159	0	0	0	0	0	0	0	0	0	0	0	0	0	0.120080436656133	0	0	0	0	0	0	0	0	0	0	0	0	0	0	0	0	0	0	0	0	0	0.0197261323374509	0	0	0	0	0	0	0	0	0	0.0011490950876185	0.018864311021737	0	0.0463468352006128	0	0	0	0	0	0	0	0	0	0	0	0	0	0	0	0	0	0	0	0	0	0	0.00392607488269654	0.0464425931245811	0	0	0	0	0	0	0	0	0	0	0	0	0	0	0	0.00181940055539596	0.00325576941491908	0	0	0.0214497749688787	0	0	0	0	0	0	0	0	0	0	0.0011490950876185	0	0.00555395959015609	0	0	0	0	0	0	0	0	0	0	0	0	0.00986306616872546	0	0	0	0	0	0	0	0	0	0	0	0	0	0	0	0	0	0	0	0	0	0	0	0	0	0	0	0	0	0	0	0.0539117111941013	0	0	0	0	0	0	0	0	0	0	0	0.00143636885952313	0	0	0	0	0	0	0	0	0	0	0	0	0.00124485301158671	0	0	0	0.0100545820166619	0	0	0	0	0.00488365412237863	0	0	0	0	0	0	0	0.00057454754380925	0	0	0	0	0	0	0	0	0	0	0	0	0	0	0	0	0	0	0	0	0	0	0	0	0	0	0	0	0.000766063391745667	0	0	0	0	0	0	0.00641578090586996	0	0	0	0	0	0	0	0	0	0	0	0	0	0	0	0.00210667432730058	0	0	0.00813942353729771	0	0	0	0	0	0	0	0	0	0	0	0	0.00143636885952313	0	0	0	0	0	0	0	0	0	0	0	0	0.0011490950876185	0	0	0	0	0	0	0	0	0	0	0	0.015608541606818	0	0	0.00181940055539596	0	0	0	0	0	0	0	0	0	0	0	0	0	0	0	0	0	0	0	0	0.00756487599348846	0	0	0	0	0	0	0	0.00871397108110696	0	0	0	0	0.0539117111941013	0	0.0166618787704683	0	0	0	0	0	0	0	0	0	0	0	0	0	0.0219285645887197	0	0	0	0	0	0	0.000861821315713875	0	0	0	0	0	0	0	0	0	0	0	0	0	0	0	0	0	0	0	0	0	0	0	0	0	0.00057454754380925	0	0.0197261323374509	0	0	0	0	0	0.00641578090586996	0	0	0	0	0	0	0	0	0	0	0	0	0	0	0	0	0
0	0	0	0	0	0	0	0	0	0	0	0	0	0	0	0	0	0	0	0	0	0	0.00913927158641386	0	0	0	0.0103669349338426	0	0	0.0102305278952394	0.0326012822261629	0	0	0	0	0	0	0	0	0	0	0	0	0	0	0	0	0.0124130405128905	0	0	0	0	0.00422861819669895	0	0	0	0	0	0	0	0	0	0	0	0	0	0	0	0	0	0	0	0.00859364343200109	0	0	0	0	0	0	0	0.00886645750920747	0	0	0	0.00300095484927022	0	0	0	0	0	0	0	0	0	0	0	0	0	0	0	0	0	0.00259173373346065	0.00286454781066703	0	0	0	0	0	0	0	0	0	0	0	0	0	0	0	0	0	0	0	0	0	0	0	0	0	0	0	0	0	0	0	0	0	0	0	0	0	0	0	0	0	0.00122766334742873	0	0	0	0	0	0	0	0	0.00259173373346065	0	0.00491065338971491	0	0	0	0	0	0	0	0	0	0	0	0	0.0068203519301596	0	0	0	0	0.000954849270222343	0	0	0	0	0	0	0	0	0	0	0	0	0	0.00886645750920747	0	0	0	0	0.00477424635111172	0	0	0	0	0	0	0	0	0	0	0	0	0	0	0	0	0	0	0	0.026326558450416	0	0	0	0	0	0	0	0	0.00531987450552448	0	0	0	0	0	0	0.00190969854044469	0	0	0	0	0	0	0	0	0	0	0	0	0	0	0	0	0	0	0.00804801527758832	0.0414677397353703	0	0	0	0	0	0	0	0	0.056881735097531	0	0	0	0.0050470604283181	0	0	0	0	0	0	0	0	0	0.0068203519301596	0	0	0	0	0	0	0	0	0	0	0	0	0.00777520120038194	0	0	0	0	0	0	0	0	0	0	0	0	0	0	0	0	0.000272814077206384	0	0	0	0	0	0	0	0	0	0	0	0	0	0	0	0.000954849270222343	0	0	0.0185513572500341	0	0	0.0286454781066703	0	0	0	0	0	0	0.0109125630882554	0	0	0	0	0	0	0	0	0	0	0	0	0	0	0	0	0	0	0	0	0	0	0	0	0	0.0229163824853362	0	0	0	0.00368299004228618	0	0	0	0	0	0	0	0	0	0	0	0	0	0	0	0	0	0.0174601009412086	0	0	0	0	0	0	0	0	0	0	0	0.000409221115809576	0	0	0	0	0	0	0	0	0	0	0	0	0	0	0	0	0	0	0	0	0	0	0	0	0	0	0	0	0	0	0	0	0	0	0	0	0.00463783931250853	0	0	0	0	0	0	0	0	0	0	0	0	0	0	0	0	0.00586550265993725	0	0	0	0	0	0	0	0	0	0	0	0	0	0	0	0	0	0	0	0	0	0	0	0	0	0	0	0	0	0.00204610557904788	0	0	0	0	0	0	0	0	0	0.00409221115809576	0	0.00395580411949257	0	0	0	0	0	0	0	0	0	0	0	0	0	0	0	0	0	0	0	0	0	0	0	0	0	0	0	0.0113217842040649	0	0	0	0	0	0	0	0.00463783931250853	0	0	0	0	0	0	0	0	0	0	0	0	0.0615195744100396	0	0	0	0	0	0	0	0	0	0	0	0	0	0	0	0	0	0	0	0	0	0	0.00709316600736598	0	0	0	0	0.00068203519301596	0	0	0	0	0.000136407038603192	0	0	0	0	0	0	0	0	0.00818442231619152	0	0	0	0	0	0	0	0	0	0	0	0	0.0409221115809576	0	0	0	0	0	0	0	0	0	0	0	0	0	0	0	0	0	0	0.00068203519301596	0	0	0	0	0	0	0	0	0	0	0	0	0	0	0	0.000272814077206384	0	0	0	0	0	0	0.000818442231619152	0	0	0	0	0.0934388214431865	0	0	0	0	0	0	0	0	0.0107761560496522	0	0	0	0	0	0	0	0	0	0.00627472377574683	0.00204610557904788	0	0	0	0	0.00136407038603192	0	0	0	0	0	0	0	0	0.0242804528713682	0.0566089210203247	0	0	0	0	0	0	0.00068203519301596	0	0	0	0	0	0	0	0	0.000409221115809576	0	0	0	0	0	0	0	0	0	0	0	0	0	0	0	0	0	0	0	0	0	0	0.00122766334742873	0	0	0	0.0171872868640022	0	0	0	0	0	0	0.00245532669485745	0	0	0	0	0	0	0	0	0	0	0	0	0	0	0	0	0.00381939708088937	0	0	0	0	0	0	0.0166416587095894	0.00231891965625426	0	0	0	0	0	0	0	0	0.000272814077206384	0.00327376892647661	0	0	0.00313736188787341	0	0	0	0	0	0	0	0	0	0	0	0.00436502523530214	0	0	0.0125494475514937	0	0	0	0	0	0.000272814077206384	0	0.000954849270222343	0	0	0	0	0	0	0	0	0	0	0	0	0.00654753785295321	0	0	0	0	0	0	0	0.0283726640294639	0	0	0	0	0.0422861819669895	0	0	0	0	0	0	0	0	0	0	0	0	0	0	0.00463783931250853	0.0855272132042013	0	0	0	0	0	0	0	0	0	0	0	0	0	0	0	0	0	0	0	0	0	0	0	0	0	0	0	0	0	0	0	0	0.00177329150184149	0	0	0	0.00300095484927022	0.00395580411949257	0	0	0.00122766334742873	0.00300095484927022	0	0	0	0	0	0	0	0	0	0	0	0	0	0	0	0
0	0.00161550888529887	0	0	0	0	0	0	0.000807754442649435	0	0	0	0	0	0.000807754442649435	0	0	0	0	0	0	0	0	0	0	0	0.00436187399030695	0	0	0.0138933764135703	0.00468497576736672	0	0.000323101777059774	0	0	0	0	0	0	0	0	0	0.000484652665589661	0	0	0	0	0	0	0	0	0	0.00840064620355412	0	0	0	0	0	0	0	0	0	0	0	0	0.00145395799676898	0	0	0	0	0	0	0.00500807754442649	0	0	0	0	0	0	0	0.0150242326332795	0.0024232633279483	0	0	0	0	0	0	0	0	0	0	0	0	0	0	0	0	0.00177705977382876	0	0	0	0	0.00226171243941842	0	0	0	0	0	0	0	0	0	0	0	0	0	0	0	0	0	0	0	0	0	0	0	0	0	0	0	0	0	0	0	0.0474959612277868	0	0	0	0	0	0	0	0	0	0	0	0	0	0.0232633279483037	0	0	0	0	0	0.0150242326332795	0	0	0	0	0	0	0	0	0	0	0	0	0	0.00936995153473344	0	0	0	0	0	0	0	0	0	0	0.00113085621970921	0	0	0	0	0	0	0	0	0	0	0	0	0.0024232633279483	0	0	0	0	0	0	0	0	0.000323101777059774	0	0	0	0	0	0	0	0	0	0	0.0252019386106624	0	0	0.000323101777059774	0	0	0	0.000323101777059774	0	0	0	0	0	0	0	0	0.00726978998384491	0	0	0	0	0.00113085621970921	0	0	0	0	0	0	0.00113085621970921	0	0	0	0.0232633279483037	0	0	0.0113085621970921	0.0250403877221325	0	0	0	0	0	0	0.0012924071082391	0	0.0484652665589661	0	0	0	0	0	0	0	0	0	0	0.00274636510500808	0	0	0	0	0	0	0	0	0	0	0	0	0	0	0	0.00484652665589661	0	0	0	0.000807754442649435	0	0	0	0	0	0	0	0	0.00145395799676898	0	0	0	0	0	0	0	0	0	0	0.0074313408723748	0	0	0	0	0	0	0	0	0	0	0	0.0106623586429725	0	0	0.0105008077544426	0	0	0	0	0	0	0.00630048465266559	0	0	0	0	0	0	0	0	0	0	0	0	0	0	0	0	0.00533117932148627	0	0	0	0	0	0.0298869143780291	0	0	0.0203554119547658	0	0	0.00113085621970921	0.00145395799676898	0	0	0	0	0	0	0	0	0.00355411954765751	0.00306946688206785	0	0	0	0	0	0	0	0	0	0	0	0	0	0	0.000807754442649435	0	0	0	0.00662358642972536	0	0	0	0	0	0	0	0	0	0	0	0	0	0	0	0	0	0	0	0	0	0	0	0	0	0	0	0	0	0	0	0	0	0	0.00920840064620355	0	0	0.00306946688206785	0	0	0	0	0	0	0	0	0	0	0	0	0	0	0	0	0	0	0	0	0	0	0	0	0	0	0	0	0	0	0	0	0	0	0	0	0	0	0	0	0	0	0	0	0	0	0	0	0	0	0	0	0	0	0	0	0	0	0.00452342487883683	0	0	0	0	0	0	0	0	0	0	0	0	0	0.0145395799676898	0	0	0	0	0	0	0	0	0	0.00355411954765751	0	0	0	0.0145395799676898	0	0	0.0061389337641357	0	0	0	0.00323101777059774	0.0130856219709208	0	0	0	0	0	0	0	0	0	0	0	0	0.0450726978998384	0	0	0	0	0	0	0.00193861066235864	0	0	0.000646203554119548	0	0	0	0	0	0	0	0	0.00193861066235864	0	0	0	0.00920840064620355	0	0	0	0	0	0	0	0	0	0	0	0	0	0	0	0	0	0	0.0061389337641357	0	0.00840064620355412	0	0	0	0	0	0	0	0	0	0	0	0	0	0	0	0	0	0	0	0	0	0	0	0	0	0.00759289176090468	0	0	0	0.000969305331179321	0	0	0	0	0	0	0	0	0	0	0	0	0	0	0	0	0	0	0	0	0.012924071082391	0	0	0	0	0	0.000807754442649435	0.0683360258481422	0	0	0	0	0	0	0	0	0	0	0	0	0	0	0	0	0	0	0	0.00500807754442649	0	0	0	0	0	0	0	0	0.00646203554119548	0	0	0	0	0	0	0	0	0	0	0	0	0.000646203554119548	0	0	0	0	0.00161550888529887	0	0	0	0	0	0	0	0	0	0	0	0	0	0	0	0	0	0	0	0	0	0	0	0	0	0	0	0	0	0	0.0219709208400646	0.00290791599353796	0	0	0	0	0	0.0683360258481422	0	0	0	0	0	0	0	0	0.00387722132471729	0	0	0.00177705977382876	0	0	0	0	0	0	0	0	0	0	0	0	0.00210016155088853	0	0	0	0	0	0	0	0	0	0	0	0	0.00597738287560582	0	0	0	0	0	0	0.000161550888529887	0	0.000969305331179321	0	0	0.0413570274636511	0	0	0.00387722132471729	0	0	0	0	0	0	0	0	0	0	0	0	0	0	0	0	0.00226171243941842	0	0	0	0.0074313408723748	0	0	0	0	0	0	0	0.0231017770597738	0	0	0	0	0.0597738287560582	0	0	0	0	0.00936995153473344	0	0	0	0	0	0	0	0	0	0	0.0638126009693053	0	0	0	0	0	0	0.000484652665589661	0	0	0	0	0	0	0	0	0	0	0	0	0	0	0	0	0	0	0	0	0	0	0	0	0	0.00258481421647819	0	0	0	0.00420032310177706	0	0	0	0	0	0	0	0	0	0	0	0	0	0	0	0	0	0	0	0	0
0	0	0	0	0	0	0	0	0.00106553010122536	0	0	0	0	0	0	0	0	0	0	0	0	0	0	0	0	0	0	0	0	0.011720831113479	0.0079914757591902	0.00390694370449299	0	0	0	0	0	0	0	0	0	0	0	0	0	0	0	0.011720831113479	0	0	0	0	0.0079914757591902	0	0	0	0	0	0	0	0	0	0	0	0	0	0	0	0	0	0	0	0.00958977091102824	0	0	0	0	0	0	0	0	0	0	0	0	0	0	0	0	0	0	0	0	0	0	0	0	0	0	0	0	0	0	0	0	0	0	0	0	0	0	0	0	0	0	0	0	0	0	0	0	0	0	0	0	0	0	0	0	0	0	0	0	0	0	0.0230864855265495	0	0	0	0	0	0	0	0	0	0.00142070680163381	0	0	0	0.0140294796661339	0	0	0	0	0	0.0115432427632747	0	0	0	0	0	0	0	0	0	0	0	0.00106553010122536	0	0.0152725981175635	0	0	0	0	0.00177588350204227	0.00337417865388031	0	0	0	0.00177588350204227	0	0	0	0	0	0	0	0	0.0197123068726692	0	0	0	0.000710353400816906	0.00710353400816906	0	0	0	0	0	0	0	0	0	0	0	0	0	0	0	0	0	0	0	0.0479488545551412	0	0	0	0	0	0	0	0	0	0	0	0	0	0	0	0.00745871070857752	0	0	0	0	0.00142070680163381	0	0	0	0	0	0	0.00426212040490144	0	0	0	0.00923459421061978	0	0	0.014917421417155	0.0236192505771621	0	0	0.000710353400816906	0	0	0	0	0	0.0543420351624933	0	0	0	0.00284141360326763	0	0	0	0	0	0	0	0	0	0	0	0	0	0	0	0	0	0	0	0	0	0	0.0138518913159297	0	0	0	0	0	0	0	0	0	0	0	0	0	0	0	0	0	0	0	0	0	0	0	0.0335641981885988	0	0	0	0	0	0	0	0	0	0	0.00372935535428876	0.0111880660628663	0	0	0.0143846563665424	0	0	0	0	0	0	0	0.00230864855265495	0	0	0	0	0	0	0	0.000355176700408453	0	0	0	0	0	0	0	0	0	0	0	0	0	0	0	0	0.0170484816196058	0	0	0	0	0	0	0	0	0	0	0	0	0	0	0	0	0	0	0	0	0	0.060380039069437	0	0	0	0	0	0	0	0	0	0	0	0	0	0	0	0	0	0	0	0	0	0	0	0	0	0	0	0	0	0	0	0	0	0.00177588350204227	0	0	0	0	0	0	0	0	0	0	0	0	0	0	0.00372935535428876	0	0	0	0	0	0	0	0	0	0	0	0	0	0	0	0	0	0	0	0	0	0	0	0	0	0	0	0	0	0	0	0	0	0	0	0	0	0	0	0	0	0	0	0	0	0	0	0	0	0	0	0	0	0	0	0	0.00443970875510567	0	0	0	0	0	0	0	0	0	0	0	0	0	0	0	0	0	0	0	0	0	0	0.00301900195347185	0	0	0	0	0	0	0.00159829515183804	0	0	0	0	0	0	0	0.0026638252530634	0	0	0	0	0	0	0	0	0	0	0.00763629905878174	0	0.0495471497069792	0	0	0	0	0	0	0	0	0	0	0	0	0	0	0	0	0	0	0	0	0	0	0.00852424080980288	0	0	0	0	0	0	0	0	0	0.00142070680163381	0	0	0	0	0	0	0	0	0.00301900195347185	0	0.0154501864677677	0	0	0	0	0	0	0	0	0	0	0.00319659030367608	0	0.00657076895755638	0	0	0	0	0	0	0	0	0	0	0	0	0.00337417865388031	0	0	0	0	0	0	0	0	0	0	0	0	0	0	0	0	0	0	0	0	0	0	0	0	0.0527437400106553	0	0	0	0	0	0	0.112413425679275	0	0	0	0	0	0	0	0	0	0	0	0	0	0	0	0	0	0	0	0	0	0	0	0	0	0	0	0	0	0	0	0	0	0	0	0	0	0	0	0	0	0	0	0	0	0	0.00124311845142959	0	0	0	0	0	0	0	0	0	0	0	0	0	0	0	0	0	0	0	0	0	0	0	0	0	0	0	0	0	0	0.0214881903747114	0	0	0	0	0	0	0	0	0	0	0	0	0.00159829515183804	0	0	0.0026638252530634	0	0	0	0	0	0	0	0.00426212040490144	0	0	0	0	0	0	0	0.00497247380571835	0	0	0	0	0	0	0	0	0	0	0	0	0	0	0	0	0	0	0	0.00497247380571835	0	0	0.00337417865388031	0	0.0271710175812467	0	0	0.00106553010122536	0	0	0	0	0	0	0	0	0	0	0	0	0	0	0	0	0	0	0	0	0.00816906410939442	0	0	0	0	0	0	0	0.025039957378796	0	0.00337417865388031	0	0	0.0223761321257326	0	0	0	0	0.00426212040490144	0	0	0	0	0	0	0	0	0	0	0.0990942994139584	0	0	0	0	0	0	0	0	0	0	0	0	0	0	0	0	0	0	0	0	0	0	0	0	0	0	0	0	0	0	0	0	0.0053276505061268	0	0	0	0	0	0	0	0	0	0	0	0	0	0	0	0	0	0	0	0	0	0	0	0	0
0	0	0	0	0	0	0	0	0.00279106858054226	0	0	0	0	0	0	0	0	0	0	0	0	0	0	0	0	0	0	0	0	0.0041866028708134	0.0305023923444976	0	0	0	0	0	0	0	0	0	0	0	0	0	0	0	0	0	0	0	0	0	0.0153508771929825	0	0	0	0	0	0	0	0	0	0	0	0	0	0	0	0	0	0	0	0	0	0	0	0	0	0	0	0	0	0	0	0	0	0	0	0	0	0	0	0	0	0	0	0	0	0	0	0	0	0.00199362041467305	0	0	0	0	0	0	0	0	0	0	0	0	0	0	0	0	0	0	0	0	0	0	0	0	0	0	0	0	0	0	0	0	0.00538277511961723	0	0	0	0	0	0	0	0	0	0	0	0	0	0.0295055821371611	0	0	0	0	0	0.00917065390749601	0	0	0	0	0	0	0	0	0	0	0	0	0	0.0446570972886762	0	0	0	0	0.00279106858054226	0	0	0	0	0	0	0	0	0	0.00558213716108453	0	0	0	0.0043859649122807	0.00119617224880383	0	0	0	0.00598086124401914	0	0	0	0	0	0	0	0	0	0	0	0	0	0	0	0	0	0	0	0.016347687400319	0	0	0	0	0	0	0	0	0	0	0	0	0	0	0	0	0	0	0	0	0	0	0	0	0	0	0	0.00279106858054226	0	0	0	0	0	0	0.00558213716108453	0.013755980861244	0	0	0	0	0	0	0	0	0.0241228070175439	0	0	0	0	0	0	0	0	0	0	0	0	0	0	0	0	0	0	0	0	0	0	0	0	0	0	0.00458532695374801	0	0.00817384370015949	0	0	0	0	0	0	0.00239234449760766	0	0	0	0	0	0	0	0	0	0	0	0	0	0	0.0384768740031898	0	0	0.000996810207336523	0	0	0	0	0	0	0	0	0.0663875598086124	0	0	0.0167464114832536	0	0	0	0	0	0	0	0	0	0	0	0	0	0	0	0	0	0	0	0	0	0	0	0	0	0	0	0	0	0	0	0	0.0191387559808612	0	0	0	0	0	0	0	0	0	0	0	0	0	0	0	0	0	0	0	0	0.00498405103668262	0	0	0	0	0	0	0	0.000797448165869219	0	0	0	0.0177432216905901	0	0	0	0	0	0	0	0	0	0	0	0	0	0	0	0	0	0	0	0	0	0	0	0	0	0	0	0	0	0	0	0	0	0	0.0406698564593301	0	0	0.00458532695374801	0	0	0	0	0	0	0	0	0	0	0	0	0.0041866028708134	0	0	0	0	0	0	0	0	0.0087719298245614	0	0	0	0	0	0	0	0	0	0	0	0.00398724082934609	0	0	0	0	0	0	0	0	0	0	0	0	0	0	0	0	0	0	0	0	0	0	0	0	0	0	0	0	0	0	0	0	0	0	0	0	0	0	0.179824561403509	0	0	0	0	0	0	0	0	0	0	0	0	0	0	0	0	0	0	0	0	0	0.0043859649122807	0	0	0	0	0	0	0	0	0	0	0.00956937799043062	0	0.0376794258373206	0	0	0	0	0	0	0	0	0	0	0	0	0	0	0	0	0	0	0	0	0	0	0	0	0	0	0	0	0	0	0	0	0	0	0	0	0	0	0	0.00199362041467305	0	0.00299043062200957	0	0.00139553429027113	0	0	0	0	0	0	0	0	0	0	0.0119617224880383	0	0	0	0	0	0	0	0	0	0	0	0	0	0	0.00318979266347687	0	0	0	0.00239234449760766	0	0	0	0	0	0	0	0	0	0	0	0	0	0	0	0	0	0	0	0	0	0	0	0.00378787878787879	0	0	0	0.0486443381180223	0	0	0	0	0	0	0	0	0	0	0	0	0	0	0	0.0041866028708134	0	0	0	0	0	0	0	0	0	0	0	0	0.00917065390749601	0	0	0	0	0	0	0	0	0	0	0	0	0	0	0	0	0	0	0	0	0	0	0	0	0	0	0	0	0	0	0	0	0	0	0	0	0	0	0	0	0	0	0	0	0	0	0	0	0.00697767145135566	0	0.000996810207336523	0	0	0	0	0.0125598086124402	0	0	0	0	0	0	0	0	0.00358851674641148	0	0	0	0	0	0	0	0	0	0	0	0	0	0.00538277511961723	0	0.000996810207336523	0	0	0	0	0	0	0	0	0	0	0	0	0.00338915470494418	0	0	0	0	0	0	0	0	0	0	0	0.0165470494417863	0	0	0.00598086124401914	0	0	0	0	0	0	0	0	0	0	0	0	0	0	0	0	0	0	0	0	0.00757575757575758	0	0	0	0	0.0041866028708134	0	0	0.0103668261562998	0	0.00478468899521531	0	0	0.0735645933014354	0	0	0	0	0	0	0	0	0	0	0	0	0	0	0	0.0334928229665072	0	0	0	0	0.00199362041467305	0	0.00159489633173844	0	0	0	0	0	0	0	0	0	0	0	0	0	0	0	0	0	0	0	0	0	0	0	0	0	0.00318979266347687	0	0.00757575757575758	0	0	0	0	0	0	0.00378787878787879	0	0	0	0	0	0	0	0	0.00159489633173844	0	0	0	0	0	0	0
0	0	0	0	0	0	0	0	0	0	0	0	0	0	0	0	0	0	0	0	0	0	0	0	0	0	0	0	0	0.0384190160309563	0	0	0	0	0	0	0	0	0	0	0	0	0	0	0	0	0	0	0	0	0	0	0	0	0	0	0	0	0.00884466556108347	0	0	0	0	0	0	0	0	0.0138197899391929	0	0	0	0	0	0	0	0	0	0	0	0	0.00635710337202874	0	0	0	0	0	0	0	0	0	0	0	0	0	0	0	0	0	0	0	0	0	0.00221116639027087	0	0	0	0	0	0	0	0	0	0	0	0	0	0	0	0	0	0	0	0	0	0	0	0	0	0	0	0	0	0	0	0	0.00276395798783858	0	0	0	0	0	0	0	0	0	0.00221116639027087	0	0	0	0.0298507462686567	0	0	0	0	0	0.00552791597567717	0	0	0	0	0	0	0	0	0	0	0	0	0	0	0	0	0	0	0	0	0	0	0	0	0	0	0	0	0	0	0	0	0.00912106135986733	0	0	0	0	0.00690989496959646	0	0	0	0	0	0	0	0	0	0	0	0	0	0	0	0	0	0	0	0.0163073521282476	0	0	0	0	0	0	0	0	0	0	0	0	0	0	0	0.000552791597567717	0	0	0	0	0	0	0	0	0	0	0	0	0	0	0	0	0	0	0.0138197899391929	0.019624101713654	0	0	0	0	0	0.0690989496959646	0	0	0.0572139303482587	0	0	0	0	0	0	0	0	0	0	0	0	0	0	0	0	0	0	0	0	0	0	0	0	0	0	0.00773908236594804	0	0	0	0	0	0	0	0	0	0	0	0	0	0	0	0	0	0	0	0	0	0	0	0.0649530127142067	0	0	0	0	0	0	0	0	0	0	0	0.0127142067440575	0	0	0.0174129353233831	0	0	0	0	0	0	0.0221116639027087	0	0	0	0	0	0	0	0	0	0	0	0	0	0	0	0	0	0	0	0	0	0	0.00690989496959646	0	0	0.0259812050856827	0	0	0	0	0	0	0	0	0	0	0	0	0	0	0	0	0	0	0	0	0	0.000552791597567717	0	0	0	0	0	0	0.000829187396351575	0	0	0	0	0	0	0	0	0	0	0	0	0	0	0	0	0	0	0	0	0	0	0	0	0	0	0	0	0	0	0	0	0	0	0	0	0	0	0.00856826976229961	0	0	0.0110558319513543	0	0	0	0	0	0	0	0	0	0	0	0	0	0	0	0	0	0	0	0	0	0	0	0	0	0	0	0	0	0	0.00386954118297402	0	0	0	0	0	0	0	0	0	0	0	0	0	0	0	0	0	0	0	0	0	0	0	0	0	0	0	0.0033167495854063	0	0	0	0	0	0	0	0	0	0	0	0	0	0	0	0	0	0	0	0	0	0	0	0	0	0	0	0.00718629076838032	0	0	0	0	0	0	0	0.0199004975124378	0	0	0	0	0	0	0	0	0	0	0.00995024875621891	0	0	0	0	0	0	0	0	0	0	0	0	0.00276395798783858	0	0	0	0	0	0	0	0	0	0	0	0.00718629076838032	0	0	0	0	0	0	0.00718629076838032	0	0	0	0	0	0	0	0	0	0	0	0	0	0.00221116639027087	0	0	0	0	0	0	0	0	0	0	0.0895522388059701	0	0.00442233278054174	0	0	0	0	0	0	0	0	0	0	0	0	0.00193477059148701	0	0	0	0	0	0	0	0	0	0	0	0	0	0	0	0	0	0	0	0	0	0	0	0	0	0	0	0	0	0	0	0.0450525152017689	0	0	0	0	0	0	0	0	0	0	0	0	0	0	0	0	0	0	0.00552791597567717	0	0	0	0	0	0	0	0	0	0	0	0	0	0	0	0	0	0	0	0	0	0	0.00138197899391929	0	0	0	0	0.00138197899391929	0	0	0	0	0.00248756218905473	0	0.0199004975124378	0	0	0	0	0	0	0	0	0	0	0	0	0	0	0	0	0.00635710337202874	0	0	0	0	0	0	0.0157545605306799	0	0	0	0	0	0	0.00193477059148701	0.00193477059148701	0	0	0	0	0	0	0	0.00525152017689331	0	0	0	0	0	0	0	0	0	0	0	0	0	0	0	0	0	0	0	0	0	0	0	0	0	0	0	0	0	0	0	0	0	0	0	0	0	0	0	0	0.019624101713654	0	0	0	0	0	0	0	0	0	0	0	0	0	0	0	0	0	0	0	0	0	0	0	0	0	0	0	0	0	0	0	0.0218352681039248	0	0	0	0	0.148424543946932	0	0	0	0	0	0	0	0	0	0	0	0	0	0	0	0.0516860143725815	0	0	0	0	0	0	0.00138197899391929	0	0	0	0	0	0	0	0	0	0	0	0	0	0	0	0	0	0	0	0	0	0	0	0	0	0.00193477059148701	0	0	0	0	0	0	0	0.00718629076838032	0	0	0	0	0	0	0	0	0	0	0	0	0	0	0	0	0
0	0.00342717258261934	0	0	0	0	0	0	0.00269277845777234	0	0	0	0	0	0	0	0	0	0	0	0	0	0	0	0	0	0	0	0.00440636474908201	0	0.00685434516523868	0	0	0	0	0	0	0	0	0	0	0	0	0	0	0	0	0.00905752753977968	0	0	0	0	0.00807833537331701	0	0	0	0	0	0	0	0	0	0	0	0	0	0	0	0	0	0	0	0	0	0	0	0	0	0	0	0.010281517747858	0	0	0	0	0	0	0	0	0	0	0	0	0	0	0	0	0	0	0	0	0	0.00734394124847001	0	0	0	0	0.001468788249694	0	0	0	0	0	0	0	0	0	0	0	0	0	0	0	0	0	0	0	0	0	0	0	0	0	0	0	0.0291309669522644	0	0	0	0	0	0	0	0	0	0	0	0	0	0.0359853121175031	0	0	0	0	0	0.00807833537331701	0.00538555691554468	0	0	0	0	0	0	0	0	0	0.0115055079559364	0	0	0.00538555691554468	0	0	0	0	0	0.002203182374541	0	0	0	0.00195838433292534	0	0	0	0	0	0	0	0	0.0237454100367197	0.012484700122399	0	0	0	0	0	0	0	0	0.00734394124847001	0	0	0	0	0	0	0	0	0	0	0	0	0	0.0276621787025704	0.018359853121175	0	0	0	0	0	0	0	0	0	0	0	0	0	0	0	0	0	0	0	0	0	0	0	0	0	0	0	0	0	0	0	0.0156670746634027	0	0	0.00807833537331701	0.0210526315789474	0	0	0	0	0	0	0	0	0.0337821297429621	0	0	0	0	0	0	0	0	0	0	0	0	0	0	0	0	0	0	0	0	0	0	0	0	0	0	0	0	0.0107711138310894	0	0	0	0	0	0	0	0	0	0	0	0	0	0	0	0	0	0	0	0	0	0	0	0	0	0	0	0	0	0.000489596083231334	0	0	0	0.015422276621787	0	0	0.0122399020807834	0	0	0	0	0	0	0.00832313341493268	0.00538555691554468	0	0	0	0	0	0	0	0	0	0	0	0	0	0	0	0	0	0	0	0	0	0	0	0	0.0225214198286414	0	0	0	0.00195838433292534	0	0	0	0	0	0	0	0	0	0.00465116279069767	0	0	0	0	0	0	0	0.000979192166462668	0	0	0	0	0	0	0.00367197062423501	0	0	0	0	0	0	0	0	0	0	0	0	0	0	0	0	0	0	0	0	0	0	0.00856793145654835	0	0	0	0	0	0	0	0	0	0	0	0	0	0	0	0	0	0	0.002937576499388	0	0	0.00269277845777234	0	0	0	0	0	0	0	0	0	0	0	0	0	0	0	0	0	0	0	0	0	0	0	0	0	0	0	0	0	0	0	0	0	0	0	0	0	0	0	0	0	0.002937576499388	0	0	0	0	0	0	0	0	0	0	0	0	0	0.00660954712362301	0	0	0	0	0	0	0	0	0	0	0	0	0	0.00391676866585067	0	0	0	0	0	0	0	0	0	0	0	0	0	0.00318237454100367	0	0	0.00979192166462668	0	0	0	0	0.0937576499388005	0	0	0	0	0	0	0	0	0	0	0	0	0	0	0	0	0.01468788249694	0	0	0.00758873929008568	0	0	0	0	0	0	0	0	0	0	0	0	0	0	0	0	0	0	0	0	0	0	0	0	0	0	0	0	0	0	0	0	0	0	0.00636474908200734	0	0.00905752753977968	0	0	0	0	0	0	0	0	0	0	0	0	0	0	0	0	0	0	0	0	0	0	0	0	0	0.013953488372093	0	0	0	0	0	0	0	0	0	0	0	0	0.002937576499388	0	0	0	0	0	0	0	0	0	0	0	0.0166462668298654	0	0	0	0	0	0	0.108200734394125	0	0	0	0	0	0	0	0	0	0	0	0	0	0	0	0	0	0	0	0.0217870257037944	0	0	0	0	0	0	0	0	0	0	0	0	0	0.00685434516523868	0	0	0	0	0	0	0	0.000979192166462668	0	0	0	0	0.00122399020807834	0	0	0	0	0	0	0	0	0	0	0	0	0	0	0	0	0	0	0	0	0	0	0	0	0	0	0	0	0	0	0.0119951040391677	0	0	0	0	0	0	0.00930232558139535	0	0	0	0	0	0	0	0	0.00195838433292534	0	0	0	0	0	0	0	0	0	0	0	0	0	0	0	0.002203182374541	0	0	0	0	0	0	0	0	0	0	0	0	0.0367197062423501	0	0	0	0	0	0	0	0	0	0.00391676866585067	0	0.0186046511627907	0	0	0.00465116279069767	0	0	0	0	0	0	0	0	0	0	0	0	0	0	0	0	0	0	0	0	0.0112607099143207	0	0	0	0	0	0	0	0.0178702570379437	0	0.00832313341493268	0	0	0.0553243574051408	0	0	0	0	0	0	0	0	0	0	0	0	0	0	0	0.0188494492044064	0	0	0	0	0	0	0	0	0	0	0	0	0	0	0.00391676866585067	0	0	0	0	0	0	0	0	0	0	0	0	0	0	0	0	0.00342717258261934	0.00587515299877601	0	0	0	0.00611995104039168	0.010281517747858	0	0	0.00489596083231334	0.0119951040391677	0	0	0	0	0	0	0	0	0	0	0	0	0	0	0	0
0	0	0	0	0	0	0	0	0.00122230710466005	0	0	0	0	0	0	0	0	0	0	0	0	0	0	0	0	0	0	0	0	0.012070282658518	0	0	0	0	0	0	0	0	0	0	0	0	0	0	0	0	0	0	0	0	0	0	0.0294881588999236	0	0	0	0	0	0	0	0	0	0	0	0	0	0	0	0	0	0	0	0.00305576776165011	0	0	0	0	0	0	0	0.00473644003055768	0	0	0	0	0	0	0	0	0	0	0	0	0	0	0	0.000763941940412529	0.00152788388082506	0	0	0	0	0	0	0	0	0	0	0	0	0	0	0	0	0	0	0	0	0	0	0	0	0	0	0	0	0	0	0	0	0	0	0	0	0	0.0359052711993888	0	0	0	0	0	0	0	0	0	0	0	0	0	0.0488922841864018	0	0	0	0	0.000916730328495034	0	0.00656990068754775	0	0	0	0	0	0	0	0	0	0	0	0	0.0524064171122995	0.00168067226890756	0.00198624904507257	0	0	0	0.00122230710466005	0	0	0	0.00183346065699007	0	0	0	0	0	0.00320855614973262	0	0	0.0165011459129106	0	0	0	0	0	0	0	0	0	0	0	0	0	0	0	0	0	0	0	0	0	0	0	0.00825057295645531	0.00229182582123759	0	0	0	0	0	0	0	0	0	0	0	0	0	0	0	0	0	0	0	0	0	0	0	0	0	0	0	0.0080977845683728	0.00305576776165011	0	0	0.012375859434683	0	0	0.0149732620320856	0.00840336134453781	0	0	0	0	0	0	0	0	0.0189457601222307	0	0	0	0	0	0	0	0	0	0	0	0	0	0.0053475935828877	0	0	0	0	0	0	0	0	0	0	0	0	0.00336134453781513	0	0	0	0	0	0	0	0	0	0	0	0	0.00137509549274255	0	0	0	0	0	0	0	0	0	0	0.00977845683728037	0	0	0	0	0	0	0	0	0	0	0	0.00825057295645531	0	0	0.00763941940412529	0	0	0	0	0	0	0.0140565317035905	0	0	0	0	0	0	0	0	0.000305576776165011	0	0	0	0	0	0	0	0	0	0	0	0	0	0	0	0	0.0106951871657754	0	0	0	0	0.000763941940412529	0	0	0	0	0	0	0	0	0	0	0	0	0	0	0	0	0	0	0	0	0.0675324675324675	0	0	0.0027501909854851	0	0	0	0.0192513368983957	0	0	0	0	0	0	0	0	0	0	0	0	0	0	0	0	0	0	0	0	0	0	0	0	0	0	0	0	0	0	0.00550038197097021	0	0	0	0.00718105423987777	0	0	0.00305576776165011	0	0	0	0	0	0	0	0	0	0	0	0	0	0	0	0	0.00702826585179526	0	0	0	0	0	0	0	0	0	0	0	0	0	0	0	0	0	0	0	0	0	0	0	0.0300993124522536	0	0	0	0	0	0	0	0	0	0	0	0	0	0	0	0	0.00198624904507257	0.0137509549274255	0	0	0	0	0	0	0	0	0	0	0	0	0	0	0	0	0	0	0	0	0	0	0	0	0	0	0	0.00443086325439267	0	0	0.00473644003055768	0	0	0	0	0.00351413292589763	0	0.00336134453781513	0	0	0	0	0	0	0	0	0.00595874713521772	0	0.106035141329259	0	0	0	0	0	0	0	0	0	0	0	0	0	0	0	0	0	0	0	0	0	0	0	0	0	0	0	0	0	0.00473644003055768	0	0	0	0	0	0	0	0	0	0.000611153552330023	0	0.00550038197097021	0	0.00305576776165011	0	0	0	0	0	0	0.00122230710466005	0	0	0	0	0	0	0	0	0	0	0	0	0	0	0	0	0	0.000611153552330023	0.0148204736440031	0	0	0	0	0	0	0	0	0	0	0	0	0	0	0	0	0	0	0	0	0	0	0	0	0.00779220779220779	0	0.00122230710466005	0.000763941940412529	0	0	0.00106951871657754	0.00855614973262032	0	0	0	0	0	0	0	0	0	0	0	0	0	0	0	0	0	0	0	0.0168067226890756	0	0	0	0	0	0	0	0	0.00320855614973262	0	0	0	0	0	0	0	0	0	0	0	0	0	0	0	0	0	0.00122230710466005	0	0	0	0	0.0572956455309396	0	0.0103896103896104	0	0	0	0	0	0	0	0	0	0	0	0	0	0	0	0	0.00519480519480519	0	0	0	0	0	0	0.00580595874713522	0.00443086325439267	0	0	0	0	0	0.0223071046600458	0	0	0	0	0	0	0	0	0.00305576776165011	0	0	0.0157372039724981	0	0	0	0.00106951871657754	0	0	0	0.0323911382734912	0	0	0	0	0	0	0	0	0	0	0	0	0	0	0	0	0	0.00565317035905271	0	0	0	0	0	0	0.000152788388082506	0	0.000763941940412529	0	0.00106951871657754	0	0	0	0.0027501909854851	0	0	0	0	0	0	0	0	0	0	0	0	0	0	0	0	0.00366692131398014	0	0	0	0.00672268907563025	0	0	0	0	0	0	0	0.00229182582123759	0	0	0	0	0.0491978609625668	0	0	0	0	0.00336134453781513	0	0	0	0	0	0	0	0	0	0	0.025974025974026	0	0	0	0	0	0	0.00183346065699007	0	0	0	0	0	0	0	0	0	0	0	0	0	0	0	0.00336134453781513	0	0	0	0	0.00244461420932009	0	0	0	0	0.00504201680672269	0	0	0	0	0	0	0	0.00870893812070283	0	0	0	0	0	0	0	0	0	0	0	0	0	0	0	0	0
0	0	0	0	0	0	0	0	0	0	0	0	0	0	0	0	0	0	0	0	0	0	0	0	0	0	0	0	0	0.0100022732439191	0	0	0	0	0	0	0	0	0	0	0	0	0	0	0	0	0	0	0	0	0	0	0.0138667879063424	0	0	0	0	0	0	0	0	0	0	0	0	0	0	0	0	0	0	0	0.00591043418958854	0	0	0	0	0	0	0	0.00318254148670152	0	0	0	0	0	0	0.00681973175721755	0	0	0	0	0	0	0	0	0	0	0	0	0	0	0	0	0	0	0	0	0	0	0	0	0	0	0	0	0	0	0	0	0	0	0	0	0	0	0	0	0	0	0	0	0	0	0	0.0447829052057286	0	0	0	0	0	0	0	0	0	0.000909297567629007	0	0	0	0.0636508297340305	0	0	0	0	0	0.00340986587860877	0.0186406001363946	0	0	0	0	0	0	0	0	0	0	0	0	0	0	0	0	0	0	0	0	0	0.00591043418958854	0	0	0	0	0	0	0	0	0	0	0	0	0	0	0	0	0	0	0	0	0	0	0	0	0	0	0	0	0	0	0	0	0	0	0.0272789270288702	0	0	0	0	0	0	0	0.0229597635826324	0	0	0	0	0	0	0	0.0075017049329393	0	0	0	0	0	0	0	0	0	0	0	0.00636508297340305	0	0	0	0	0	0	0.00636508297340305	0.0256876562855194	0	0	0	0	0	0	0	0	0.0447829052057286	0	0	0	0	0	0	0	0	0	0	0.00227324391907252	0.00363719027051603	0	0.0204591952716526	0	0	0	0	0	0	0	0	0	0	0	0	0.0138667879063424	0	0	0	0	0	0	0	0	0	0	0	0	0.00522846101386679	0	0	0	0	0	0	0	0	0	0	0.0131848147306206	0	0	0	0	0	0	0	0	0	0	0	0.00568310979768129	0	0	0.0345533075699022	0	0	0	0	0	0	0	0	0	0	0	0	0	0	0	0	0	0	0	0	0	0	0	0	0	0	0	0	0	0	0	0	0.0200045464878381	0	0	0	0	0.00272789270288702	0	0	0	0	0	0	0	0	0	0	0	0	0	0	0	0	0	0	0	0	0	0	0	0	0	0	0	0	0	0	0	0.00159127074335076	0	0	0	0	0	0	0.00477381223005228	0	0	0	0	0	0	0	0	0	0	0	0	0	0	0	0	0	0	0	0	0	0	0	0	0	0	0.00591043418958854	0	0	0	0	0	0	0	0	0	0	0	0	0	0	0	0	0	0	0	0	0	0	0	0	0	0	0	0	0	0	0.00340986587860877	0	0	0	0	0	0	0	0	0	0	0.00227324391907252	0	0	0	0	0	0	0	0	0	0	0	0	0	0	0	0	0.00795635371675381	0	0	0	0	0	0	0	0	0	0	0	0	0	0	0	0	0	0	0	0	0	0	0	0	0	0	0	0.0427369856785633	0	0	0	0	0	0	0	0.00363719027051603	0	0	0	0	0	0	0	0	0	0.00500113662195954	0.0165946806092294	0	0.0420550125028416	0	0	0	0	0	0	0	0	0	0	0	0	0	0	0	0	0	0	0	0	0	0	0	0	0	0	0	0	0	0	0	0	0.000227324391907252	0	0	0	0	0	0	0.00272789270288702	0	0.00318254148670152	0	0	0	0	0	0	0	0	0	0	0	0	0	0	0	0	0	0	0	0	0	0	0	0	0	0	0	0	0	0	0	0	0	0	0	0	0	0	0	0	0	0	0	0	0	0	0	0	0	0	0	0	0.00522846101386679	0	0	0.00545578540577404	0	0	0	0.0681973175721755	0	0	0	0	0	0	0	0	0	0	0	0.00250056831097977	0	0	0	0	0	0	0	0	0.000454648783814503	0	0	0	0	0	0	0	0.0106842464196408	0	0	0	0	0.0102295976358263	0	0	0	0	0	0	0	0.00159127074335076	0	0	0	0	0.00159127074335076	0	0	0.0161400318254149	0	0.00136394635144351	0	0	0	0	0	0	0	0	0	0	0	0	0	0	0	0	0	0	0.00454648783814503	0	0	0	0	0	0	0.0200045464878381	0.00954762446010457	0.000681973175721755	0	0	0	0	0	0	0	0	0	0	0	0	0	0.00772902932484656	0	0	0	0	0	0	0	0	0	0	0	0	0	0	0	0.00409183905433053	0	0	0	0	0	0	0	0	0	0	0	0	0	0	0	0	0	0	0	0	0	0	0	0	0.0115935439872698	0	0	0.00318254148670152	0	0	0	0	0	0	0	0	0	0	0	0	0	0	0	0	0	0	0	0	0.0140941122982496	0	0	0.00250056831097977	0	0.00295521709479427	0	0	0.0211411684473744	0	0	0	0	0.115480791088884	0	0	0	0	0.0138667879063424	0	0	0	0	0	0	0	0	0	0	0.0541032052739259	0	0	0	0	0	0	0	0	0	0	0	0	0	0	0	0	0	0	0	0	0	0	0	0	0	0	0	0	0	0	0	0	0	0	0	0.000681973175721755	0	0	0	0	0.00113662195953626	0.00522846101386679	0	0	0	0	0	0	0	0	0	0.00227324391907252	0	0	0	0	0	0
0	0	0	0	0	0.00163746520386442	0	0	0	0	0	0	0	0	0	0	0	0	0	0	0	0	0	0	0	0	0.00785983297854921	0	0	0.011134763386278	0.00491239561159325	0	0	0	0	0	0	0	0	0	0	0	0	0	0	0	0	0	0	0	0	0	0.00916980514164074	0	0	0	0	0	0.00458490257082037	0	0	0	0	0	0	0	0	0	0	0	0	0	0.00556738169313902	0	0	0	0	0	0	0	0	0	0	0	0	0	0	0	0	0	0	0	0	0	0	0	0	0	0	0	0	0	0	0	0	0	0	0	0	0	0	0.0019649582446373	0	0	0	0	0	0	0	0	0	0	0	0	0	0	0	0	0	0	0	0	0	0	0	0.0443753070247257	0	0	0	0	0	0	0	0	0	0.00130997216309153	0	0	0	0.0212870476502374	0	0	0	0	0	0	0	0	0	0	0	0	0	0	0	0	0.000163746520386442	0	0	0	0	0	0	0	0	0	0	0	0.0090060586212543	0.00229245128541019	0	0	0	0	0	0	0	0	0.00163746520386442	0	0	0	0	0.007041100376617	0	0	0	0	0	0	0	0	0	0	0	0	0	0	0	0	0	0	0	0.0523988865236614	0	0	0	0	0	0	0	0	0.00573112821352546	0	0	0	0	0	0	0.00671360733584411	0	0	0	0	0.00114622564270509	0	0	0	0	0	0	0.00245619780579663	0.00327493040772884	0	0	0	0	0	0.00442115605043393	0.0253807106598985	0	0	0	0	0	0	0	0	0.0574750286556411	0	0	0	0	0.00229245128541019	0	0	0	0.000982479122318651	0	0	0	0	0.00769608645816276	0	0	0	0	0	0.000654986081545767	0	0	0	0	0	0	0.00720484689700344	0	0	0	0	0	0	0	0	0	0	0	0	0	0	0	0	0	0	0	0	0	0	0	0	0	0	0	0	0	0	0	0	0	0	0	0.00933355166202718	0	0	0.0293106271491731	0	0	0	0	0	0	0	0	0	0	0	0	0	0	0	0	0	0	0	0	0	0	0	0	0	0	0	0	0	0	0	0	0.0311118388734239	0	0	0.000654986081545767	0	0	0	0	0	0	0	0	0	0	0	0	0	0	0	0	0	0	0	0	0	0	0	0	0	0	0	0	0	0.0718847224496479	0	0	0	0	0	0.00245619780579663	0	0	0	0	0	0	0	0	0	0	0	0	0	0	0	0	0	0	0	0	0	0	0	0	0	0	0	0	0	0	0	0.00163746520386442	0	0	0	0	0	0	0	0	0	0	0	0	0	0	0	0	0	0	0	0	0	0	0	0	0	0	0	0	0	0	0	0	0	0	0	0	0	0	0	0	0	0	0	0	0	0	0	0	0	0	0	0	0	0	0	0	0.00458490257082037	0	0.00916980514164074	0	0	0	0	0	0	0	0	0	0	0	0	0	0.0039299164892746	0	0	0	0	0	0	0	0	0	0	0	0	0	0.00327493040772884	0	0	0.00458490257082037	0	0	0	0	0.00884231210086786	0	0	0	0	0	0	0	0	0	0	0	0	0.0370067136073358	0	0	0	0	0	0	0.0193220894056001	0	0	0	0	0	0	0	0	0	0	0	0	0	0	0	0.00851481906009497	0.0160471589978713	0	0	0	0	0	0	0	0	0	0	0	0	0	0	0	0.00147371868347798	0	0	0	0	0	0	0	0	0	0	0	0	0	0	0	0	0.00261994432618307	0	0	0	0	0	0	0	0	0	0	0	0	0.00114622564270509	0	0	0	0	0	0	0	0	0	0	0	0	0	0	0	0	0.000654986081545767	0	0	0	0	0	0	0	0.00638611429507123	0	0	0	0	0	0	0.0823644997543802	0	0	0	0	0	0	0	0	0	0	0	0.00180121172425086	0	0	0	0.0180121172425086	0	0	0	0.00261994432618307	0	0	0	0	0	0	0	0	0	0	0	0	0	0	0	0	0	0	0	0	0	0.000818732601932209	0	0	0	0	0	0	0	0	0	0	0	0.00311118388734239	0	0	0.00360242344850172	0	0	0	0	0	0	0	0	0	0	0	0	0	0	0	0	0	0	0	0	0.0219420337317832	0.00245619780579663	0.00311118388734239	0	0	0	0	0.00491239561159325	0	0	0	0	0	0	0	0	0	0	0	0	0	0	0	0	0.0019649582446373	0	0	0	0	0	0	0	0.00147371868347798	0	0	0	0	0	0	0	0	0	0	0	0	0.00229245128541019	0	0	0	0	0	0	0	0	0	0.022597019813329	0	0.00556738169313902	0	0	0	0	0	0	0	0	0	0	0	0	0	0	0	0	0	0	0	0	0	0	0	0.00523988865236614	0	0	0	0	0	0	0	0.0501064352382512	0	0	0	0	0.113476338627804	0	0.0050761421319797	0	0	0.0039299164892746	0	0	0	0	0	0	0	0	0	0	0.0365154740461765	0	0	0	0	0	0	0.00130997216309153	0	0	0	0	0	0	0	0	0	0	0	0	0	0	0	0	0	0	0	0.00294743736695595	0	0	0	0	0	0.00212870476502374	0	0	0	0.00229245128541019	0	0	0	0.00343867692811528	0.00916980514164074	0	0	0	0	0	0	0	0	0	0	0	0	0	0	0	0
0	0	0	0	0	0	0	0	0.00139054429876838	0	0	0	0	0	0	0	0	0	0	0	0	0	0	0	0	0	0.00347636074692094	0	0	0.00317838696861343	0.0088398887564561	0.00258243941199841	0	0	0	0	0	0	0	0	0	0	0	0	0	0	0	0	0	0	0	0	0.00705204608661104	0	0	0	0	0	0	0.00198649185538339	0	0	0	0	0	0	0	0	0	0	0	0	0.00437028208184346	0	0	0	0	0	0	0	0	0.00586015097338101	0	0	0	0	0	0	0	0	0	0	0	0	0	0	0	0	0	0	0	0	0	0.00198649185538339	0	0	0	0	0	0	0	0	0	0	0.00119189511323004	0	0	0	0	0	0.00288041319030592	0	0	0	0	0.000397298371076679	0	0	0	0	0	0	0	0	0	0.244537147397696	0	0	0	0	0	0	0	0	0	0.00109257052046087	0	0	0	0.00278108859753675	0	0	0	0	0	0.0174811283273739	0	0	0	0	0	0.000397298371076679	0	0	0	0	0.000595947556615018	0	0.00168851807707588	0	0	0	0	0	0	0	0	0	0	0	0	0	0	0	0	0.00109257052046087	0	0	0	0	0	0	0	0.00218514104092173	0	0	0	0	0	0	0	0	0	0	0	0	0	0	0	0	0	0	0	0.0351609058402861	0	0	0	0	0	0	0	0	0.00208581644815256	0	0	0	0	0	0.000893921334922527	0	0.000397298371076679	0	0	0	0	0	0	0	0	0	0	0	0.00218514104092173	0	0	0.00506555423122765	0	0	0.00337703615415177	0.0170838299562972	0	0	0	0	0	0	0	0	0.0521454112038141	0	0	0	0.00367500993245928	0	0	0	0	0	0	0	0.00268176400476758	0	0.00586015097338101	0	0	0	0	0	0	0	0	0	0	0	0	0.00635677393722686	0	0	0	0	0	0	0	0	0	0	0	0	0	0	0	0.000595947556615018	0.000595947556615018	0	0	0	0	0	0	0.0166865315852205	0	0	0	0	0	0	0	0	0	0	0	0.00516487882399682	0	0	0.0280095351609058	0.00148986889153754	0	0	0	0	0	0	0	0	0	0	0	0	0	0	0	0	0	0	0	0	0	0	0	0	0	0.0113230035756853	0	0	0	0	0.00238379022646007	0.0189709972189114	0	0.00188716726261422	0	0	0.00119189511323004	0	0	0.00794596742153357	0	0	0	0	0	0.00893921334922527	0	0	0	0	0	0	0	0.000794596742153357	0	0	0	0	0	0	0	0	0	0	0	0	0	0	0	0	0	0.000198649185538339	0	0	0	0	0	0	0	0	0	0	0	0.0112236789829162	0	0	0	0	0	0	0	0	0.00178784266984505	0	0	0	0	0	0	0	0	0	0.00208581644815256	0	0.0364521255462853	0	0	0	0	0	0	0	0	0	0	0	0	0	0	0	0	0	0	0	0	0	0	0	0	0	0	0	0	0	0	0	0	0	0	0	0	0	0	0	0	0	0	0	0	0	0	0	0	0.00139054429876838	0	0	0	0.000993245927691696	0	0.00546285260230433	0	0.00278108859753675	0	0	0	0	0	0	0	0	0	0	0	0	0	0	0	0	0	0	0	0.0130115216527612	0.00536352800953516	0	0	0	0	0.00278108859753675	0	0.00427095748907429	0	0	0	0	0	0	0	0.00427095748907429	0	0	0	0.00357568533969011	0	0	0	0	0	0	0.0022844656336909	0	0.0167858561779897	0	0	0	0.00238379022646007	0	0	0	0	0	0	0.00864123957091776	0	0	0	0	0	0	0	0	0	0	0.00844259038537942	0.00357568533969011	0	0	0	0	0	0	0	0	0	0	0	0	0	0	0	0	0	0	0.00486690504568931	0	0.000496622963845848	0	0	0	0	0	0	0	0.00158919348430671	0	0.0022844656336909	0	0	0	0.00178784266984505	0	0	0	0	0	0	0	0	0	0	0	0	0	0	0	0	0	0	0	0	0	0	0	0	0	0	0	0	0	0	0	0	0	0	0	0	0.00536352800953516	0	0	0.000893921334922527	0	0	0.000595947556615018	0.0739968216130314	0	0	0	0	0.00307906237584426	0	0	0	0	0	0	0	0	0	0	0	0	0	0	0.00586015097338101	0	0	0	0	0	0	0.000794596742153357	0	0	0	0	0	0	0.00208581644815256	0	0	0	0	0	0	0	0	0	0	0	0	0.000397298371076679	0	0	0	0	0	0	0	0	0	0	0	0	0	0	0	0	0	0	0	0	0	0	0	0	0	0	0.000893921334922527	0	0	0	0.0065554231227652	0	0	0	0	0.000297973778307509	0	0.00854191497814859	0	0	0	0	0	0	0	0	0	0	0	0	0	0	0.000397298371076679	0	0	0	0	0	0	0.000198649185538339	0	0	0.00158919348430671	0	0	0	0	0	0	0	0	0	0	0.00208581644815256	0	0	0	0	0	0	0	0	0	0	0.00109257052046087	0.0110250297973778	0	0.00437028208184346	0	0	0	0	0	0	0	0	0	0	0	0	0	0	0	0	0.00129121970599921	0	0	0.00268176400476758	0	0	0	0.00258243941199841	0	0	0.00208581644815256	0	0.0188716726261422	0	0	0.0217520858164482	0	0	0	0	0.0289034564958284	0	0	0	0	0.0149980135081446	0	0	0	0	0	0	0	0	0	0	0.038637266587207	0	0	0	0	0	0	0.000496622963845848	0	0	0	0	0	0	0	0.00943583631307112	0	0	0	0	0	0	0	0	0	0.0032777115613826	0	0	0	0	0	0	0.00258243941199841	0.00238379022646007	0	0	0	0.000695272149384188	0	0	0	0.00139054429876838	0	0	0	0	0	0	0	0	0	0.00903853794199444	0	0	0	0	0	0	0
0	0	0	0	0	0	0	0	0	0	0	0	0	0	0	0	0	0	0.000353045013239188	0	0	0	0	0	0	0	0	0	0	0.00141218005295675	0	0	0	0	0	0	0	0	0	0	0	0	0	0	0	0	0	0	0	0	0	0	0	0	0	0	0	0	0	0	0	0	0	0	0	0	0	0	0	0	0	0	0.00864960282436011	0	0	0	0	0	0	0	0	0	0	0	0	0	0	0	0	0	0	0	0	0	0	0	0	0	0	0	0	0	0	0	0	0	0	0	0	0	0	0	0	0	0	0	0	0	0	0	0	0	0	0	0	0	0	0	0	0	0	0	0	0	0	0	0	0	0	0	0	0	0	0	0	0	0	0	0	0.000353045013239188	0	0	0	0	0	0	0	0	0	0	0	0	0	0	0	0	0	0	0.00247131509267432	0	0	0.00423654015887026	0	0	0	0	0	0	0	0	0	0	0	0	0.00458958517210944	0	0	0	0	0	0	0	0	0	0	0	0	0	0	0	0	0	0	0	0	0	0	0	0	0	0	0	0	0.0624889673433363	0	0	0	0	0	0	0	0.0176522506619594	0	0	0	0	0	0	0	0.00247131509267432	0	0	0.0118270079435128	0	0	0	0	0	0	0	0	0.00247131509267432	0	0	0	0	0	0	0.0142983230361871	0.0271844660194175	0	0	0	0	0	0	0	0	0.0992056487202118	0	0	0	0	0	0	0	0	0	0	0	0	0	0	0	0	0	0	0	0	0	0	0	0	0	0	0.0153574580759047	0	0	0	0	0	0	0	0	0	0	0	0	0.000706090026478376	0	0	0	0.000353045013239188	0	0	0	0	0	0	0.0180052956751986	0	0	0	0	0	0	0	0	0	0	0	0	0	0	0.0116504854368932	0	0.139452780229479	0	0	0	0	0.0107678729037952	0	0	0	0	0	0	0	0	0	0	0	0	0	0	0	0	0	0	0	0	0	0	0.00829655781112092	0	0	0.029126213592233	0	0	0	0	0	0	0	0	0	0	0	0	0	0	0	0	0	0	0	0	0	0	0	0	0	0	0	0	0	0	0	0	0	0	0	0	0	0	0	0	0	0	0	0	0	0	0	0	0	0	0	0	0	0	0	0	0	0	0	0	0	0	0	0	0	0	0	0	0	0	0	0	0	0	0	0	0	0	0	0	0	0	0	0	0	0	0	0	0	0	0	0	0	0	0	0	0	0	0	0	0	0	0	0	0	0	0	0	0	0	0	0	0	0	0	0	0	0	0	0	0	0	0	0	0	0	0	0.00847308031774051	0	0	0	0	0	0	0	0	0	0	0	0	0	0	0	0	0	0	0	0	0	0	0	0	0	0	0	0	0	0	0	0	0	0	0.0174757281553398	0	0	0.022594880847308	0	0	0	0	0	0	0	0	0	0	0	0	0.0310679611650485	0	0	0	0	0	0	0	0	0	0	0	0	0	0	0	0	0	0	0	0	0	0	0.00794351279788173	0	0	0	0	0	0	0	0	0	0	0	0	0	0	0	0	0	0	0	0	0	0	0	0	0	0	0	0	0	0	0	0	0	0	0	0	0	0	0	0	0	0	0	0	0	0	0	0	0	0	0	0	0	0	0	0	0	0	0	0	0	0	0	0	0	0	0	0	0	0	0	0	0	0	0	0	0	0	0.193292144748455	0	0	0	0	0	0	0	0	0	0	0	0	0	0	0	0	0	0	0	0	0	0	0	0	0	0	0	0	0	0	0	0	0	0	0	0	0	0	0	0	0	0	0	0	0	0	0	0	0	0	0.00794351279788173	0	0	0	0	0	0	0	0	0	0	0	0	0	0	0	0	0	0	0	0	0	0	0	0	0	0	0.0324801412180053	0	0	0	0	0	0	0	0	0	0	0	0	0	0	0	0.00247131509267432	0	0	0	0	0	0	0	0	0	0	0	0	0	0	0	0.00441306266548985	0	0	0	0	0	0	0	0	0	0	0	0	0	0	0	0	0	0	0	0	0	0	0.000706090026478376	0	0.0172992056487202	0	0	0	0	0	0	0	0	0	0	0	0	0	0	0	0	0	0	0	0	0	0	0	0	0	0	0	0	0	0	0	0.0257722859664607	0	0	0	0	0.00917917034421889	0	0	0	0	0	0	0	0	0	0	0	0	0	0	0	0.122153574580759	0	0	0	0	0	0	0.00123565754633716	0	0	0	0	0	0	0	0	0	0	0	0	0	0	0	0	0	0	0	0	0	0	0	0	0	0	0	0	0	0	0	0	0	0	0	0	0	0	0	0	0	0	0	0	0.00105913503971756	0.00105913503971756	0	0	0	0	0
0	0	0	0	0	0	0.00113765642775882	0	0.00587789154342055	0	0	0	0	0	0	0	0	0	0	0	0	0	0	0	0	0	0	0	0	0.0223739097459234	0.00417140690178233	0.00303375047402351	0	0	0	0	0	0	0	0	0	0	0	0	0	0	0	0.0149791429654911	0	0	0	0	0.0147895335608646	0	0	0	0	0	0	0	0	0	0	0	0	0	0	0	0	0	0	0	0.00587789154342055	0	0	0	0	0	0	0	0.0043610163064088	0	0	0	0	0	0	0	0	0	0	0	0	0	0	0	0	0	0	0	0	0	0.00341296928327645	0	0	0	0	0	0	0	0	0	0	0	0	0	0	0	0	0	0	0	0	0	0	0	0	0	0	0	0	0	0	0	0	0.055745164960182	0	0	0	0	0	0	0	0	0	0	0	0	0	0.0238907849829352	0	0	0	0	0	0	0	0	0	0	0	0	0	0	0	0	0	0	0	0	0	0	0	0	0	0.000948047023132347	0	0	0	0	0	0	0	0	0	0	0	0	0	0	0	0	0	0	0	0	0	0	0	0	0	0	0	0	0	0.00265453166477057	0	0	0	0	0.00132726583238529	0	0	0.0333712552142586	0	0	0	0	0	0	0	0.00739476678043231	0	0	0	0	0	0	0.00568828213879408	0.0024649222601441	0	0	0	0	0.00113765642775882	0	0	0	0	0	0	0.00492984452028821	0.00151687523701176	0	0	0.00663632916192643	0	0	0.00853242320819113	0.0115661736822146	0	0	0	0	0	0	0	0	0.043230944254835	0	0	0	0	0.00113765642775882	0	0	0	0	0	0	0	0	0.015358361774744	0	0	0	0	0	0	0	0	0	0	0	0	0.00720515737580584	0	0	0	0	0	0	0	0	0	0	0	0	0	0	0	0	0	0	0	0	0	0	0	0.0318543799772469	0	0	0	0	0	0	0	0	0	0	0	0.00663632916192643	0	0	0.0172544558210087	0.00170648464163823	0	0	0	0	0	0	0	0	0	0	0	0	0	0	0	0	0	0	0	0	0	0	0	0	0	0	0	0	0.0151687523701176	0	0	0.0356465680697763	0	0	0.00113765642775882	0.00170648464163823	0	0	0	0	0	0	0	0	0	0	0	0	0	0	0	0	0	0	0	0	0	0	0	0	0	0	0	0	0.0407660219946909	0	0	0	0	0	0	0	0	0	0	0	0	0	0	0	0	0	0	0	0	0	0	0	0	0	0	0	0	0	0	0	0	0	0	0.00492984452028821	0	0	0.00606750094804702	0	0	0	0	0	0	0	0	0	0	0.00549867273416761	0	0	0	0	0	0	0	0	0	0	0.00227531285551763	0	0	0	0	0	0	0	0	0	0	0	0	0	0	0	0	0	0	0	0	0	0	0.00189609404626469	0	0	0	0	0	0	0	0	0	0	0	0.00379218809252939	0.000379218809252939	0.0147895335608646	0	0	0	0	0	0	0	0	0	0	0	0	0	0	0	0	0	0	0	0	0.00549867273416761	0	0	0	0	0	0	0.00606750094804702	0.00132726583238529	0	0	0	0	0	0	0	0	0	0	0	0	0	0	0	0	0.00208570345089116	0.012135001896094	0	0	0	0	0	0	0	0	0	0	0	0	0	0	0	0	0	0	0	0	0	0	0	0	0	0	0	0	0	0	0	0	0	0	0	0	0	0	0	0	0	0	0.00511945392491468	0.00189609404626469	0	0.00208570345089116	0	0	0	0	0	0	0	0	0	0	0.0174440652256352	0	0.00530906332954115	0	0	0	0	0	0	0.00113765642775882	0	0	0	0	0	0	0	0	0	0	0	0	0	0	0	0	0	0	0	0	0	0	0	0	0	0	0	0	0	0	0.00948047023132347	0	0	0	0	0	0	0.131209708001517	0	0	0	0	0	0	0	0	0	0	0	0	0	0	0	0.00474023511566174	0	0	0	0.00644671975729996	0	0	0	0	0	0	0	0	0	0	0	0	0	0	0	0	0	0	0	0	0	0	0	0	0	0	0	0	0	0	0.00587789154342055	0	0	0	0	0	0	0	0	0	0	0	0	0	0	0	0	0	0	0	0	0	0	0	0	0	0	0.00834281380356466	0	0	0	0	0	0	0.0161167993932499	0	0	0	0	0	0	0	0	0	0	0	0	0	0	0.000758437618505878	0	0	0	0	0	0	0	0	0	0.00303375047402351	0	0	0	0	0	0	0	0	0	0	0	0	0	0	0	0	0	0	0	0	0	0.000758437618505878	0.0365946150929086	0	0.0536594615092909	0	0	0	0	0	0	0	0	0	0	0	0	0	0	0	0	0	0	0	0	0	0	0	0.00967007963594994	0	0	0	0	0.0043610163064088	0	0	0.0145999241562381	0	0	0	0	0.0646568069776261	0	0	0	0	0.0043610163064088	0	0	0	0	0	0	0	0	0	0	0.0544178991277967	0	0	0	0	0	0	0.000568828213879408	0	0	0	0	0	0	0	0	0	0	0	0	0	0	0	0	0	0	0	0	0	0	0	0	0	0.00303375047402351	0	0	0	0	0	0	0	0	0	0	0	0.000948047023132347	0	0	0	0	0	0	0	0	0	0	0	0	0
0	0	0	0	0	0	0	0	0.00345572354211663	0	0	0	0	0	0	0	0	0	0	0	0	0	0	0	0	0	0	0	0	0.0342692584593233	0.011231101511879	0	0	0	0	0	0	0	0	0	0	0	0	0	0	0	0	0	0	0	0	0	0	0	0	0	0	0	0	0	0	0	0	0	0	0	0	0	0	0	0	0	0.00518358531317495	0	0	0	0	0	0	0	0	0	0	0.000431965442764579	0	0	0	0	0	0	0	0	0	0	0	0	0	0	0	0	0	0	0	0	0	0	0	0	0	0	0	0	0	0	0	0	0	0	0	0	0	0	0	0	0	0	0	0	0	0	0	0	0	0	0	0.00662347012239021	0	0	0	0	0	0	0	0	0	0	0	0	0	0.00619150467962563	0	0	0	0	0	0	0	0	0	0	0	0	0	0	0	0	0.00374370050395968	0	0.00115190784737221	0	0	0	0	0	0	0	0	0	0	0	0	0	0.000719942404607631	0	0	0	0	0	0.0135349172066235	0	0	0	0	0	0	0	0	0	0	0	0	0	0	0	0	0	0	0	0	0	0	0	0.00475161987041037	0.0267818574514039	0	0	0	0	0	0	0	0	0.00259179265658747	0	0	0	0	0	0	0.00187185025197984	0	0	0	0	0	0	0	0	0	0	0	0.00345572354211663	0	0	0	0	0	0	0.00748740100791937	0.0148308135349172	0	0	0	0	0	0	0	0	0.0257739380849532	0	0	0	0	0	0	0	0	0	0	0	0	0	0	0	0	0	0	0	0	0	0	0	0	0	0	0.00777537796976242	0	0	0	0	0	0	0	0	0	0	0	0	0.002735781137509	0	0	0	0	0	0	0	0	0	0	0	0	0	0	0	0	0	0	0	0	0	0	0	0	0	0.00431965442764579	0	0	0	0	0	0	0.00763138948884089	0	0	0	0	0	0	0	0	0	0	0	0	0	0	0	0	0	0	0	0	0	0	0	0	0	0.0143988480921526	0	0	0	0.00143988480921526	0	0	0	0	0	0	0	0	0	0	0	0	0	0	0	0	0	0.0033117350611951	0	0	0	0	0	0	0.00115190784737221	0	0	0	0	0	0	0	0	0	0	0	0	0	0	0	0	0	0	0	0	0	0	0	0	0	0	0	0	0	0	0	0	0	0	0	0	0	0	0	0	0	0.00475161987041037	0.000431965442764579	0	0	0	0	0	0	0	0	0	0	0	0	0	0	0	0	0	0	0	0	0	0	0	0	0	0	0	0	0	0	0	0	0	0	0	0	0	0	0	0	0	0	0	0	0	0	0	0	0	0	0	0	0	0	0	0	0	0.002735781137509	0	0	0	0	0	0	0	0	0	0	0	0	0	0.0087832973362131	0	0	0	0	0	0	0	0	0	0	0	0	0	0	0	0	0	0	0	0	0	0	0	0	0	0	0	0	0	0	0	0	0	0	0.0352771778257739	0	0	0	0	0	0	0	0	0	0	0	0	0	0	0	0	0	0	0	0	0	0	0.00647948164146868	0	0	0	0	0	0	0	0	0	0	0	0	0	0	0	0	0	0	0	0	0.00575953923686105	0	0	0	0	0	0	0	0	0	0	0	0	0	0	0	0	0	0	0	0	0	0	0	0	0	0.00590352771778258	0	0	0	0.00129589632829374	0	0	0	0	0	0	0	0	0	0	0	0	0	0	0	0	0	0	0	0	0	0	0	0	0	0	0	0.0384449244060475	0	0	0	0	0	0	0	0	0	0	0	0	0	0	0	0	0	0	0.00460763138948884	0.00374370050395968	0	0	0	0	0.00431965442764579	0	0	0	0	0	0	0	0	0	0	0	0	0	0	0	0	0	0	0	0	0	0.526997840172786	0	0	0	0	0.00115190784737221	0	0	0	0	0	0	0	0	0	0	0	0	0	0	0	0	0	0	0	0	0	0	0	0	0	0.0185745140388769	0	0	0	0	0	0	0.00446364290856731	0	0	0	0	0	0	0	0	0	0	0	0	0	0	0	0	0.00316774658027358	0	0	0	0	0	0	0	0	0	0	0	0	0	0	0	0	0	0	0	0	0.00129589632829374	0	0	0	0	0	0	0	0	0	0	0	0	0	0	0	0	0	0	0	0	0	0	0	0	0	0	0	0	0	0	0	0	0	0	0	0.00316774658027358	0	0	0	0	0.00143988480921526	0	0	0.00748740100791937	0	0	0	0	0.0364290856731461	0	0	0	0	0	0	0	0	0	0	0	0	0	0	0	0.05471562275018	0	0	0	0	0	0	0.000431965442764579	0	0	0	0	0	0	0	0	0	0	0	0	0	0	0	0	0	0	0	0	0	0.000287976961843053	0	0	0	0.00100791936645068	0	0	0	0	0	0	0	0	0	0	0	0	0	0	0	0	0	0	0	0	0	0	0	0	0
0	0	0	0	0	0	0	0	0	0	0	0	0	0	0	0	0	0	0	0	0	0	0	0	0	0	0	0	0	0.0159586951419854	0.0166627552217789	0	0	0	0	0	0	0	0	0	0	0	0	0	0	0	0	0	0	0	0	0	0.0119690213564891	0	0	0	0	0	0	0	0	0	0	0	0	0	0	0	0	0	0	0	0.00445904717202535	0	0	0	0	0	0	0	0.0110302745834311	0	0	0	0	0	0	0.00492842055855433	0	0	0	0	0	0	0	0	0	0	0	0	0	0	0.00328561370570289	0	0	0	0	0	0	0	0	0	0	0	0	0	0	0	0	0	0	0	0	0	0	0	0	0	0	0	0	0	0	0	0	0.0161933818352499	0	0	0	0	0	0	0	0	0	0.00328561370570289	0	0	0	0.014315888289134	0	0	0	0	0	0	0	0	0	0	0	0	0	0	0	0	0.000234686693264492	0	0	0.00680591410467027	0	0	0	0	0	0	0	0	0	0	0	0	0	0	0	0	0	0	0	0.0166627552217789	0	0	0	0.00492842055855433	0	0	0	0	0	0	0	0	0	0	0	0	0	0	0	0	0	0	0	0.0206524290072753	0	0	0	0	0	0	0	0	0	0	0	0	0	0	0	0	0	0	0	0	0	0	0	0	0	0	0	0.00211218023938043	0	0	0	0	0	0	0.0145505749823985	0.0260502229523586	0	0	0	0	0	0	0	0.000938746773057968	0.0544473128373621	0	0	0	0	0	0	0	0	0	0	0	0.00164280685285144	0	0.0122037080497536	0	0	0	0	0	0	0	0	0	0	0	0	0	0	0	0	0	0	0	0	0	0	0	0	0	0	0	0	0	0	0	0	0	0	0	0	0.0218258624735977	0	0	0	0	0	0	0	0	0	0	0	0.0117343346632246	0	0	0.0229992959399202	0	0	0	0	0	0	0	0	0	0	0	0	0	0	0	0	0	0	0	0	0	0	0	0	0	0	0	0	0	0	0	0	0.0110302745834311	0	0	0	0	0	0	0	0	0	0	0	0	0.0161933818352499	0	0	0	0	0	0	0	0	0	0	0	0	0	0	0	0.000938746773057968	0	0	0	0.131424548228115	0	0	0	0	0	0	0	0	0	0	0	0	0	0	0	0	0	0	0	0	0	0	0	0	0	0	0	0	0	0	0	0	0	0	0	0	0	0.00657122741140577	0	0	0	0	0	0	0	0	0	0	0	0	0	0	0	0	0	0	0	0	0	0	0	0	0	0	0	0	0	0	0	0	0	0	0	0	0	0	0	0	0	0	0	0	0	0	0	0	0	0	0	0	0	0	0	0	0	0	0.015254635062192	0	0	0	0	0	0	0	0	0	0	0	0	0	0.00328561370570289	0	0	0	0	0	0	0	0	0	0.00352030039896738	0	0	0	0.00445904717202535	0	0	0	0	0	0	0	0.0086834076507862	0	0	0	0	0	0	0	0	0	0	0.00891809434405069	0	0.0516310725181882	0	0	0	0	0	0	0	0	0	0	0	0	0	0	0	0	0	0	0	0	0	0	0.0117343346632246	0	0	0	0	0	0	0	0	0	0	0	0	0	0	0	0	0.00164280685285144	0.00516310725181882	0	0	0.0117343346632246	0	0	0	0	0	0	0	0	0	0	0	0	0	0	0	0	0	0	0	0	0	0	0	0	0	0.00187749354611594	0	0	0	0	0	0	0	0	0.000469373386528984	0	0	0	0	0	0	0	0	0	0	0	0	0	0	0	0	0	0	0	0	0	0	0.105609011969021	0	0	0	0	0	0	0	0	0.0100915278103732	0	0	0	0	0	0	0	0	0	0	0	0	0	0.000469373386528984	0	0	0	0	0	0	0	0	0	0	0	0	0	0	0	0	0	0	0.00187749354611594	0	0	0.00422436047876085	0	0.000704060079793476	0	0	0	0.0199483689274818	0	0	0	0	0	0	0	0	0	0	0	0	0	0	0	0	0	0	0	0	0	0	0	0	0	0	0.0192443088476883	0	0	0	0	0	0	0.00187749354611594	0	0	0	0	0	0	0	0	0.00234686693264492	0	0	0	0	0	0	0	0	0	0	0	0	0	0	0	0.00305092701243839	0	0	0	0	0	0	0	0	0	0	0	0	0.0028162403191739	0	0	0	0	0	0	0	0	0	0.0197136822342173	0	0.0201830556207463	0	0	0.00328561370570289	0	0	0	0	0	0	0	0	0	0	0	0	0	0	0	0	0	0	0	0	0.013377141516076	0	0	0	0	0	0	0	0.0187749354611594	0	0	0	0	0.0985684111710866	0	0	0	0	0.0028162403191739	0	0	0	0	0	0	0	0	0	0	0.0344989439098803	0	0	0	0	0	0	0	0	0	0	0	0	0	0	0	0	0	0	0	0	0	0	0	0	0	0	0	0	0	0	0	0	0	0	0	0	0	0	0	0	0.00211218023938043	0	0	0	0	0	0	0	0	0	0	0	0	0	0	0	0	0
0	0	0	0	0	0	0	0	0	0	0	0	0	0	0	0	0	0	0	0	0	0	0	0	0	0	0	0	0.00178606866441754	0.0424687437983727	0.00198452073824171	0	0	0	0	0	0	0	0	0	0	0	0	0	0	0	0	0.053185155784878	0	0	0	0	0.015082357610637	0	0	0	0	0	0	0	0	0	0	0	0	0	0	0.0379043461004167	0	0	0	0	0	0	0	0	0	0	0	0	0	0	0	0	0	0	0	0.00297678110736257	0	0	0	0	0	0	0	0	0	0	0	0	0	0	0	0	0	0	0	0	0	0	0	0	0	0	0	0	0	0	0	0	0	0	0	0	0	0	0	0	0	0	0	0.0109148640603294	0	0	0	0.00317523318118674	0	0	0	0	0	0	0	0	0	0	0	0	0	0.00377058940265926	0	0	0	0	0	0	0.00773963087914269	0	0	0	0	0	0	0	0	0	0	0	0	0	0	0.0190513990871205	0	0	0	0	0	0	0.0186544949394721	0	0	0	0	0	0	0	0	0	0.0230204405636039	0	0	0	0	0	0	0	0	0	0	0	0	0	0	0	0	0	0	0	0	0	0	0	0	0.00873189124826354	0	0	0	0	0	0	0	0.0105179599126811	0	0	0	0	0	0	0.00635046636237349	0	0	0	0	0	0	0	0	0	0	0	0	0.00515975391942846	0	0	0	0	0	0	0.020837467751538	0	0	0	0	0	0	0	0	0	0.0132962889462195	0	0	0	0	0	0	0	0	0	0	0	0.00257987695971423	0	0	0	0	0	0	0	0	0	0	0	0	0	0	0	0	0	0	0	0	0	0	0	0	0	0	0	0	0	0	0	0	0	0	0	0	0	0	0.00793808295296686	0	0	0	0	0	0	0	0	0	0	0	0	0	0	0.00515975391942846	0	0	0	0	0	0	0	0	0	0	0	0	0	0	0	0	0	0	0	0	0	0	0	0	0	0	0	0	0	0.062512403254614	0	0	0.0055566580670768	0	0	0	0	0	0	0	0	0	0	0	0	0	0.0027783290335384	0	0	0	0	0	0	0	0	0	0	0	0	0	0	0.000793808295296686	0	0	0	0	0	0	0	0	0	0	0	0	0	0	0	0	0	0	0	0	0	0	0	0	0	0	0	0	0	0	0	0	0	0	0	0	0	0	0.0410795792816035	0	0	0.00337368525501091	0	0	0	0	0	0	0	0	0	0	0	0	0	0	0	0	0	0	0	0	0	0	0	0	0	0	0	0	0	0	0	0	0	0	0	0	0	0	0	0	0	0	0	0	0	0	0	0	0	0	0	0	0	0	0	0	0	0	0	0	0	0	0	0	0	0	0	0	0	0	0	0	0	0	0	0	0	0	0	0	0	0	0	0	0	0	0.00218297281206589	0	0	0	0	0	0	0	0.0712442945028776	0	0	0	0	0	0	0	0	0	0.00654891843619766	0	0	0.0446517166104386	0	0	0	0.0041674935503076	0	0	0	0	0	0	0	0	0	0	0	0	0	0	0	0	0	0	0	0	0	0	0	0	0	0	0	0	0.000198452073824171	0	0	0	0	0	0	0	0.00257987695971423	0.00813653502679103	0	0.00456439769795594	0	0	0	0	0	0	0	0	0	0	0	0	0	0	0	0	0	0	0	0	0	0	0	0	0	0.0186544949394721	0	0	0	0	0	0	0	0	0	0	0	0	0	0	0	0	0	0	0	0	0	0	0	0	0	0	0	0	0	0	0	0.0121055765032745	0	0	0	0	0	0	0	0	0	0	0	0	0	0	0	0	0	0	0	0.0144870013891645	0	0	0	0	0	0	0	0	0.0041674935503076	0	0	0	0	0.0345306608454058	0.00932724746973606	0	0	0	0	0	0	0	0	0	0	0	0.00158761659059337	0	0	0	0	0	0	0.000396904147648343	0	0	0	0	0	0	0	0	0	0	0	0	0	0	0	0	0.00158761659059337	0	0	0	0	0	0	0.00119071244294503	0	0	0	0	0	0	0.0267910299662631	0	0	0	0	0	0	0	0	0.00654891843619766	0	0	0	0	0	0	0	0.00357213732883509	0	0	0	0	0	0	0	0	0	0	0	0	0	0	0	0	0	0	0	0	0.012700932724747	0	0	0	0	0	0	0	0	0	0	0	0.035919825362175	0	0	0	0	0	0	0	0	0	0	0	0	0	0	0	0	0	0	0	0.00515975391942846	0	0	0	0.0136931930938678	0	0	0	0	0	0	0	0.0097241516173844	0	0	0	0	0.142290136931931	0	0	0	0	0.00357213732883509	0	0	0	0	0	0	0	0	0	0	0.0162730700535821	0	0	0	0	0	0	0	0	0	0	0	0	0	0	0	0	0	0.0297678110736257	0	0	0	0	0	0	0	0	0	0	0	0	0	0	0.00734272673149434	0	0	0	0	0	0	0	0.0041674935503076	0.00178606866441754	0	0	0	0	0	0	0	0	0	0	0	0	0	0	0	0
0	0	0	0	0	0	0	0	0	0	0	0	0	0	0	0	0	0	0	0	0	0	0.00401214487096075	0	0	0	0	0	0	0.032097158967686	0.00802428974192149	0	0	0	0	0	0	0	0	0	0	0	0	0	0	0	0	0.00412058121882455	0	0	0	0	0.00130123617436565	0	0	0	0	0	0	0	0	0	0	0	0	0	0	0.00531338104532639	0	0	0	0	0.0162654521795706	0	0	0	0	0	0	0	0	0	0	0	0	0	0	0	0	0	0	0	0	0	0	0	0	0	0	0	0	0	0	0	0	0	0	0	0	0	0	0	0	0	0.000867490782910432	0	0	0	0	0	0	0	0	0	0	0	0	0	0	0	0	0	0	0	0	0.00325309043591412	0	0	0	0	0	0	0	0	0	0	0	0	0	0.0195185426154847	0	0	0	0	0	0.000867490782910432	0	0	0	0.00108436347863804	0	0	0	0	0	0	0	0	0	0.00672305356755584	0	0.00357839947950553	0	0	0	0	0	0	0	0	0	0	0	0	0	0	0	0	0.0620255909780959	0	0	0	0	0.00249403600086749	0	0	0	0	0	0	0	0	0	0	0	0	0	0	0	0	0	0	0	0.00954239861201475	0	0	0	0	0	0	0	0.011060507482108	0	0	0	0	0	0	0	0	0	0	0	0	0	0	0	0	0	0	0	0.00390370852309694	0	0	0	0	0	0	0.0230969420949902	0.0284103231403166	0	0	0.000433745391455216	0	0	0	0	0	0.0186510518325743	0	0	0	0	0	0	0	0	0	0	0	0	0	0	0	0	0	0	0	0	0	0	0	0	0	0	0.00715679895901106	0	0	0	0	0	0	0	0	0	0	0	0	0.00130123617436565	0	0	0	0.000759054435046628	0	0	0	0	0	0	0.0261331598351768	0	0	0	0	0	0	0	0	0	0	0	0	0	0	0	0	0	0	0	0	0	0.0377358490566038	0	0	0	0	0	0	0	0	0	0	0	0	0	0	0	0	0	0	0	0	0	0	0	0	0	0.00715679895901106	0	0	0	0	0	0	0	0	0	0	0	0	0.00574712643678161	0	0	0	0	0	0	0	0	0	0	0	0	0	0	0	0.00054218173931902	0	0	0	0	0	0	0	0	0	0	0	0	0	0	0	0	0	0	0	0	0	0	0.000216872695727608	0	0	0	0	0	0	0	0	0	0	0	0	0	0	0	0	0	0	0.00346996313164173	0	0	0	0	0	0	0	0	0	0	0	0	0	0	0	0	0	0.000433745391455216	0	0	0	0	0	0	0	0	0	0	0	0	0	0	0	0	0	0	0	0	0	0	0	0	0	0	0	0	0	0	0	0	0	0	0	0	0	0	0	0	0	0	0	0	0	0	0	0	0	0	0	0	0	0	0	0	0	0	0	0	0	0	0	0	0	0	0	0	0	0	0	0	0	0.010518325742789	0	0	0.0162654521795706	0	0	0	0	0	0	0	0	0	0	0	0	0.205053133810453	0	0	0	0	0	0	0	0	0	0	0	0	0	0	0	0	0	0	0	0	0	0	0.00650618087182824	0	0	0	0	0	0	0	0	0	0	0	0	0	0	0	0	0.000759054435046628	0.00151810887009326	0	0	0.00563869008891781	0	0	0	0	0	0	0	0	0	0	0	0	0	0	0	0	0	0	0	0	0	0	0	0	0	0.00151810887009326	0	0	0	0	0	0	0	0	0	0	0	0	0	0	0	0	0	0	0	0	0	0	0	0	0	0	0	0	0	0	0	0.0828453697679462	0	0	0	0	0	0	0	0.000325309043591412	0	0	0	0	0	0	0	0	0	0	0	0	0	0	0	0	0	0	0	0	0	0	0	0	0	0.00325309043591412	0	0	0	0	0	0	0	0.00401214487096075	0	0	0	0	0	0	0	0	0	0	0	0	0	0	0	0	0	0	0	0	0	0	0	0	0	0	0	0	0	0	0	0	0	0	0	0.00726523530687486	0.00054218173931902	0	0	0	0	0	0.00314465408805031	0	0	0	0	0	0	0	0	0.00216872695727608	0	0	0	0	0	0	0	0.00672305356755584	0	0	0	0	0	0	0	0	0	0	0	0	0	0	0.00227716330513988	0	0	0	0	0	0.00249403600086749	0	0	0	0	0	0	0	0	0	0.00759054435046628	0	0.00856647148124051	0	0	0	0	0	0	0	0	0	0	0	0	0	0	0	0	0	0	0	0	0	0	0	0.00520494469746259	0	0	0	0	0	0	0	0.00867490782910432	0	0.0177835610496638	0	0	0.0322055953155498	0	0	0	0	0	0	0	0	0	0	0	0	0	0	0	0.188245499891564	0	0	0	0	0	0	0	0	0	0	0	0	0	0	0	0	0	0	0	0	0	0	0	0	0	0	0	0	0	0	0	0	0	0	0	0	0	0	0	0	0.00455432661027977	0.00585556278464541	0	0	0	0	0	0	0	0	0	0.000975927130774236	0	0	0.000216872695727608	0	0	0
0	0	0	0	0	0	0	0	0	0	0	0	0	0	0	0	0	0	0	0	0	0	0.0137429264349232	0	0	0	0.00258690379951496	0	0	0.0344381568310428	0.0239288601455133	0	0	0	0	0	0	0	0	0	0	0	0	0	0	0	0	0	0	0	0	0	0.00873080032336298	0	0	0	0	0	0.0106709781729992	0.00113177041228779	0	0	0	0	0	0	0	0	0	0	0	0	0.00679062247372676	0	0	0	0	0	0	0	0	0	0	0	0	0	0	0.000323362974939369	0	0	0	0	0	0	0	0	0	0	0	0	0	0	0.00161681487469685	0	0	0	0	0	0	0	0	0	0	0	0	0	0	0	0	0	0	0	0	0	0	0	0	0	0	0	0	0	0	0	0	0.0229587712206952	0	0	0	0	0	0	0	0	0	0.000485044462409054	0	0	0	0.00291026677445432	0	0	0	0	0	0	0	0	0	0.0021018593371059	0	0	0	0	0	0.00194017784963622	0	0	0	0	0	0	0	0	0	0	0	0	0	0	0	0	0	0	0	0	0	0	0.00274858528698464	0	0	0	0	0.00468876313662086	0	0	0.000323362974939369	0	0	0	0	0	0	0	0	0	0	0	0	0	0	0	0	0.0412287793047696	0	0	0	0	0	0	0	0	0	0	0	0	0	0	0	0.00258690379951496	0	0	0	0	0	0	0	0	0	0	0	0.00194017784963622	0	0	0	0	0	0	0.0111560226354082	0.0363783346806791	0	0	0	0	0	0.0053354890864996	0	0	0.102182700080841	0	0	0	0	0	0	0	0	0	0	0	0	0	0	0	0	0	0	0	0	0	0	0	0	0	0	0.00970088924818108	0	0	0	0	0	0	0	0	0	0	0	0	0	0	0	0	0	0	0	0	0	0	0	0.0156831042845594	0	0	0	0	0	0	0	0	0	0	0	0	0	0	0.0591754244139046	0	0	0	0	0	0	0.00679062247372676	0	0	0	0	0	0	0	0	0	0	0	0	0	0	0	0	0	0	0	0	0	0	0.00824575586095392	0	0	0.024090541632983	0	0	0	0	0	0	0	0	0	0	0	0	0.0053354890864996	0.00242522231204527	0	0	0.00565885206143896	0	0.0095392077607114	0	0	0	0	0	0	0	0	0	0	0	0	0	0	0	0	0.00194017784963622	0	0	0	0	0	0	0	0	0	0	0	0	0	0	0	0.0021018593371059	0	0	0	0	0	0	0	0	0	0	0	0	0	0	0	0	0	0	0.00274858528698464	0	0	0	0	0	0	0	0	0	0	0	0	0	0	0	0	0	0	0	0	0	0.00776071139854487	0	0	0	0	0	0	0	0	0	0	0	0	0	0	0	0	0	0	0	0	0	0	0	0	0	0	0	0.0124494745351657	0	0	0	0	0	0	0.00646725949878739	0	0.0239288601455133	0	0	0	0	0	0	0	0	0	0	0	0	0	0	0	0	0	0	0	0	0	0	0	0	0	0	0	0	0	0	0	0	0	0	0.000808407437348424	0.0295877122069523	0	0	0	0	0	0	0	0	0	0	0.0294260307194826	0	0.0143896523848019	0	0	0	0	0	0	0	0	0	0.00113177041228779	0	0	0	0	0	0	0	0	0	0	0	0.00646725949878739	0.00840743734842361	0	0	0	0	0	0	0	0	0	0	0	0	0	0	0	0.000323362974939369	0	0.00355699272433306	0	0	0.00145513338722716	0	0	0	0	0	0	0	0	0	0.00242522231204527	0.0187550525464834	0	0	0	0	0	0	0	0	0	0	0	0	0	0	0	0	0	0	0	0	0	0	0	0	0	0	0	0	0	0	0	0	0	0	0	0	0	0	0	0	0	0	0.000970088924818108	0	0	0	0.111721907841552	0	0	0	0	0	0	0	0	0	0	0	0	0	0	0	0	0	0	0	0.000808407437348424	0	0	0	0	0	0	0	0	0	0	0	0	0	0	0	0	0	0	0	0	0	0	0	0	0	0	0.000646725949878739	0	0	0	0	0	0	0	0	0	0	0	0	0	0	0	0	0	0	0	0	0	0	0.000323362974939369	0	0	0	0	0	0	0	0.0095392077607114	0	0	0	0	0	0	0	0	0	0	0	0	0	0	0	0.00129345189975748	0	0	0	0	0	0	0	0	0	0	0	0	0	0	0	0.00598221503637833	0	0	0	0	0	0	0	0	0	0	0	0	0.00145513338722716	0	0	0	0	0	0	0	0	0	0	0	0	0	0	0.00161681487469685	0	0	0	0	0	0	0.000323362974939369	0	0	0	0	0	0	0	0	0	0	0	0	0	0.00226354082457559	0	0	0	0	0	0	0	0.0310428455941795	0	0.00323362974939369	0	0	0.0816491511721908	0	0.00808407437348424	0	0	0	0	0	0	0	0	0	0	0	0	0	0.0616006467259499	0	0	0	0	0	0	0	0	0.00808407437348424	0	0	0	0	0	0	0	0	0	0	0	0	0	0	0	0	0	0	0	0.000808407437348424	0	0	0	0	0	0	0	0	0	0	0	0	0.00436540016168149	0	0	0	0	0	0	0	0	0	0	0	0	0	0	0	0.000485044462409054
0	0	0	0	0	0	0	0	9.85415845486795e-05	0	0	0	0	0	0	0	0	0	0	0	0	0	0	0	0	0	0	0	0	0.126527394560505	0	0	0	0	0	0	0	0	0	0	0	0	0	0	0	0	0	0.0829720141899882	0	0	0	0	0.0186243594797004	0	0	0	0	0	0.00463145447378794	0	0	0	0	0	0	0	0	0.01566811194324	0	0	0	0	0.00256208119826567	0	0	0.000492707922743398	0	0	0	0	0.00443437130469058	0	0	0	0	0	0	0	0	0	0	0	0	0	0	0	0	0	0	0	0	0	0.00236499802916831	0	0	0	0	0	0	0	0	0	0	0	0	0	0	0	0	0	0	0	0	0	0	0	0	0	0	0	0	0	0	0	0	0.00157666535277887	0	0	0	0	0	0	0	0	0	0	0	0	0	0.012908947575877	0	0	0	0	0	0	0.00246353961371699	0	0	0	0	0	0	0	0	0	9.85415845486795e-05	0	0	0	0	0	0	0	0	0	0	0	0.00640520299566417	0	0	0.000197083169097359	0	0	0	0	0	0	0.0530153724871896	0	0	0	0	0	0	0.000197083169097359	0	0	0	0	0	0	0	0	0	0	0	0	0	0	0	0	0	0.0121206148994876	0	0	0	0	0	0	0	0	0	0	0	0	0	0	0	0	0	0	0	0	0	0	0	0	0	0	0	0.000689791091840757	0	0	0	0.00502562081198266	0	0	0.00591249507292077	0.0110366574694521	0	0	0	0	0	0	0	0	0.0298581001182499	0	0	0	0	0	0	0	0	0	0	0	0	0	0	0	0	0	0	0	0	0	0	0	0	0	0	0.00177374852187623	0	0.00285770595191171	0	0	0	0	0	0	0	0	0	0	0.00167520693732755	0	0	0	0	0	0	0	0	0	0	0	0	0	0	0	0	0	0	0	0	0	0	0	0	0	0.00630666141111549	0	0	0	0	0	0	0.0081789515175404	0	0	0	0	0	0	0	0	0	0	0	0	0	0	0	0	0	0	0	0	0	0	0.00581395348837209	0	0	0.0119235317303902	0	0	0	0	0	0	0	0	0	0	0	0	0	0	0	0	0	0	0	0	0	0	0	0	0	0	0	0	0	0	0	0	0.00236499802916831	0	0	0	0	0	0	0	0	0	0	0	0	0	0	0	0	0	0	0	0	0	0	0	0	0	0	0	0	0	0	0	0	0	0	0.00709499408750493	0	0	0.00443437130469058	0	0	0	0	0	0	0	0	0	0	0	0	0	0	0	0	0	0	0	0	0	0.0033504138746551	0	0	0	0	0	0	0	0	0	0	0	0	0	0	0	0	0	0	0	0	0	0	0	0	0	0	0	0	0	0	0	0	0	0	0.00246353961371699	0	0.00689791091840757	0	0	0	0	0	0	0	0	0	0	0	0	0	0.196886085928262	0	0	0	0	0	0	0	0	0	0	0	0	0	0.00108395743003547	0	0	0.00443437130469058	0	0	0	0	0.0348837209302326	0	0	0	0	0	0	0	0	0	0	0.00630666141111549	0	0.0751872290106425	0	0	0	0	0	0	0	0	0	0	0	0	0	0	0	0	0	0	0	0	0	0	0	0.0183287347260544	0	0	0	0	0.00285770595191171	0	0	0	0	0	0	0	0	0	0	0.00167520693732755	0.0109381158849034	0.000985415845486795	0	0.00137958218368151	0	0	0	0	0	0	0	0	0	0	0.00197083169097359	0	0	0	0	0	0	0	0	0	0	0	0	0	0	0.0215806070161608	0	0	0	0	0	0	0	0	0	0	0	0	0	0	0	0	0	0	0	0	0	0	0	0	0.00758770201024832	0	0	0	0	0	0	0.0235514387071344	0	0	0	0	0	0	0	0	0	0	0	0	0	0	0	0	0	0	0.00413874655104454	0.00147812376823019	0	0	0	0	0	0	0	0	0	0	0.000197083169097359	0	0	0.00748916042569965	0	0	0	0	0	0	0	0	0	0	0	0	0	0	0	0	0	0	0	0	0	0	0	0	0	0	0	0	0	0	0	0	0	0	0	0	0.000788332676389436	0	0	0	0	0	0	0.00157666535277887	0	0	0	0	0	0	0.00285770595191171	0	0	0	0	0	0	0	0	0.00522270398108002	0	0	0.00709499408750493	0	0	0	0	0	0	0	0	0	0	0	0	0.000492707922743398	0	0	0	0	0	0	0	0	0	0	0	0	0.000689791091840757	0	0	0	0	0	0	0	0	0	0	0	0.00847457627118644	0	0	0	0	0	0	0	0	0	0	0	0	0	0	0	0	0	0	0	0	0	0	0	0.00926290894757588	0	0	0	0	0	0.00285770595191171	0	0.0048285376428853	0	0	0	0	0.0472014189988175	0	0	0	0	0	0	0	0	0	0	0	0	0	0	0	0.0116279069767442	0	0	0	0	0	0	0.00167520693732755	0	0	0	0	0	0	0	0	0	0	0	0	0	0	0	0	0	0	0	0	0	0	0	0	0	0.00216791486007095	0	0	0	0	0	0	0	0.00443437130469058	0	0	0	0	0	0	0	0	0	0	0.000788332676389436	0	0	0	0	0	0
0	0	0	0	0	0	0	0	0	0	0	0	0	0	0	0	0	0	0	0	0	0	0	0	0	0	0	0	0	0.00493912244429129	0.0244658855961406	0	0	0	0	0	0	0	0	0	0	0	0	0	0	0	0	0	0	0	0	0	0	0	0	0	0	0	0	0	0	0	0	0	0	0	0	0	0	0	0	0	0	0	0	0	0	0	0	0	0	0.00229726625315874	0	0	0	0	0	0	0	0	0	0	0	0	0	0	0	0	0	0	0	0	0	0	0	0	0	0	0	0	0	0	0	0	0	0	0	0	0	0	0	0	0	0	0	0	0	0	0	0	0	0	0	0	0	0.00436480588100161	0	0	0	0	0	0	0	0	0	0	0	0	0	0.000344589937973811	0	0	0	0	0	0	0	0.0233172524695612	0	0.00884447507466115	0	0	0	0	0	0	0	0	0	0.146795313576844	0	0	0	0	0	0	0	0	0.016425453710085	0	0	0	0	0	0.00597289225821273	0	0	0	0	0	0	0	0	0	0	0	0	0	0	0	0	0	0	0	0	0	0	0	0	0	0.00149322306455318	0	0	0.000804043188605559	0	0	0	0.00137835975189524	0	0	0	0.0617964622099701	0	0	0	0	0	0	0	0	0	0	0	0	0	0	0	0	0	0	0	0.00321617275442224	0	0	0	0	0	0	0.0204456696531128	0.00275671950379049	0	0	0.000689179875947622	0	0	0	0	0	0.16092350103377	0	0	0	0	0	0	0	0	0	0	0	0	0	0	0	0	0	0	0	0	0	0	0	0	0	0	0	0	0	0	0	0	0	0	0	0	0	0	0	0	0	0	0	0	0	0	0	0	0	0	0	0	0	0	0	0	0	0	0	0	0	0	0.00643234550884448	0	0	0	0	0	0	0	0	0	0	0	0	0	0	0	0.0296347346657478	0	0	0	0	0	0	0	0	0	0	0	0	0	0	0	0	0	0	0	0.0215943027796922	0	0	0	0.00321617275442224	0	0	0	0	0	0	0	0	0	0	0	0	0	0	0	0	0	0.0497358143808867	0	0	0	0	0	0	0.00149322306455318	0	0	0	0	0	0	0	0	0	0	0	0	0	0	0	0	0	0	0	0	0	0	0.00298644612910636	0	0	0	0	0	0	0	0	0	0	0	0	0	0	0	0	0	0	0.0119457845164255	0	0	0	0	0	0	0	0	0	0	0.00827015851137147	0	0	0	0	0	0	0	0	0	0	0	0	0	0	0	0	0	0	0	0	0	0	0	0	0	0	0	0	0	0	0	0	0	0	0	0	0	0	0	0	0	0	0	0	0	0.00321617275442224	0	0.0021824029405008	0	0	0	0	0	0	0	0	0	0	0	0	0	0	0	0	0	0	0	0	0	0	0	0	0	0	0	0	0	0	0	0	0	0	0	0	0	0	0	0	0	0	0	0	0	0	0	0	0.0093039283252929	0	0.00356076269239605	0	0	0	0	0	0	0	0	0	0	0	0	0	0	0	0	0	0	0	0	0	0	0	0	0	0	0	0	0	0	0.000229726625315874	0	0	0	0	0	0	0	0.00195267631518493	0	0	0.0151619572708477	0	0	0	0	0	0	0	0	0	0	0	0	0	0	0	0	0	0	0	0	0	0	0	0	0	0.00241212956581668	0	0	0	0	0	0	0	0	0	0	0	0	0	0.00574316563289685	0	0	0	0	0	0	0	0	0	0	0.00597289225821273	0	0	0	0	0	0	0	0	0	0	0	0	0	0	0	0	0	0	0	0	0	0	0	0	0	0	0.0021824029405008	0	0	0	0	0	0	0	0	0.0121755111417413	0	0	0	0	0.0655869515276821	0	0	0	0	0	0	0	0	0	0	0	0	0.0505398575694923	0	0	0	0.0117160578911096	0	0	0	0	0	0	0	0	0	0	0	0	0	0	0	0	0	0	0	0.00137835975189524	0	0	0	0	0	0	0	0.00758097863542385	0	0	0	0	0	0.0119457845164255	0	0	0	0	0	0	0	0	0.00379048931771192	0	0	0	0	0	0	0	0	0	0	0	0	0	0	0	0.00735125201010797	0	0	0	0	0	0	0	0	0	0	0	0	0.00321617275442224	0	0	0	0	0	0	0	0	0	0.000574316563289685	0	0.0148173673328739	0	0	0.000574316563289685	0	0	0	0	0	0	0	0	0	0	0	0	0	0	0	0	0	0	0	0	0.00735125201010797	0	0	0	0	0.00149322306455318	0	0	0.00137835975189524	0	0.00574316563289685	0	0	0.0768435561681599	0	0	0	0	0	0	0	0	0	0	0	0	0	0	0	0	0	0	0	0	0	0	0.000918906501263496	0	0	0.00654720882150241	0	0	0	0	0	0	0	0	0	0	0	0	0	0	0	0	0	0	0	0	0	0	0.00172294968986906	0	0	0.025499655410062	0	0	0	0	0.00275671950379049	0	0	0	0	0	0	0	0	0	0	0	0	0	0	0	0	0
0	0	0	0	0	0	0	0	0	0	0	0	0	0	0	0	0	0	0	0	0	0	0	0	0	0	0	0	0	0.0278140750420011	0	0	0	0	0	0	0	0	0.0253873436624977	0	0	0	0	0	0	0	0	0.00448011946985253	0	0	0	0	0.00746686578308755	0	0	0	0	0	0	0	0	0	0	0	0	0	0	0	0	0	0	0	0.00746686578308755	0	0	0	0	0	0	0	0	0	0	0	0	0	0	0	0	0	0	0	0	0	0	0	0	0	0	0	0	0	0	0	0	0	0	0	0	0	0	0	0	0	0	0	0	0	0	0	0	0	0	0	0	0	0	0	0	0	0	0	0	0	0	0.009893597162591	0	0	0	0	0	0	0	0	0	0	0	0	0	0.00298674631323502	0	0	0	0	0	0	0	0	0	0	0	0	0	0.000933358222885944	0	0	0	0	0	0.0134403584095576	0	0	0	0	0.00261340302408064	0.0050401344035841	0	0	0.00970692551801381	0	0	0	0	0	0.00672017920477879	0	0	0	0.0220272540601083	0	0	0	0	0.00205338809034908	0	0	0	0	0	0	0	0	0	0	0	0	0	0	0	0	0	0	0	0.0123203285420945	0	0.000560014933731566	0	0	0	0	0	0	0	0	0	0	0	0	0	0.00205338809034908	0	0	0	0	0	0	0	0	0	0	0	0.00354676124696659	0	0	0	0.00858689565055068	0	0	0	0.0194138510360276	0	0	0	0	0	0	0	0	0.0453612096322569	0	0	0	0	0	0	0	0	0	0	0	0.0033600896023894	0	0	0	0	0	0	0	0	0	0	0	0	0	0	0.00690685084935598	0	0	0	0	0	0	0	0	0	0	0	0	0.00186671644577189	0	0	0	0	0	0	0	0	0	0	0.00784020907224193	0	0	0	0	0	0	0	0	0	0	0	0	0	0	0.00448011946985253	0	0	0	0	0	0	0.00672017920477879	0	0	0	0	0	0.000933358222885944	0	0	0	0	0	0	0	0	0	0	0	0	0	0	0	0	0	0	0	0.0145603882770207	0	0	0	0	0	0	0	0	0	0	0	0	0	0	0	0	0	0	0	0	0	0	0	0	0	0	0	0	0	0	0	0	0.0274407317528467	0	0	0	0	0	0	0	0	0	0	0	0	0	0	0	0	0	0	0	0	0	0	0	0	0	0	0	0	0	0	0	0	0	0	0.00485346275900691	0	0	0.00653350756020161	0	0	0	0	0	0	0	0	0	0	0	0	0	0	0	0	0	0	0	0	0	0	0	0	0	0	0	0	0	0	0	0	0	0	0	0	0	0	0	0	0	0	0	0	0	0	0	0	0	0	0	0	0	0	0	0	0	0	0	0	0	0	0	0	0	0	0	0	0	0	0	0	0.00261340302408064	0	0	0	0	0	0	0	0	0	0	0	0	0	0	0	0	0	0	0.00485346275900691	0	0	0.0136270300541348	0	0	0	0	0	0	0	0	0	0	0	0	0.26824715325742	0	0	0	0	0	0	0	0	0	0	0	0	0	0	0	0	0	0	0	0	0	0	0	0	0	0	0	0	0	0	0	0	0	0	0	0	0	0	0	0	0	0.00354676124696659	0	0.0106402837408998	0	0	0	0	0	0	0	0	0	0	0	0	0	0	0	0	0	0	0	0	0	0	0	0	0	0	0	0	0	0	0	0	0	0	0	0	0	0	0	0	0	0	0	0	0	0	0	0	0	0	0	0	0	0	0	0	0	0.0871756580175471	0	0	0	0	0	0	0	0	0	0	0	0	0	0	0	0	0	0	0	0	0	0	0	0	0	0	0	0	0	0	0	0	0	0.00522680604816128	0	0	0	0	0	0	0	0	0	0	0	0	0.000933358222885944	0	0	0	0	0	0	0	0	0	0	0	0	0	0	0	0	0	0	0	0	0	0	0	0.00298674631323502	0	0	0	0	0	0	0.0147470599215979	0	0	0	0	0	0	0.000933358222885944	0	0	0	0	0	0	0	0	0.00616016427104723	0	0	0	0	0	0	0	0	0	0	0	0	0	0	0	0.00448011946985253	0	0	0	0	0	0	0	0	0	0	0	0	0	0	0	0	0	0	0	0.00261340302408064	0	0	0.0220272540601083	0	0.04648123949972	0	0	0.00354676124696659	0	0	0	0	0	0	0	0	0	0	0	0	0	0	0	0	0	0	0	0	0.00653350756020161	0	0	0	0	0	0	0	0.0205338809034908	0	0	0	0	0.0386410304274781	0	0	0	0	0	0	0	0	0	0	0	0	0	0	0	0.0970692551801381	0	0	0	0	0	0	0	0	0	0	0	0	0	0	0	0	0	0	0	0	0	0	0	0	0	0	0	0	0.000560014933731566	0	0	0	0	0	0	0	0.00485346275900691	0	0	0	0.00242673137950345	0.00317341795781221	0	0	0	0	0	0	0	0	0	0	0	0	0	0	0	0
0	0	0	0	0	0	0	0	0.00403054730589733	0	0	0	0	0	0	0	0	0	0	0	0	0	0	0	0	0	0.00700042426813746	0	0	0.0339414509970301	0.00233347475604582	0	0	0	0	0	0	0	0	0	0	0	0	0	0	0	0	0	0	0	0	0	0	0	0	0	0	0	0	0	0	0	0	0	0	0	0	0	0	0	0	0	0.00403054730589733	0	0	0	0	0	0	0	0.010182435299109	0	0	0	0	0	0	0	0	0	0	0	0	0	0	0	0	0	0	0	0	0	0.00360627916843445	0	0	0	0	0	0	0	0	0	0	0	0	0	0	0	0	0	0	0	0	0	0	0	0	0	0	0	0	0	0	0	0	0.0246075519728468	0	0	0	0	0	0	0	0	0	0	0	0	0	0.00403054730589733	0	0	0	0	0	0	0	0	0	0	0	0.000848536274925753	0	0	0	0	0.00254560882477726	0	0	0.013576580398812	0	0	0	0	0	0	0	0	0	0	0	0	0	0	0.00509121764955452	0.00212134068731438	0	0	0.00339414509970301	0	0	0	0	0.0027577428935087	0	0	0	0	0	0	0	0	0	0	0	0	0	0	0	0	0	0	0	0.0182435299109037	0	0	0	0	0	0	0	0	0	0	0	0	0	0	0	0.00360627916843445	0	0	0	0	0	0	0	0	0	0	0	0.00530335171828596	0.0027577428935087	0	0	0	0	0	0.00763682647433178	0.0233347475604582	0	0	0	0	0	0	0	0	0.0288502333474756	0	0	0	0	0	0	0	0	0	0	0	0	0	0.0190920661858294	0	0	0	0	0	0	0	0	0	0	0	0	0.00530335171828596	0	0.0055154857870174	0	0	0	0	0	0	0	0	0	0	0	0	0	0	0	0	0	0	0	0	0	0.0502757742893509	0	0	0	0	0	0	0	0	0	0	0.0182435299109037	0.0190920661858294	0	0	0.0199406024607552	0	0	0	0	0	0	0	0	0	0	0	0	0	0	0	0	0	0	0	0	0	0	0	0	0	0	0	0	0	0	0	0	0.024183283835384	0	0	0.00127280441238863	0	0	0	0	0	0	0	0	0	0	0	0	0	0	0	0	0	0	0	0	0	0.00254560882477726	0	0	0	0	0	0	0	0.0112431056427662	0	0	0	0	0	0	0	0	0	0	0	0	0	0	0	0.00403054730589733	0	0	0	0	0	0	0	0	0	0	0	0.00212134068731438	0	0	0	0	0	0	0	0	0	0.0129401781926177	0	0	0	0	0	0	0	0	0	0	0	0	0	0	0	0	0	0	0	0	0	0.0103945693678405	0	0	0	0	0	0	0	0	0	0	0	0	0	0	0	0	0	0	0	0	0	0.00106067034365719	0	0.000636402206194315	0	0	0	0	0	0	0	0	0	0	0	0	0.00403054730589733	0	0	0	0	0	0	0	0	0	0	0	0	0	0.0171828595672465	0	0	0	0	0	0	0	0	0	0	0	0	0	0.00700042426813746	0	0	0.00212134068731438	0	0	0	0	0.00657615613067459	0	0	0	0	0	0	0	0	0	0	0.0197284683920238	0	0.0394569367840475	0	0	0	0	0	0	0.056639796351294	0	0.00890963088672041	0	0	0	0	0	0	0	0	0	0	0	0	0	0	0	0	0	0	0	0	0	0	0	0	0	0	0	0	0	0	0.00106067034365719	0	0	0	0	0	0	0	0.0108188375053034	0	0	0	0	0	0	0	0	0.0127280441238863	0	0	0	0	0	0	0	0	0	0	0	0	0.00190920661858294	0	0	0	0	0	0	0	0	0	0	0	0	0	0	0	0	0	0	0	0	0	0	0	0	0	0	0	0	0	0	0	0.029062367416207	0	0	0	0	0	0	0	0	0.00933389902418328	0	0	0.00190920661858294	0	0	0	0	0	0	0	0.0027577428935087	0	0	0	0	0	0	0	0	0.00530335171828596	0	0	0	0	0.00678829019940602	0	0	0	0	0	0	0	0	0	0	0	0	0	0	0	0	0	0	0	0	0	0	0	0	0	0	0	0	0	0	0	0	0	0	0	0	0	0	0	0	0	0	0	0.015485787017395	0.00106067034365719	0	0	0	0	0	0.00593975392448027	0	0	0	0	0	0	0	0	0.0027577428935087	0	0	0	0	0	0	0	0	0	0	0	0	0	0	0.00848536274925753	0	0	0	0	0	0	0	0	0	0	0	0	0	0.00487908358082308	0	0	0	0	0	0	0.00487908358082308	0	0	0.0112431056427662	0	0	0	0	0	0	0	0	0	0	0	0	0	0	0	0	0	0	0	0	0	0.00636402206194315	0	0	0	0.00912176495545185	0	0	0	0	0	0	0	0.0184556639796351	0	0.00615188799321171	0	0	0.150615188799321	0	0	0	0	0.00466694951209164	0	0	0	0	0	0	0	0	0	0	0.0610946117946542	0	0	0	0	0	0	0.0027577428935087	0	0	0	0	0	0	0	0	0	0	0	0	0	0	0	0	0	0	0	0	0	0	0	0	0	0.0027577428935087	0	0	0	0	0	0	0	0.00360627916843445	0.0146372507424692	0	0	0	0	0	0	0	0	0	0	0	0	0	0	0	0
0	0	0	0	0	0	0	0	0.00204326923076923	0	0	0	0	0	0	0	0	0	0	0	0	0	0.00432692307692308	0	0	0	0.0168269230769231	0	0	0.0110576923076923	0	0.00120192307692308	0	0	0	0	0	0.00180288461538462	0	0.00576923076923077	0	0	0	0	0	0	0	0	0	0	0	0	0.0153846153846154	0	0	0	0	0	0	0	0	0	0	0	0.00120192307692308	0	0	0	0	0	0	0	0.00168269230769231	0	0	0	0	0	0	0	0.00552884615384615	0	0	0	0	0	0	0	0	0	0	0	0	0	0	0	0	0.000360576923076923	0	0	0	0	0	0	0	0	0	0	0	0	0	0	0	0	0	0	0	0	0	0	0	0	0.00192307692307692	0	0	0	0	0	0	0	0	0	0	0	0	0.0769230769230769	0	0	0	0	0	0	0	0	0	0	0	0	0	0.0268028846153846	0	0	0	0	0.00108173076923077	0.0129807692307692	0	0	0	0	0	0	0	0	0	0	0.00360576923076923	0	0	0	0	0	0	0	0.00180288461538462	0	0	0	0	0	0	0	0	0	0.00336538461538462	0	0	0	0.00360576923076923	0	0	0	0	0.00384615384615385	0	0	0	0.0168269230769231	0.00108173076923077	0	0	0	0	0	0	0	0	0	0	0	0	0	0	0.0152644230769231	0	0	0	0.00192307692307692	0	0	0	0.00288461538461538	0	0	0	0	0	0	0	0.0015625	0	0	0	0	0.000600961538461538	0	0	0	0	0	0	0.00252403846153846	0	0	0	0	0	0	0.00769230769230769	0.00865384615384615	0	0	0	0	0	0	0	0	0.0344951923076923	0	0	0	0	0	0	0	0	0	0	0	0	0	0	0	0	0	0	0	0	0	0	0	0	0	0	0	0	0	0	0	0	0	0	0	0	0	0	0	0	0	0	0	0	0	0	0	0	0	0	0.0326923076923077	0	0	0	0	0	0	0	0	0	0	0	0.00420673076923077	0	0	0.0191105769230769	0	0	0	0	0	0	0.00480769230769231	0	0	0	0	0	0	0	0	0	0	0	0	0	0	0	0	0	0	0	0	0	0	0.0140625	0	0	0.0147836538461538	0	0	0	0.000721153846153846	0	0	0	0	0	0	0	0	0	0.00288461538461538	0	0	0	0	0	0	0	0.000600961538461538	0	0	0	0	0	0	0.000240384615384615	0	0	0	0.00805288461538461	0	0	0	0	0	0	0	0	0	0	0	0	0	0	0	0	0	0	0.00240384615384615	0	0	0	0	0	0	0	0	0	0	0	0	0	0	0	0	0	0	0.00576923076923077	0	0	0	0	0	0	0	0.000480769230769231	0	0	0	0	0	0	0	0	0	0	0	0	0	0.00360576923076923	0	0	0	0	0	0	0	0	0	0	0	0	0	0	0	0	0	0	0	0	0	0.00300480769230769	0	0	0	0	0	0	0	0	0	0	0	0	0.00540865384615385	0	0.00120192307692308	0	0	0	0	0.000600961538461538	0	0	0	0	0	0	0	0	0.00709134615384615	0	0	0	0	0	0	0.00336538461538462	0	0	0	0	0	0	0.00276442307692308	0	0	0	0	0	0	0.00324519230769231	0.0213942307692308	0	0	0	0.00769230769230769	0	0	0	0	0	0	0	0	0.0838942307692308	0	0	0	0	0	0	0	0	0	0	0.0387019230769231	0	0	0	0	0	0	0	0	0	0	0	0	0	0	0	0	0	0	0	0	0	0	0	0	0	0	0	0	0	0	0.00685096153846154	0	0	0	0	0	0	0	0	0	0.000961538461538462	0	0.00600961538461538	0.117067307692308	0	0	0	0	0	0	0	0	0	0	0	0	0	0	0.00360576923076923	0	0	0	0	0	0	0	0	0	0	0	0	0.000480769230769231	0	0	0	0	0	0	0	0	0	0	0	0.00456730769230769	0	0	0.000721153846153846	0	0	0.000721153846153846	0.0557692307692308	0	0	0	0	0.00348557692307692	0	0	0	0	0	0	0	0	0	0	0	0	0	0	0.00252403846153846	0	0	0	0	0	0	0	0	0	0	0	0	0	0	0	0	0	0	0	0	0	0.000721153846153846	0	0	0	0	0	0	0	0	0.00889423076923077	0	0	0	0	0	0	0	0	0	0	0	0	0	0	0	0	0	0	0	0	0	0	0	0	0	0	0.00901442307692308	0	0	0	0	0	0	0.0302884615384615	0	0	0	0	0	0	0	0	0.0015625	0	0	0	0	0	0.000360576923076923	0	0	0	0	0	0	0	0	0	0	0	0	0	0	0	0	0	0	0	0	0	0.0329326923076923	0.00396634615384615	0	0	0	0	0	0	0	0	0	0	0	0.0163461538461538	0	0	0.00276442307692308	0	0	0	0	0	0	0	0	0	0	0	0	0	0.0015625	0	0	0	0	0	0	0.00540865384615385	0	0	0	0	0	0	0	0.0110576923076923	0	0	0	0	0.0248798076923077	0	0	0	0	0.0109375	0	0	0	0	0	0	0	0	0.000360576923076923	0	0.0388221153846154	0	0	0	0	0	0	0.000600961538461538	0	0	0	0	0	0	0	0	0	0	0	0	0	0	0	0	0	0.000961538461538462	0	0	0	0	0	0	0	0.00252403846153846	0	0	0	0	0	0	0	0	0.00384615384615385	0	0	0	0	0	0	0	0	0	0	0	0	0	0	0	0
0	0.00463499420625724	0	0	0	0	0	0	0	0	0	0	0	0	0	0	0	0	0	0	0	0	0	0	0	0	0	0	0.0049660652209899	0.017546763780831	0	0	0	0	0	0	0	0	0	0	0	0	0	0	0	0	0	0.00860784638304916	0	0	0	0	0.00562820725045522	0	0	0	0	0	0	0	0	0	0	0	0	0	0	0	0	0	0	0	0.00380731666942559	0	0	0	0	0.00049660652209899	0	0	0.00148981956629697	0	0	0	0	0	0	0	0	0	0	0	0	0	0	0	0	0	0	0	0	0	0	0	0	0	0	0	0	0	0	0	0	0	0	0	0	0	0	0	0	0	0	0	0	0	0	0	0	0	0	0	0	0	0	0.176791921867241	0	0	0	0	0	0	0	0	0	0.0016553550736633	0	0	0	0.0129117695745737	0	0.00033107101473266	0	0	0.00115874855156431	0.00728356232411852	0.00198642608839596	0.00976659493461348	0	0	0	0	0	0	0	0	0	0	0.00529713623572256	0.00430392319152458	0	0	0	0	0	0	0	0	0	0	0	0	0	0	0	0	0	0	0.00645588478728687	0	0	0	0	0.00695249130938586	0	0	0	0	0	0	0	0	0	0	0	0	0	0	0	0	0	0	0	0.0221817579870882	0	0	0	0	0	0	0	0	0	0	0	0	0	0	0	0.00281410362522761	0	0	0	0	0	0	0	0	0	0	0	0.00132428405893064	0.00182089058102963	0	0	0	0	0	0.00811123986095017	0.019533189869227	0	0	0	0	0	0	0	0	0.0389008442310876	0	0	0	0	0	0	0	0	0	0	0	0	0	0	0	0	0	0	0	0	0	0	0	0	0	0	0	0	0	0	0.00893891739778182	0	0	0	0	0	0	0	0	0	0	0	0	0	0	0	0	0	0	0	0.00645588478728687	0	0	0	0	0	0	0	0	0	0	0	0.00976659493461348	0	0	0.016056944214534	0	0	0	0	0	0	0	0	0	0	0	0.00066214202946532	0	0	0	0	0	0	0	0	0	0	0	0	0	0	0.00695249130938586	0	0	0.016056944214534	0	0.0016553550736633	0.0289687137891078	0	0.00579374275782155	0	0.00612481377255421	0.0016553550736633	0	0	0	0	0	0	0	0	0.016553550736633	0	0	0	0	0	0	0	0.0158914087071677	0	0	0	0	0	0	0	0	0	0	0.01804337030293	0	0	0	0	0	0	0	0	0	0	0	0	0	0	0	0	0	0	0.00562820725045522	0	0	0	0	0	0	0	0	0	0	0	0	0	0	0	0.0148981956629697	0	0	0.00413838768415825	0	0	0	0	0	0	0	0	0	0	0	0	0	0	0	0	0	0	0	0	0	0	0.0049660652209899	0	0	0	0	0	0	0	0.00215196159576229	0	0	0	0	0	0	0.00049660652209899	0	0	0	0	0	0	0	0	0	0	0	0	0	0	0	0	0	0	0.00397285217679192	0	0.00430392319152458	0	0	0	0	0	0	0	0	0	0	0	0	0	0	0	0	0	0	0	0	0	0	0	0	0	0	0	0.0049660652209899	0	0	0	0	0	0	0.00446945869889091	0.0049660652209899	0	0	0	0	0	0	0	0	0	0	0	0	0.0789604370137394	0	0	0	0	0	0	0	0	0	0	0	0	0	0	0	0	0	0	0.00297963913259394	0	0.00033107101473266	0	0	0	0	0	0	0	0.00281410362522761	0	0	0	0	0	0	0	0	0	0	0	0	0.0178778347955636	0	0	0	0	0	0	0	0	0	0	0	0.0157258731998014	0	0	0	0	0	0	0	0	0	0	0	0	0	0	0	0	0	0	0	0	0	0	0	0	0	0	0	0	0	0	0	0	0	0	0	0	0	0	0	0	0.00446945869889091	0	0	0	0	0	0	0.0589306406224135	0	0.00033107101473266	0	0	0	0	0	0	0	0	0	0	0	0	0	0	0	0	0	0.00513160072835623	0	0	0	0	0	0	0	0	0	0	0	0	0	0	0.00314517463996027	0	0	0	0	0	0	0	0	0	0	0	0.00132428405893064	0	0	0	0	0	0	0	0	0	0	0	0	0	0	0	0	0	0	0	0	0	0	0	0	0	0	0	0	0	0	0.00960105942724714	0	0.00397285217679192	0	0	0	0	0.0253269326270485	0	0	0	0	0	0	0	0	0.00132428405893064	0	0	0	0	0	0	0	0	0	0	0	0	0	0	0	0.0016553550736633	0	0	0	0	0	0	0	0	0	0	0	0	0.00612481377255421	0	0	0	0	0	0	0	0	0	0.031617281906969	0	0.0099321304419798	0	0	0.00711802681675219	0	0	0	0	0	0	0	0	0	0	0	0	0	0	0	0	0	0	0	0	0.00711802681675219	0	0	0	0	0.00562820725045522	0	0	0.018539976825029	0	0	0	0	0.0365833471279589	0	0	0	0	0	0	0	0	0	0	0.000993213044197981	0	0	0	0	0.033603707995365	0	0	0.00033107101473266	0	0	0	0.00049660652209899	0	0	0.00943552391988082	0	0	0	0	0.00364178116205926	0	0	0	0	0	0	0	0	0	0	0	0	0	0	0	0	0	0.00231749710312862	0	0	0	0.00132428405893064	0	0	0	0	0	0	0	0	0	0	0	0	0	0	0	0	0	0	0	0	0
0	0	0	0	0	0	0	0	0.00616915422885572	0	0	0	0	0	0	0	0	0	0	0	0	0	0.00995024875621891	0	0	0	0	0	0	0.00776119402985075	0.0183084577114428	0	0	0	0	0	0	0	0	0	0	0	0	0	0	0	0	0	0	0	0	0	0.0117412935323383	0	0	0	0	0	0	0	0	0	0	0	0	0	0	0	0	0	0	0	0	0	0	0	0	0	0	0	0	0	0	0	0	0	0	0	0	0	0	0	0	0	0	0	0	0	0	0	0	0	0	0	0	0	0	0	0.00537313432835821	0	0	0	0	0	0	0	0	0	0	0	0	0	0	0	0	0	0	0	0	0.000597014925373134	0	0	0	0	0	0.0332338308457711	0	0	0	0	0	0	0	0	0	0.00139303482587065	0	0	0	0.0376119402985075	0	0	0	0	0	0.00199004975124378	0.00139303482587065	0	0	0	0	0	0	0	0	0	0	0	0	0	0	0	0	0	0	0	0	0	0.00955223880597015	0	0	0	0	0	0	0	0	0	0	0	0	0	0	0.00597014925373134	0	0	0	0	0	0	0	0	0	0	0	0	0	0	0	0	0	0	0	0.0242786069651741	0	0	0	0	0	0	0	0	0	0	0	0	0	0	0	0.00398009950248756	0	0	0	0	0	0	0	0	0	0	0	0	0	0	0	0	0	0	0.0129353233830846	0.0266666666666667	0	0	0	0	0	0	0	0	0.0401990049751244	0	0	0	0	0.00358208955223881	0	0	0	0	0	0.00258706467661692	0	0	0.00437810945273632	0	0	0	0	0	0	0	0	0	0	0	0	0	0	0	0	0	0	0	0	0	0	0	0	0	0	0	0	0	0	0	0	0	0	0	0	0.00855721393034826	0	0	0	0	0	0	0	0	0	0	0	0	0	0	0.0421890547263682	0	0	0	0	0	0	0	0	0	0	0	0	0	0	0	0	0	0	0	0	0	0	0	0	0	0	0	0	0	0.00776119402985075	0	0	0.0288557213930348	0	0	0	0	0	0	0	0	0	0	0	0	0	0	0	0	0	0	0	0	0	0.0320398009950249	0	0	0	0	0	0	0	0	0	0	0	0	0	0	0	0	0	0	0	0	0	0	0	0	0	0	0	0	0	0	0	0	0	0	0	0	0	0	0.00199004975124378	0	0	0	0	0	0	0	0	0	0.00437810945273632	0	0	0.00159203980099502	0	0	0	0	0	0	0	0	0	0	0	0	0	0	0	0	0	0	0	0	0	0	0	0	0	0	0	0	0	0	0	0	0	0	0	0	0	0	0	0	0	0.00139303482587065	0	0	0	0	0	0	0	0	0	0	0	0	0	0.00935323383084577	0	0	0	0	0	0.000597014925373134	0	0	0	0	0	0	0	0	0	0	0	0	0	0	0	0	0	0	0	0	0	0.00378109452736318	0	0	0.0137313432835821	0	0	0	0.00119402985074627	0.0270646766169154	0	0	0	0	0	0	0	0	0	0	0.00537313432835821	0	0.0626865671641791	0	0	0	0	0	0	0.00358208955223881	0	0	0	0	0	0	0.00577114427860697	0	0	0	0	0.00099502487562189	0	0	0	0.013134328358209	0	0	0	0	0	0	0	0	0	0	0	0	0	0	0	0	0	0.00159203980099502	0	0	0.000597014925373134	0	0	0	0	0	0	0	0	0	0	0	0	0	0	0	0	0	0	0	0	0	0	0	0	0	0	0	0	0	0	0	0	0	0.000398009950248756	0	0	0	0	0	0	0	0	0	0	0	0	0	0	0	0	0.00616915422885572	0	0	0	0	0	0	0.163582089552239	0	0	0	0	0	0	0	0	0	0	0	0	0.000398009950248756	0	0	0	0	0	0	0.00716417910447761	0	0	0	0	0	0	0	0	0	0	0	0	0	0	0	0	0	0	0	0	0	0.00099502487562189	0	0	0	0	0.000796019900497512	0	0	0	0	0	0	0	0	0	0	0	0	0	0	0	0.00358208955223881	0	0	0	0	0	0	0	0	0	0	0	0	0	0	0.00139303482587065	0	0	0	0	0	0	0.0292537313432836	0	0	0	0	0	0	0	0	0.00218905472636816	0	0	0	0	0	0	0	0	0	0	0	0	0	0	0	0	0	0	0	0	0	0	0	0	0	0	0	0	0.00696517412935323	0	0	0	0	0	0	0	0	0	0.0354228855721393	0	0	0	0	0.00656716417910448	0	0	0	0	0	0	0	0	0	0	0	0	0	0	0	0	0.00318407960199005	0	0	0	0.0117412935323383	0	0	0	0	0	0	0	0.017910447761194	0	0	0	0	0.0792039800995025	0	0.00895522388059702	0	0	0.00378109452736318	0	0	0	0	0	0	0	0	0	0	0.0292537313432836	0.000796019900497512	0	0	0	0	0	0	0	0	0	0	0	0	0	0	0	0	0	0	0	0	0	0	0	0	0	0	0	0	0	0	0	0.00258706467661692	0	0.0254726368159204	0	0	0	0	0	0.00358208955223881	0	0	0	0	0	0	0	0	0	0	0.000796019900497512	0	0	0	0	0	0
0	0	0	0	0	0	0	0	0.000538575467887438	0	0	0	0	0	0	0	0	0	0	0	0	0	0	0	0	0	0.000807863201831157	0	0	0.0192540729769759	0.00188501413760603	0	0	0	0	0	0	0	0	0	0	0	0	0	0	0	0	0.00350074054126835	0	0	0	0	0.0125218796283829	0	0	0	0	0	0	0	0	0	0	0	0	0	0	0	0	0	0	0	0.00834791975225528	0	0	0	0	0	0	0	0.00982900228894574	0	0	0	0	0	0	0	0	0	0	0	0	0	0	0	0	0	0	0	0	0	0	0	0	0	0	0	0	0	0	0	0	0	0	0	0	0	0	0	0	0	0	0	0	0	0	0	0	0	0	0	0	0	0	0.0946546384812172	0	0	0	0	0	0	0	0	0	0.000269287733943719	0	0	0	0.0130604550962704	0	0	0	0	0	0.00457789147704322	0.00592433014676181	0	0	0	0	0	0	0	0	0	0.000269287733943719	0	0	0.00713612494950855	0	0	0	0	0.00134643866971859	0.000942507068803016	0	0	0	0.00134643866971859	0	0	0	0	0.0043086037430995	0	0	0	0.0340648983438804	0	0	0	0	0.00215430187154975	0	0	0	0	0	0	0	0	0	0	0	0	0	0	0	0	0.000942507068803016	0	0	0.0292177191328935	0	0	0	0	0	0	0	0	0	0	0	0	0	0	0	0.00403931600915578	0	0	0	0	0	0	0	0	0	0	0	0.00201965800457789	0	0	0	0	0	0	0.00982900228894574	0.0148108253669045	0	0	0.000269287733943719	0	0	0	0	0	0.075669853238185	0	0	0	0	0	0	0	0	0	0	0	0.00134643866971859	0	0	0	0	0	0	0	0	0	0	0	0	0	0	0.0146761814999327	0	0	0	0	0	0	0	0	0	0	0	0	0.00121179480274673	0	0	0	0	0	0	0	0	0	0	0.00767470041739599	0	0	0	0	0	0	0	0	0	0	0	0.0247744715228221	0	0.000269287733943719	0.0146761814999327	0	0	0	0	0	0	0.00417395987612764	0	0	0	0.000673219334859297	0	0	0	0	0	0	0	0	0	0	0	0	0	0	0	0	0	0	0.0236973205870473	0	0	0.0123872357614111	0	0	0	0	0.000942507068803016	0	0	0	0	0	0	0	0	0	0	0	0	0	0	0	0	0	0	0	0	0	0	0	0	0	0	0	0	0	0	0	0	0	0	0	0.000673219334859297	0	0	0	0	0	0	0	0	0	0	0	0	0	0	0	0	0	0	0	0	0	0	0	0	0	0	0	0	0	0.00215430187154975	0	0	0	0	0	0	0	0	0	0	0	0	0	0	0	0	0	0	0	0	0	0.00511646694493066	0	0	0	0	0	0	0	0	0	0	0	0	0	0	0	0	0	0	0	0	0	0	0	0	0	0	0	0	0	0	0	0	0	0	0	0	0.00148108253669045	0	0	0	0	0	0	0	0	0	0	0	0	0	0	0	0	0	0	0	0	0	0	0	0.00215430187154975	0	0	0	0.00659754948162111	0	0	0	0	0	0	0.00511646694493066	0.0262555540595126	0	0	0	0	0	0	0	0	0	0	0.00309680894035277	0	0.0552039854584624	0	0	0	0	0	0	0	0	0	0	0.00754005655042413	0	0	0	0	0	0	0	0	0	0	0	0.0127911673623266	0.00942507068803016	0	0	0	0	0	0	0	0	0.000134643866971859	0	0	0	0	0	0	0.000807863201831157	0	0	0	0	0	0	0	0	0	0	0	0	0	0	0.00175037027063417	0	0.00242358960549347	0	0	0	0	0	0	0	0	0	0	0	0	0.00350074054126835	0	0	0	0	0	0	0	0	0	0	0	0	0	0	0	0	0	0	0	0	0	0	0	0	0	0	0	0	0	0	0	0.0922310488757237	0	0	0	0	0	0	0	0	0	0	0	0	0	0	0	0	0	0	0.00471253534401508	0.0049818230779588	0	0	0	0	0	0	0	0	0	0	0	0	0	0.00296216507338091	0	0	0	0	0	0	0	0.000538575467887438	0	0	0	0	0	0	0	0	0	0	0	0	0	0	0	0	0	0	0	0	0	0	0	0	0	0	0	0	0	0	0	0	0	0	0	0.0135990305641578	0	0	0	0	0	0	0.0169651272384543	0	0	0	0	0	0	0	0	0.00282752120640905	0	0	0	0	0	0.000673219334859297	0	0	0	0	0	0	0	0	0	0.00457789147704322	0	0	0	0	0	0	0	0	0	0	0	0	0.00578968627978996	0	0	0	0	0	0	0	0	0	0.0371617072842332	0	0	0	0	0.00390467214218392	0	0	0	0	0	0	0	0	0	0	0	0	0	0	0	0	0.00242358960549347	0	0	0	0.00484717921098694	0	0	0	0	0	0	0	0.0246398276558503	0	0.00484717921098694	0	0	0.058435438265787	0	0	0	0	0.00619361788070553	0	0	0	0	0	0	0	0	0	0	0.0770162919079036	0	0	0	0	0	0	0	0	0	0	0	0	0	0	0	0	0	0.00175037027063417	0	0	0	0	0	0	0	0	0	0	0	0	0	0	0.00484717921098694	0	0	0	0	0	0.00255823347246533	0	0	0.00336609667429649	0	0	0	0	0	0	0	0	0	0	0	0	0	0	0	0.00188501413760603
0	0	0	0	0	0	0	0	0	0	0	0	0	0	0	0	0	0	0	0	0	0	0	0	0	0	0	0	0.00288621112634389	0.0137816581282921	0.00187603723212353	0	0	0	0	0	0	0	0	0	0	0	0	0	0	0	0	0	0	0	0	0	0	0	0	0	0	0	0	0	0	0	0	0	0	0	0	0	0	0	0	0.000938018616061765	0	0	0	0	0	0	0	0	0.00728768309401833	0	0	0	0	0	0	0	0	0	0	0	0	0	0	0	0	0	0	0	0	0	0	0	0	0	0	0	0	0	0	0	0	0	0	0	0	0	0	0	0	0	0	0	0	0	0	0	0	0	0	0	0	0	0.00137095028501335	0.547442095389278	0	0	0	0	0	0	0	0	0	0	0	0	0	0.0027419005700267	0	0	0	0	0	0.000649397503427376	0.00411285085504005	0	0	0.000721552781585973	0	0	0	0	0	0	0.00375207446424706	0	0	0	0	0	0	0	0	0	0	0	0	0	0	0	0	0	0	0	0	0	0.00288621112634389	0	0	0	0	0.0027419005700267	0	0	0	0	0.00165957139764774	0	0	0	0	0	0	0	0	0	0	0	0	0	0	0.00938018616061765	0	0	0	0	0	0	0	0.0026697452918681	0.00324698751713688	0	0	0	0	0	0	0.00165957139764774	0	0	0	0	0	0.000288621112634389	0	0	0	0	0	0.00165957139764774	0.000649397503427376	0	0	0.00324698751713688	0	0	0.00382422974240566	0.00642181975611516	0	0	0	0	0	0.00281405584818529	0	0	0.00945234143877625	0	0	0	0	0	0	0	0	0	0	0	0	0	0.00707121725954254	0	0	0	0	0	0	0	0	0	0	0	0	0.00129879500685475	0	0	0	0.00519518002741901	0	0	0	0	0	0	0	0	0	0	0	0	0	0	0	0	0	0	0	0.00865863337903168	0	0	0	0	0	0	0	0	0	0	0	0.00519518002741901	0	0	0.00238112417923371	0.00122663972869615	0	0	0	0	0	0	0	0	0	0	0	0	0	0	0	0	0	0	0	0	0	0	0	0	0	0.00469009308030882	0	0	0.00505086947110181	0	0.00122663972869615	0.010751136445631	0	0	0	0.00613319864348077	0.00108232917237896	0	0	0	0	0	0	0	0	0.0111840681145826	0	0	0	0	0	0	0	0.000288621112634389	0	0	0	0.00144310556317195	0	0	0.000288621112634389	0	0	0	0.00375207446424706	0	0	0	0	0	0	0	0.000288621112634389	0	0	0	0	0.00173172667580634	0	0	0	0	0	0.0150804531351468	0	0	0	0	0	0	0	0	0	0	0	0	0	0	0	0	0	0	0.0129157947903889	0	0	0	0	0	0	0	0	0	0	0	0	0	0	0	0	0	0	0	0	0	0	0	0	0	0	0	0	0	0	0	0	0	0.000865863337903168	0	0	0	0	0	0	0	0	0	0	0	0	0	0	0	0	0	0	0	0	0	0	0	0	0.00367991918608846	0	0	0	0	0.000721552781585973	0	0	0	0	0	0	0	0.00101017389422036	0.0025975900137095	0	0	0	0	0	0	0	0	0	0	0	0.0186882170430767	0	0.0154412295259398	0	0	0	0	0.00209250306659932	0	0.000721552781585973	0.00699906198138394	0	0	0	0	0	0	0	0	0	0	0.00108232917237896	0	0.0171729562017462	0	0	0	0	0	0	0	0	0	0	0	0	0	0	0	0	0	0	0	0	0	0	0	0	0	0	0.00324698751713688	0	0	0	0	0	0	0	0	0	0	0	0	0	0	0.00360776390792986	0	0.00310267696081968	0	0	0	0	0	0	0	0	0	0.0135651922938163	0.00598888808716358	0	0	0	0	0	0	0	0	0	0	0	0	0	0	0.00108232917237896	0	0	0	0.000288621112634389	0	0	0	0	0	0	0	0	0	0	0	0	0	0	0	0	0	0	0	0	0	0	0	0	0	0	0.000216465834475792	0.0200591673280901	0	0	0	0	0.00194819251028213	0	0	0	0.00230896890107511	0	0	0	0	0	0	0	0	0	0	0.00324698751713688	0	0	0	0	0	0	0	0	0.00339129807345407	0	0	0	0	0.00404069557688145	0	0	0	0	0	0	0	0	0	0	0	0	0.0150804531351468	0	0	0	0	0	0	0	0	0	0	0	0	0	0	0	0	0	0	0	0	0	0	0	0.00129879500685475	0	0	0	0	0	0	0.0026697452918681	0	0	0	0	0	0	0.0101738942203622	0	0	0	0	0	0	0	0	0.000649397503427376	0	0.000938018616061765	0.000721552781585973	0	0	0	0	0	0	0	0	0	0	0	0	0.000649397503427376	0	0	0	0	0	0	0	0.000721552781585973	0	0	0	0	0.00115448445053756	0	0	0	0	0	0	0	0	0	0.00331914279529548	0	0.00396854029872285	0	0	0.00223681362291652	0	0	0	0	0	0	0	0	0	0	0	0	0	0	0	0	0	0	0	0	0.00432931668951584	0	0	0	0	0	0	0.000432931668951584	0.00707121725954254	0	0	0	0	0.0243884840176059	0	0	0	0	0.00425716141135724	0	0	0	0	0	0	0	0	0	0	0.0138538134064507	0	0	0	0	0	0	0	0	0	0.00707121725954254	0	0	0	0	0.00158741611948914	0	0	0	0	0	0	0	0	0	0	0	0	0	0	0	0	0	0.00281405584818529	0	0	0	0.00461793780215023	0	0	0	0.00173172667580634	0	0	0	0	0	0	0	0	0	0	0	0	0	0	0	0	0
0	0	0	0	0	0	0	0	0.000515264717248486	0	0	0	0	0.00592554424835759	0	0	0	0	0	0	0	0	0	0	0	0	0.00103052943449697	0	0	0	0	0	0	0	0	0	0	0	0	0	0	0	0	0	0	0	0	0	0	0	0	0	0	0	0	0	0	0	0	0	0	0	0	0	0	0	0	0	0	0	0	0	0.0029627721241788	0	0	0	0	0	0	0	0.0036068530207394	0	0	0	0	0	0	0	0	0	0	0	0	0	0	0	0	0	0	0	0	0	0	0	0	0	0	0	0	0	0.00115934561380909	0	0	0	0	0	0	0	0	0	0	0	0	0	0	0	0	0	0	0	0	0	0	0	0	0.00167461033105758	0	0	0	0	0	0	0	0	0	0	0	0	0.00605436042766972	0.022285199020997	0	0	0	0	0	0	0	0	0	0.00309158830349092	0	0	0	0	0	0	0	0	0	0.00412211773798789	0.589076387994332	0	0	0	0	0	0	0	0	0.00115934561380909	0	0	0	0	0	0	0	0	0	0	0	0	0	0	0	0	0	0	0	0	0	0	0	0	0	0	0	0	0	0	0	0	0	0.0185495298209455	0	0	0	0	0	0	0	0	0	0	0	0.00128816179312122	0	0	0	0	0	0	0	0	0.00141697797243334	0	0	0	0	0	0	0.00257632358624243	0	0	0	0	0	0	0.00669844132423032	0	0	0	0	0	0	0	0	0	0.0340074713384001	0	0	0	0.00231869122761819	0	0	0	0	0	0	0	0.00167461033105758	0	0	0	0	0	0	0	0	0	0	0	0	0	0	0	0	0.00270513976555455	0	0	0	0	0	0	0	0	0	0	0	0	0	0	0.000257632358624243	0	0	0	0	0	0	0	0	0	0	0	0	0	0	0	0	0	0	0.00322040448280304	0	0	0	0	0	0	0	0	0	0.0065696251449182	0	0	0	0	0	0	0	0	0	0	0	0	0	0	0	0	0	0	0	0	0	0	0	0	0	0.0153291253381425	0	0	0	0	0.00141697797243334	0	0	0	0	0	0	0	0.00463738245523638	0	0.000386448537936365	0	0	0	0	0	0	0	0	0	0	0	0	0	0	0	0	0	0	0	0	0	0	0	0	0	0	0	0	0	0	0	0	0	0	0	0	0	0	0	0	0	0	0	0	0	0	0	0	0	0	0	0	0	0	0	0	0	0	0	0	0	0	0	0	0	0	0	0	0	0	0	0	0	0	0	0	0	0	0	0	0	0	0	0	0	0	0	0	0	0	0	0	0	0	0	0	0	0	0	0	0	0	0	0	0	0	0	0	0	0	0	0	0.00322040448280304	0	0	0	0.000386448537936365	0	0	0	0	0	0	0	0	0	0	0	0.0546180600283396	0	0	0	0	0	0	0	0	0	0	0	0	0	0.051912920262785	0	0	0	0	0	0	0	0.00566791188973335	0	0	0	0	0	0	0	0	0	0	0	0	0	0	0	0	0	0	0.00128816179312122	0	0	0	0	0	0	0.00193224268968182	0.00386448537936365	0	0	0	0	0	0	0	0	0	0	0	0	0	0	0	0	0	0	0	0	0	0	0	0	0	0	0	0	0	0	0	0	0	0	0	0	0	0	0	0	0	0	0	0	0	0	0	0	0	0	0	0	0	0	0	0	0	0	0	0	0	0	0	0	0	0	0	0	0	0	0	0	0	0	0	0	0	0	0	0	0.00309158830349092	0	0.00115934561380909	0	0	0	0.000515264717248486	0	0	0	0	0	0	0	0	0	0	0	0	0	0	0	0	0	0	0	0	0	0	0	0	0	0	0	0	0	0	0	0	0	0	0.00334922066211516	0	0	0	0	0	0	0	0	0	0	0	0	0.000644080896560608	0	0	0	0.00875950019322427	0	0	0	0	0	0	0	0	0	0	0	0	0	0	0	0	0	0	0	0	0	0	0	0	0	0	0.00103052943449697	0.00141697797243334	0	0	0	0	0	0	0	0	0	0	0	0	0	0	0	0	0	0	0	0	0	0	0	0	0	0	0	0	0	0	0.00193224268968182	0	0	0	0	0	0	0	0	0	0	0	0	0.00425093391730001	0	0	0	0	0	0	0	0	0	0	0	0	0	0	0.00863068401391215	0	0	0	0	0	0	0	0	0	0	0	0	0	0	0	0	0	0	0	0	0.00734252222079093	0	0	0	0	0	0	0	0	0	0	0	0	0.0488213319592941	0	0	0	0	0	0	0	0	0	0	0	0	0	0	0	0.0185495298209455	0	0	0	0	0	0	0	0	0	0	0	0	0	0	0	0	0	0	0	0	0	0	0	0	0	0	0	0	0.000257632358624243	0	0	0	0.00553909571042123	0	0	0	0	0	0	0	0.00283395594486668	0.0130104341105243	0	0	0	0	0	0	0.000257632358624243	0	0	0	0	0	0	0	0	0
0	0	0	0	0	0	0	0	0.00278842802370164	0	0	0	0	0	0	0	0	0	0	0	0	0	0.0106308818403625	0	0	0	0	0	0	0.00662251655629139	0.033635413035901	0	0	0	0	0	0	0	0.00644823980481004	0	0	0	0	0	0	0	0	0	0	0	0	0	0.0240501917044266	0	0	0	0	0	0	0	0	0	0	0	0	0	0	0.00592540955036598	0	0	0	0	0.00470547228999651	0	0	0	0	0	0	0	0.0132450331125828	0	0	0	0	0	0	0	0	0	0	0	0	0	0	0	0	0	0	0	0	0	0.00383408853258975	0	0	0	0	0	0	0	0	0	0	0	0	0	0	0	0	0	0	0	0	0	0	0	0	0	0	0	0	0	0	0	0	0.0177762286510979	0	0	0	0	0	0	0	0	0	0	0	0	0	0.0172533983966539	0	0	0	0	0.00174276751481352	0.00156849076333217	0	0	0	0	0	0	0	0	0	0	0.00383408853258975	0	0	0.0172533983966539	0	0	0	0	0.00174276751481352	0.00174276751481352	0	0	0	0	0	0	0	0	0	0	0	0	0	0	0	0	0	0.00487974904147787	0	0	0	0	0	0	0	0	0	0	0	0	0	0	0	0	0	0	0	0.0350296270477518	0	0	0	0	0	0	0	0	0	0	0	0	0	0	0	0.00313698152666434	0	0	0	0	0	0	0	0	0	0	0	0.00871383757406762	0.0033112582781457	0	0	0	0	0	0.0156849076333217	0.0155106308818404	0	0	0	0	0	0.0252701289647961	0	0	0.0259672359707215	0	0	0	0	0	0	0	0	0	0	0	0	0	0	0	0	0	0	0	0	0	0	0	0	0	0	0.00679679330777274	0	0	0	0	0	0	0	0	0	0	0	0	0.000522830254444057	0	0	0	0	0	0	0	0	0	0	0.0278842802370164	0	0	0	0	0	0	0	0	0	0	0	0.0210874869292436	0	0	0.027710003485535	0	0	0	0	0	0	0	0	0	0	0	0	0	0	0	0	0	0	0	0	0	0	0	0.0069710700592541	0	0	0	0	0	0	0	0	0.0198675496688742	0	0	0	0	0	0	0	0	0	0	0	0	0	0	0	0	0	0	0	0	0	0	0	0	0	0	0	0	0	0	0	0	0.0073196235622168	0	0	0	0	0	0	0	0	0	0	0	0	0	0	0	0	0	0	0.00174276751481352	0	0	0	0	0	0	0	0	0.00174276751481352	0	0	0	0	0	0	0.0073196235622168	0	0	0.00261415127222029	0	0	0	0	0	0	0	0	0	0	0	0	0	0	0	0	0	0	0	0	0	0	0	0	0	0	0	0	0	0	0	0	0	0	0	0	0	0	0	0	0	0	0	0	0	0	0	0	0	0	0	0	0	0	0	0	0.0033112582781457	0	0.00888811432554897	0	0	0	0	0	0	0	0	0	0	0	0	0	0	0	0	0	0	0	0	0.00383408853258975	0	0	0.00139421401185082	0	0	0	0.00592540955036598	0	0	0	0	0	0	0	0.0216103171836877	0	0	0	0	0	0	0	0	0	0	0	0	0.0350296270477518	0	0	0	0	0	0	0	0	0	0	0	0	0	0	0	0	0	0	0	0	0	0	0.00801673056814221	0	0	0	0	0	0	0	0	0	0	0	0	0	0	0	0	0	0	0	0	0.00505402579295922	0	0	0	0	0	0	0	0.00383408853258975	0	0	0	0	0	0	0	0	0	0	0	0	0	0	0	0	0	0.00487974904147787	0	0	0	0	0	0	0	0	0	0	0	0	0	0	0	0	0	0	0	0	0	0	0	0	0.0223074241896131	0	0	0	0	0	0	0.101951899616591	0	0	0	0	0	0	0	0	0	0	0	0	0	0	0	0	0	0	0	0.018299058905542	0	0	0	0	0	0	0	0	0.00487974904147787	0	0	0	0	0	0	0	0	0	0	0	0	0.00278842802370164	0	0	0	0	0	0	0	0	0	0	0	0	0	0	0	0	0	0	0	0	0	0	0	0	0	0	0	0	0	0	0	0	0	0	0	0.0205646566747996	0	0	0	0	0	0	0.0115022655977693	0	0	0	0	0	0	0	0	0.00418264203555246	0	0	0	0	0	0	0	0	0	0	0	0	0	0	0.00609968630184733	0	0	0	0	0	0	0	0	0	0	0	0	0	0.00418264203555246	0	0	0	0	0	0	0	0	0	0.024747298710352	0	0.024747298710352	0	0	0.00644823980481004	0	0	0	0	0	0	0	0	0	0	0	0	0	0	0	0	0	0	0	0	0.0108051585918438	0	0	0	0	0	0	0	0.0167305681422098	0	0.00522830254444057	0	0	0.0956779365632625	0	0.0121993726036947	0	0	0	0	0	0	0	0	0	0	0	0	0	0.0467061693970024	0	0	0	0	0	0	0.000348553502962705	0	0	0	0	0	0	0	0	0	0	0	0	0	0	0	0	0	0	0	0	0	0	0	0	0	0.00453119553851516	0	0	0	0	0	0	0	0.00296270477518299	0.00575113279888463	0	0	0	0	0	0	0	0	0	0.00069710700592541	0	0	0	0	0	0
0	0.0173142742097846	0	0	0	0	0	0	0	0	0	0	0	0.00281860277833702	0	0	0	0	0	0	0	0	0	0	0	0	0	0	0	0.012079726192873	0.00402657539762432	0	0	0	0	0	0	0	0	0	0	0	0.0104690960338232	0	0	0.00281860277833702	0	0.0855647271995168	0	0	0	0	0.0142943426615663	0	0	0	0	0	0	0	0	0	0	0	0	0	0	0	0	0	0	0	0	0	0	0	0	0	0	0	0.00926112341453594	0	0	0	0	0	0	0	0	0	0.00241594523857459	0	0.000402657539762432	0	0	0	0	0.00161063015904973	0	0	0	0	0	0	0	0	0	0	0.00140930138916851	0	0	0	0	0	0	0	0	0	0	0	0	0	0	0	0	0	0	0	0	0	0	0	0	0	0	0.0539561103281659	0	0	0	0	0	0	0	0	0	0	0	0	0	0.0144956714314476	0	0	0	0	0.00402657539762432	0	0	0	0	0	0	0	0	0	0	0	0	0	0	0.0185222468290719	0	0	0	0	0	0	0	0	0	0	0	0	0	0	0.00523454801691162	0.00281860277833702	0	0	0.00241594523857459	0	0	0	0	0.00805315079524864	0	0	0	0	0	0	0	0	0	0	0	0	0	0	0	0	0.000402657539762432	0	0	0	0	0	0	0	0	0	0	0	0.00402657539762432	0	0	0	0	0	0	0	0	0	0.00805315079524864	0	0	0	0	0	0	0	0	0.00241594523857459	0	0	0	0	0	0	0.0114757398832293	0.0108717535735857	0	0	0	0	0	0	0	0	0.0261727400845581	0	0	0	0	0	0	0	0	0	0	0	0	0	0	0	0	0	0	0	0	0	0	0	0	0	0	0.00261727400845581	0	0	0	0.00261727400845581	0.000603986309643648	0	0	0	0	0	0	0	0	0	0	0	0	0	0	0	0	0	0	0.00704650694584256	0	0	0	0	0	0	0	0	0	0	0	0.00986510972417958	0	0	0.0146970002013288	0	0	0	0	0	0	0.0116770686531105	0	0	0	0	0	0	0	0	0	0	0	0	0	0	0	0	0	0	0	0	0	0	0	0	0	0.0265753976243205	0	0	0	0.00322126031809946	0.00463056170726797	0	0	0	0	0	0	0	0	0.00281860277833702	0.00241594523857459	0	0	0	0	0	0	0.00744916448560499	0	0	0	0	0	0	0.00181195892893094	0	0	0	0	0	0	0	0	0	0	0	0	0	0	0	0	0	0	0	0	0	0	0.0161063015904973	0	0	0	0	0	0	0.00362391785786189	0	0	0	0	0	0	0	0	0	0	0	0.00301993154821824	0	0	0.00583853432655526	0	0	0	0	0	0	0	0	0	0	0	0	0	0	0	0	0	0	0	0.00603986309643648	0	0	0	0	0	0	0	0	0	0	0	0	0	0	0	0	0	0	0	0	0	0	0	0	0	0	0	0	0	0	0	0	0	0	0	0.0227501509965774	0	0	0	0	0	0	0	0	0	0.000402657539762432	0	0	0	0	0	0	0	0	0	0	0	0	0	0	0	0	0	0.00765049325548621	0	0	0	0	0	0	0	0.0253674250050332	0	0	0	0	0	0	0	0	0	0	0.0181195892893094	0	0	0	0	0	0	0	0	0	0	0	0.0012079726192873	0	0	0	0	0	0	0	0	0.00644252063619891	0	0	0	0	0	0	0	0	0	0	0	0	0	0	0	0	0	0.00161063015904973	0	0	0.00100664384940608	0	0.0378498087376686	0	0.019528890678478	0	0	0	0	0	0	0	0	0	0	0.0283873565532515	0	0.00523454801691162	0	0	0	0	0	0	0	0.000402657539762432	0	0	0	0	0.00261727400845581	0	0.00523454801691162	0	0	0	0	0	0	0	0	0	0	0	0	0	0	0	0	0	0	0	0.00140930138916851	0	0	0	0	0	0.00181195892893094	0	0	0	0.0203342057580028	0	0	0	0	0	0	0	0	0	0	0	0.0012079726192873	0	0	0	0	0	0	0	0.010267767263942	0	0	0	0	0	0	0	0	0	0	0	0	0	0.00563720555667405	0	0	0	0	0	0	0	0	0	0	0	0	0	0	0	0	0	0	0	0	0	0	0	0	0	0	0	0	0	0	0	0	0	0	0	0	0	0	0	0	0	0	0	0.00946245218441715	0.00140930138916851	0	0	0	0	0	0.0467082746124421	0	0	0	0	0	0	0	0	0.00362391785786189	0	0	0	0	0	0	0.00543587678679283	0	0	0	0.104489631568351	0	0	0	0	0	0	0	0	0	0	0	0	0	0	0	0	0	0.0167102879001409	0	0	0	0	0	0	0.00644252063619891	0	0.00181195892893094	0.0197302194483592	0	0	0	0	0	0	0	0	0	0	0	0	0	0	0	0	0	0	0	0	0	0	0	0	0	0.00362391785786189	0	0	0	0	0	0	0	0	0	0	0	0	0.0380511375075498	0	0	0	0	0	0	0	0	0	0	0	0	0	0	0	0.0209381920676465	0	0	0	0	0	0	0.00100664384940608	0	0	0	0	0	0	0	0	0	0	0	0	0	0	0	0	0	0.00422790416750554	0	0	0	0.000805315079524864	0	0	0	0.00785182202536742	0	0	0.00583853432655526	0	0	0	0	0.00261727400845581	0	0	0	0	0	0	0	0	0	0.00281860277833702	0	0	0	0	0	0	0.00181195892893094
0	0	0	0	0	0	0	0	0	0	0	0	0	0	0	0	0	0	0	0	0	0	0	0	0	0	0.00697569756975698	0	0	0.00292529252925293	0.0220522052205221	0	0	0	0	0	0	0	0	0	0	0	0	0	0	0	0	0	0	0	0	0	0	0	0	0	0	0	0.00292529252925293	0	0	0	0	0	0	0	0	0.0117011701170117	0	0	0	0	0.0036003600360036	0	0	0	0	0	0	0	0.0130513051305131	0	0	0	0	0	0	0	0.0009000900090009	0	0	0	0	0	0	0	0	0	0	0	0	0	0	0	0	0	0	0	0	0	0	0	0	0	0	0	0	0	0	0	0	0	0	0	0	0	0	0	0	0	0	0	0	0	0	0.0186768676867687	0	0	0	0	0	0	0	0	0	0	0	0	0	0.0263276327632763	0	0	0	0	0	0.0218271827182718	0	0.00652565256525653	0	0	0	0.000675067506750675	0	0	0	0	0	0	0.00225022502250225	0	0	0	0	0	0	0.00247524752475248	0	0	0.0072007200720072	0	0	0	0	0	0.0072007200720072	0	0	0	0.00202520252025203	0	0	0	0	0	0	0	0	0.0132763276327633	0	0	0	0	0	0	0	0	0	0	0	0	0	0	0	0.0220522052205221	0	0	0	0	0	0	0	0	0.00562556255625563	0	0	0	0	0	0	0.00225022502250225	0	0	0	0	0	0	0	0	0	0	0	0	0	0	0	0	0	0	0.0123762376237624	0.0353285328532853	0	0	0	0	0	0	0	0	0.0506300630063006	0	0	0	0	0	0	0	0	0	0	0	0	0	0.0252025202520252	0	0	0	0	0	0	0	0	0	0	0	0	0	0	0	0	0	0	0	0	0	0	0	0	0	0	0	0	0	0	0	0	0	0	0	0	0.0153015301530153	0	0	0	0	0	0	0	0	0	0	0	0.00697569756975698	0	0	0.0105760576057606	0	0	0	0	0	0	0.0279027902790279	0	0	0	0	0	0	0	0	0	0	0	0	0	0	0	0	0	0	0	0	0	0	0	0	0	0.0171017101710171	0	0	0	0.00135013501350135	0	0	0	0	0	0	0	0	0	0	0	0	0	0	0	0	0	0	0	0	0	0	0	0	0.00337533753375338	0	0	0	0.00832583258325833	0	0	0	0	0	0	0	0	0	0	0	0	0	0	0	0	0	0	0	0	0	0	0	0	0	0	0	0	0	0	0	0	0	0	0	0	0	0.00112511251125113	0	0	0	0	0	0	0	0	0	0	0	0	0	0	0	0	0	0	0	0	0	0	0	0	0	0	0	0	0	0	0	0	0	0	0	0	0	0	0	0	0	0	0	0	0	0	0	0	0	0	0	0	0	0	0	0	0	0	0.00292529252925293	0	0	0	0	0	0	0	0	0	0	0	0	0	0.0144014401440144	0	0	0	0	0	0	0.00427542754275428	0	0	0	0	0	0	0.00247524752475248	0	0	0.0130513051305131	0	0	0	0	0.0207020702070207	0	0	0	0	0	0	0	0	0	0	0	0	0	0	0.00135013501350135	0	0	0	0	0.00225022502250225	0	0	0	0	0	0	0	0	0	0	0	0.00157515751575158	0	0	0	0	0	0	0	0	0	0	0	0	0	0	0	0	0	0	0	0	0	0	0	0	0	0	0	0	0	0	0	0	0	0	0.0027002700270027	0	0	0	0	0	0	0	0	0	0	0	0	0	0	0	0	0	0	0	0	0	0	0	0	0	0	0	0	0	0	0	0	0	0	0	0	0	0	0	0	0	0	0	0	0	0	0.000675067506750675	0.0726822682268227	0	0	0	0	0	0	0	0	0	0	0	0	0	0	0	0	0	0	0.00202520252025203	0.00157515751575158	0	0	0	0	0	0	0	0	0	0	0	0	0	0	0	0	0	0	0	0	0	0.0018001800180018	0	0	0	0	0.00112511251125113	0	0	0	0	0	0	0	0	0	0	0	0	0	0	0	0	0	0	0	0	0	0	0	0	0	0	0	0	0	0	0.0263276327632763	0	0	0	0	0	0	0.0027002700270027	0	0	0	0	0	0	0	0	0	0	0	0	0	0	0	0	0	0	0	0.00202520252025203	0	0	0	0.0157515751575158	0.00202520252025203	0	0	0	0	0	0	0	0	0	0.0036003600360036	0	0	0	0	0	0	0	0	0	0.0036003600360036	0	0	0.00877587758775878	0	0	0	0	0	0	0	0	0	0	0	0	0	0	0	0	0	0	0	0	0	0	0	0	0	0.00877587758775878	0	0	0	0	0	0	0	0.0186768676867687	0	0	0	0	0.282178217821782	0	0	0	0	0	0	0	0	0	0	0	0	0	0	0	0.0378037803780378	0	0	0	0	0	0	0.0036003600360036	0	0	0	0	0	0	0	0	0	0	0	0	0	0	0	0	0	0	0	0	0	0	0	0	0	0.00247524752475248	0	0	0	0	0	0	0	0.0101260126012601	0.0063006300630063	0	0	0	0	0	0	0	0	0	0.00157515751575158	0	0	0	0	0	0
0	0	0	0	0	0	0	0	0	0.00898811249637576	0	0	0	0	0	0	0	0	0	0	0	0	0	0	0	0	0.0102928385039142	0	0	0.0369672368802551	0	0	0	0	0	0	0	0	0	0	0	0	0	0	0	0	0	0.0279791243838794	0	0	0	0	0.0149318643084952	0	0	0	0	0	0.00840823427080313	0	0	0	0	0	0	0	0	0.00855320382719629	0	0	0	0	0.00652363003769208	0	0	0	0	0	0	0	0	0	0	0	0	0	0	0	0	0	0	0	0	0.00144969556393157	0	0	0	0	0	0	0	0	0	0	0	0	0	0	0	0	0	0	0	0	0	0	0	0	0	0	0	0	0	0	0	0	0	0	0	0	0	0	0	0	0	0.0197158596694694	0	0	0	0	0	0	0	0	0	0.00144969556393157	0	0	0	0.0282690634966657	0	0	0	0	0	0.0057987822557263	0	0	0	0.00231951290229052	0	0	0	0	0	0	0.00130472600753842	0	0.00260945201507683	0.0176862858799652	0	0	0	0	0	0.00057987822557263	0	0	0	0.00130472600753842	0	0	0	0	0.0068135691504784	0	0	0	0	0	0	0	0	0.00304436068425631	0	0	0	0	0.00463902580458104	0	0	0	0	0	0	0	0	0	0	0	0	0	0	0.0353725717599304	0	0	0	0	0	0	0	0	0	0	0	0	0	0	0	0.00318933024064946	0	0	0	0	0	0	0	0	0	0	0	0	0	0	0	0	0	0	0.00927805160916208	0.0182661641055378	0	0	0	0	0	0.00985792983473471	0	0	0.0358074804291099	0	0	0	0	0	0	0	0	0	0	0	0	0	0.0107277471730936	0	0	0	0	0	0	0	0	0	0	0	0	0.0068135691504784	0	0	0	0	0	0	0	0	0	0	0	0	0	0	0	0	0	0.00405914757900841	0	0	0	0	0	0.0218904030153668	0	0	0	0	0	0	0	0	0	0	0	0	0	0	0.0358074804291099	0	0	0	0	0	0	0	0	0	0	0	0	0	0	0	0	0	0	0	0	0	0	0.000289939112786315	0	0	0	0	0.00304436068425631	0	0	0	0	0.0104378080603073	0	0	0	0	0	0	0	0	0	0.000434908669179472	0	0	0	0	0	0	0	0	0	0	0	0	0	0	0	0	0	0	0	0	0	0	0	0	0	0	0	0	0	0	0	0	0	0	0	0	0	0	0	0	0	0	0	0	0	0	0	0	0	0	0.00115975645114526	0	0	0	0	0	0	0	0	0	0.00289939112786315	0	0	0	0	0	0	0	0	0	0	0	0	0	0	0	0	0	0	0	0	0	0	0	0	0	0	0	0	0	0	0	0	0	0	0	0	0	0	0	0	0	0.00130472600753842	0	0	0.000869817338358945	0	0	0	0	0	0	0	0	0	0	0	0	0	0	0	0	0	0	0	0	0	0	0	0	0	0	0	0.0398666280081183	0	0	0	0	0	0	0	0	0	0	0	0	0	0.00536387358654682	0	0	0	0	0	0	0	0.0168164685416063	0	0	0	0	0	0	0	0	0	0	0.00724847781965787	0	0.0749492606552624	0	0	0	0	0	0	0	0	0	0	0	0	0	0	0	0	0	0	0	0	0	0.00391417802261525	0.0057987822557263	0	0	0	0	0	0	0	0	0	0	0	0	0	0	0	0	0.00144969556393157	0.00391417802261525	0	0	0.00115975645114526	0	0	0	0	0	0	0	0	0	0	0	0	0	0	0	0	0	0	0	0	0	0	0	0	0	0.0010147868947521	0	0	0	0	0	0	0	0	0	0	0	0	0	0	0	0	0	0	0	0	0	0	0	0	0	0	0	0	0	0	0	0.0706001739634677	0	0	0	0	0	0	0	0	0	0	0	0	0	0	0	0	0	0	0	0.00159466512032473	0	0	0	0	0	0	0	0	0.00391417802261525	0	0	0	0	0	0	0	0	0	0	0	0	0.00057987822557263	0	0	0	0	0	0	0	0	0	0	0	0	0	0	0	0	0	0	0	0	0	0	0	0.00057987822557263	0	0	0	0	0	0	0	0	0	0	0	0.0197158596694694	0.00057987822557263	0	0	0	0	0	0.00173963467671789	0	0	0	0	0	0	0	0	0.00144969556393157	0	0	0	0	0	0	0	0	0	0	0	0	0	0	0	0.00130472600753842	0	0	0	0	0	0	0	0	0	0	0	0	0	0	0	0	0	0	0	0	0	0	0.0130472600753842	0	0.0169614380979994	0	0	0.00594375181211945	0	0	0	0	0	0	0	0	0	0	0	0	0	0	0	0	0.00231951290229052	0	0	0	0.0113076253986663	0	0	0	0	0.00115975645114526	0	0	0.0250797332560162	0	0	0	0	0.146274282400696	0	0.00594375181211945	0	0	0	0	0	0	0	0	0.0057987822557263	0	0.00463902580458104	0	0	0.0558132792113656	0	0	0	0	0	0	0.00115975645114526	0	0	0	0	0	0	0	0	0	0	0	0	0	0	0	0	0	0	0	0	0	0	0	0	0	0.00333429979704262	0	0	0	0	0.00144969556393157	0	0	0	0.00507393447376051	0	0	0	0	0	0	0	0	0	0	0	0	0	0	0	0
0	0	0	0	0	0	0	0	0	0	0	0	0.000875656742556918	0.00137603202401801	0	0	0	0	0	0	0	0	0	0	0	0	0	0	0	0.00375281461095822	0.00112584438328747	0	0	0	0	0	0	0	0	0	0	0	0	0	0	0	0	0.0127595696772579	0	0	0	0	0	0	0	0	0	0	0.0121341005754316	0	0	0	0	0	0	0	0	0	0	0	0	0	0.00187640730547911	0	0	0	0	0	0	0	0.0197648236177133	0	0	0	0	0	0	0	0	0	0	0	0	0	0	0	0	0	0	0	0	0	0	0	0	0	0	0	0	0	0	0	0	0	0	0	0	0	0	0	0	0	0	0	0	0	0	0	0	0	0	0	0	0	0	0.147860895671754	0	0	0	0	0	0	0	0	0	0	0	0	0	0	0	0	0	0	0	0	0	0	0	0	0	0	0	0	0	0	0	0	0	0.00400300225168877	0	0	0	0	0	0.000750562922191644	0	0	0	0.000500375281461096	0	0	0	0	0.00813109832374281	0	0	0	0.00162621966474856	0	0	0	0	0	0	0	0	0	0	0	0	0	0	0	0	0	0	0	0	0	0	0	0	0.0404053039779835	0	0	0	0	0	0	0	0	0	0	0	0	0	0	0	0	0	0	0	0	0.00187640730547911	0	0	0	0	0	0	0.00813109832374281	0	0	0	0	0	0	0.00587940955716788	0.00150112584438329	0	0	0	0	0	0	0	0	0.0235176382286715	0	0	0	0	0.00137603202401801	0	0	0	0	0	0.00300225168876658	0	0	0	0	0	0	0	0	0	0	0	0	0	0	0	0	0	0	0	0.000875656742556918	0	0	0	0	0	0.00738053540155116	0	0	0	0	0	0	0	0	0	0	0	0	0	0	0	0	0	0	0	0	0	0	0	0	0	0.0157618213660245	0	0	0.0236427320490368	0	0	0	0	0	0	0	0	0	0	0	0	0	0	0	0	0	0	0	0	0	0	0	0	0	0	0	0	0	0	0	0	0.0117588191143358	0	0	0	0.00137603202401801	0	0	0	0	0	0	0	0	0	0	0.000250187640730548	0	0	0	0	0	0	0.00062546910182637	0	0.00137603202401801	0	0	0	0	0.00112584438328747	0	0	0	0	0	0	0	0	0	0	0	0	0	0	0	0	0	0	0	0	0	0	0	0	0	0	0	0	0	0	0	0	0	0	0	0	0	0	0.00462847135351514	0	0	0.0028771578684013	0	0	0	0	0	0	0	0	0	0	0	0	0	0	0	0	0	0	0	0	0	0	0	0	0	0	0	0	0	0	0.0262697022767075	0	0	0	0	0	0	0	0	0	0	0	0	0	0.0123842882161621	0	0	0	0	0	0	0	0	0	0	0	0.00400300225168877	0	0	0	0	0	0	0	0	0	0	0	0	0	0	0	0	0	0	0	0	0	0	0	0	0	0	0	0	0	0	0	0	0	0	0	0	0	0.00562922191643733	0	0	0	0	0	0	0	0	0.00162621966474856	0	0	0	0.0313985489116838	0	0	0	0	0	0	0	0	0	0	0	0	0	0	0	0	0	0	0	0	0	0	0	0	0	0	0.140355266449837	0	0	0	0	0	0	0	0	0	0	0	0	0	0	0	0	0	0	0	0	0	0	0	0	0	0	0.00512884663497623	0.0815611708781586	0	0	0	0	0	0	0	0	0	0	0	0	0	0	0	0	0	0	0	0	0	0	0	0	0	0	0	0	0	0	0	0	0	0	0	0	0	0	0	0.0131348511383538	0	0	0.00100075056292219	0	0	0	0.00400300225168877	0	0	0	0	0	0	0	0	0	0	0	0	0	0	0	0	0	0.00800600450337753	0.0431573680260195	0	0	0	0	0	0	0	0	0	0	0	0	0	0	0.0215161371028271	0	0	0	0	0	0	0	0	0	0	0	0	0.00525394045534151	0	0	0	0	0	0	0	0	0	0	0	0	0	0	0	0	0	0	0	0	0	0	0	0	0	0	0	0	0	0	0	0.0161371028271203	0	0	0	0	0	0	0	0	0	0	0	0	0	0	0	0	0	0	0	0	0	0	0	0	0	0	0	0	0	0	0.00150112584438329	0	0	0	0	0	0	0	0	0	0	0	0	0.00425318989241931	0	0.00237678258694021	0	0	0	0	0	0	0.00062546910182637	0	0	0	0	0	0	0	0	0	0	0	0	0	0	0	0	0	0	0	0	0	0	0	0	0	0	0.0173880410307731	0	0	0	0	0	0	0	0	0	0	0	0	0.120840630472855	0	0	0	0	0.016887665749312	0	0	0	0	0	0	0	0	0	0	0.0100075056292219	0	0	0	0	0	0	0.00100075056292219	0	0	0	0	0	0	0	0.00150112584438329	0	0	0	0	0	0	0	0	0	0	0.00137603202401801	0	0	0	0	0	0	0	0	0	0	0.00250187640730548	0	0	0	0.00150112584438329	0.0237678258694021	0	0	0	0	0	0	0	0	0	0	0	0	0	0	0	0
0	0	0	0	0	0	0	0	0.000518268981601451	0	0	0	0	0	0	0	0	0	0	0	0	0	0	0	0	0	0	0	0	0.0720393884426017	0.00906970717802539	0	0	0	0	0	0	0	0	0	0	0	0	0	0.00855143819642394	0	0	0.0240995076444675	0	0	0	0	0.00570095879761596	0	0	0	0	0	0	0	0	0	0	0	0	0	0	0	0	0	0	0	0.00906970717802539	0	0	0	0	0	0	0	0	0.00596009328841669	0	0	0	0	0	0	0	0	0	0	0	0	0	0	0	0	0	0	0	0	0	0	0	0	0	0	0	0	0	0	0	0	0	0	0	0	0	0	0	0	0	0	0	0	0	0	0	0	0	0	0	0	0	0.0435345944545219	0	0	0	0	0	0	0	0	0	0	0	0	0	0.016066338429645	0	0	0	0	0.00181394143560508	0	0	0	0	0	0	0	0	0	0	0.00699663125161959	0	0	0	0	0	0	0	0	0.0020730759264058	0	0	0	0.0352422907488987	0	0	0	0	0	0	0	0	0	0	0	0	0	0	0	0	0	0	0	0	0	0	0	0	0	0	0	0	0	0	0	0.00285047939880798	0	0	0.0145115314848406	0	0	0	0	0	0	0	0	0	0	0	0	0	0	0	0.00285047939880798	0	0	0	0	0	0	0	0	0	0	0	0	0	0	0	0.0145115314848406	0	0	0.00932884166882612	0.0116610520860327	0	0	0	0	0	0	0	0	0.020730759264058	0	0	0	0.00699663125161959	0	0	0	0.000518268981601451	0	0	0	0	0	0.00932884166882612	0	0	0	0	0	0	0	0	0	0	0	0	0	0	0	0	0	0	0	0	0	0	0	0	0	0	0	0	0	0	0	0	0	0	0	0	0	0	0	0	0	0	0.00155480694480435	0	0	0	0	0	0	0	0	0.00829230370562322	0	0	0	0	0	0	0.0147706659756414	0	0	0	0	0	0	0	0	0	0	0	0	0	0	0	0	0	0	0	0	0	0	0	0	0	0.0116610520860327	0	0	0	0	0	0	0	0	0	0	0	0	0	0	0	0	0	0	0	0	0	0	0	0	0	0	0	0	0.000777403472402177	0	0	0	0.0386110391293081	0	0	0	0	0	0	0	0	0	0	0	0	0	0	0	0	0	0	0	0	0	0	0	0	0	0	0	0	0	0	0	0	0	0	0	0	0	0.00673749676081887	0	0	0	0	0	0	0	0	0	0	0	0	0	0	0	0	0	0	0	0	0	0	0	0	0	0	0	0	0	0	0	0	0	0	0	0	0	0	0	0	0	0	0	0	0	0	0	0	0	0	0	0	0	0	0	0	0	0	0.013215859030837	0	0	0	0	0	0	0	0	0	0	0	0	0	0	0	0	0	0	0	0	0	0	0	0	0	0	0	0.00932884166882612	0	0	0	0	0	0	0	0.055713915522156	0	0	0	0	0	0	0	0	0	0.0101062451412283	0.00492355532521379	0	0	0	0	0	0	0	0	0	0	0	0	0	0	0	0	0	0	0	0	0	0	0	0	0	0	0	0	0	0	0	0	0	0	0.0010365379632029	0	0	0	0	0	0	0	0	0	0	0.0230629696812646	0	0	0	0	0	0	0	0	0	0	0	0	0.00777403472402177	0	0	0	0	0	0	0	0	0	0	0	0	0	0	0	0	0	0	0	0	0	0	0	0	0	0	0	0	0	0	0	0	0	0	0	0	0	0	0	0	0	0	0	0	0.0505312257061415	0	0	0	0	0	0	0	0	0	0	0	0	0	0	0	0	0	0	0.00285047939880798	0.0142523969940399	0	0	0	0	0.00310961388960871	0	0	0	0	0	0	0	0	0.00414615185281161	0	0	0	0	0	0	0	0	0	0	0	0	0	0	0	0	0	0.00984711065042757	0	0.00544182430681524	0	0	0	0	0	0	0	0	0	0	0	0	0	0	0	0	0.00129567245400363	0	0	0	0	0	0	0.00881057268722467	0.00518268981601451	0	0	0	0	0	0.058564394920964	0	0	0	0	0	0	0	0	0.00777403472402177	0	0	0	0	0	0	0	0	0	0	0	0	0	0	0	0	0	0	0	0	0	0	0	0	0	0	0	0	0	0	0	0	0	0	0	0	0	0	0.0194350868100544	0	0.0518268981601451	0	0	0	0	0	0	0	0	0	0	0	0	0	0	0	0	0	0	0	0	0	0	0	0.00440528634361234	0	0	0	0	0	0	0	0.0152889349572428	0	0	0	0	0.0943249546514641	0	0	0	0	0	0	0	0	0	0	0	0	0	0	0	0.0888831303446489	0	0	0	0	0	0	0	0	0	0	0	0	0	0	0	0	0	0	0	0	0	0	0	0	0	0	0	0	0	0	0	0	0.00596009328841669	0	0	0	0	0	0	0	0.00647836227001814	0	0	0	0	0	0	0	0	0	0	0	0	0	0	0	0	0
0	0	0	0	0	0	0	0	0	0	0	0	0	0	0	0	0	0	0	0	0	0	0	0	0	0	0	0	0	0.00990721811605598	0.00896367353357446	0	0	0	0	0	0	0	0	0	0	0	0	0	0	0	0	0.00188708916496304	0	0	0	0	0	0	0	0	0	0	0	0	0	0	0	0	0	0	0	0	0	0	0	0	0.0158830004717723	0	0	0	0	0	0	0	0	0	0	0	0	0	0	0	0	0	0	0	0	0	0	0	0	0	0	0	0	0	0	0	0	0	0	0	0	0	0	0	0	0	0	0	0	0	0	0	0	0	0	0	0	0	0	0	0	0	0	0	0	0	0	0.0150967133197044	0	0	0	0	0.000314514860827174	0	0.0048749803428212	0	0	0	0	0	0	0.0265765057398962	0	0	0	0	0	0	0.00424595062116685	0	0	0	0	0	0	0	0	0	0	0	0	0	0	0.00644755464695707	0	0	0	0.00204434659537663	0	0	0	0	0	0	0	0	0	0	0	0	0	0	0	0	0	0	0	0	0	0	0	0	0	0	0	0	0	0	0	0	0	0	0	0	0	0.0048749803428212	0	0	0	0	0	0	0	0.00440320805158044	0	0	0	0	0	0	0	0	0	0	0	0	0	0	0	0	0	0	0	0	0	0	0	0	0	0	0.00440320805158044	0.0399433873250511	0	0	0	0	0	0	0	0	0.007233841799025	0	0	0	0.00833464381192011	0	0	0	0	0	0	0	0	0	0.00456046548199402	0	0	0	0.000629029721654348	0	0	0	0	0	0	0	0	0	0	0	0	0	0	0	0	0	0	0	0	0	0.00503223777323479	0	0	0	0	0	0	0	0	0	0	0	0	0	0	0	0	0	0	0	0	0	0	0	0	0	0	0	0	0	0	0	0	0.0338103475389212	0.00110080201289511	0	0	0	0	0	0	0	0	0	0	0	0	0	0	0	0	0	0	0	0	0	0.0279918226136185	0	0	0	0	0	0	0	0	0	0	0	0	0	0	0	0	0	0	0	0	0	0.00157257430413587	0	0	0.0308224563610631	0	0	0	0	0	0	0	0	0	0	0	0	0	0	0	0	0	0	0	0	0	0	0	0	0	0	0	0	0	0.00330240603868533	0	0	0	0	0	0	0	0	0.00330240603868533	0	0	0	0	0	0	0	0	0	0	0	0	0	0	0	0	0	0	0	0	0	0	0	0	0	0	0.0048749803428212	0	0	0	0	0	0	0	0	0	0	0	0	0	0	0	0	0	0	0	0	0	0	0	0	0	0	0	0	0	0	0	0	0	0	0	0	0	0	0	0	0	0	0	0	0	0	0	0	0	0	0	0	0	0	0	0.2476804529014	0	0	0	0	0	0	0	0	0	0	0	0	0	0.00471772291240761	0	0	0	0	0	0	0.00298789117785815	0.00943544582481522	0	0	0	0	0	0	0	0	0	0	0	0	0	0	0	0	0	0	0.000943544582481522	0	0	0	0	0	0	0.00581852492530272	0	0	0	0	0	0	0	0	0	0.0103789904072967	0	0	0	0	0	0	0	0	0	0	0	0	0	0	0	0	0	0	0.00267337631703098	0	0.0209152382450071	0	0	0	0	0	0	0	0	0	0	0	0	0.00959270325522881	0	0	0	0	0	0	0	0	0	0	0	0	0.00534675263406196	0	0	0	0.000629029721654348	0	0	0	0	0	0	0	0	0.00330240603868533	0	0	0	0	0	0	0	0	0	0	0	0.0121088221418462	0	0	0	0	0	0	0.00660481207737066	0	0	0	0	0	0	0	0	0	0.00188708916496304	0.000471772291240761	0	0	0	0	0	0	0	0	0.0012580594433087	0	0	0	0	0	0	0	0	0	0	0	0	0	0.00691932693819783	0	0	0	0	0	0	0	0	0	0	0	0	0	0	0	0	0	0	0	0.0136813964459821	0	0	0	0	0	0	0	0	0	0	0	0	0	0	0	0	0.00204434659537663	0	0	0	0	0	0	0	0	0	0	0	0	0	0.00377417832992609	0	0	0	0	0	0	0	0	0	0	0	0	0	0	0	0	0.00393143576033968	0	0	0	0	0	0	0	0	0	0	0	0	0	0	0	0	0	0	0	0	0.00817738638150653	0	0	0	0	0	0	0	0	0	0.00141531687372228	0	0.0897939927661582	0	0	0.00424595062116685	0	0	0	0	0	0	0	0	0	0	0	0	0	0	0	0	0	0	0	0	0.00235886145620381	0	0	0	0	0	0	0	0	0	0	0	0	0.0451328825286995	0	0	0	0	0	0	0	0	0	0	0	0	0	0	0	0.177071866645699	0	0	0	0	0	0	0	0	0	0	0	0	0	0	0	0	0	0	0	0	0	0	0	0	0	0	0	0	0.000471772291240761	0	0	0	0.00581852492530272	0	0	0	0.00503223777323479	0	0	0	0.000943544582481522	0	0	0	0	0	0	0	0	0	0	0	0	0	0	0	0	0
0	0	0	0	0	0	0	0	0	0	0	0	0	0	0	0	0	0	0	0	0	0	0.00636285468615649	0	0	0	0	0	0	0	0	0	0	0	0	0	0	0	0	0	0	0	0	0	0	0	0	0	0	0	0	0	0	0	0	0	0	0	0.00378331900257954	0	0	0	0	0	0	0	0	0	0	0	0	0	0.0156491831470335	0	0	0	0	0	0	0	0	0	0	0	0	0	0	0	0	0	0	0	0	0	0	0	0	0	0	0	0	0	0	0	0	0	0	0	0	0	0	0	0	0	0	0	0	0	0	0	0	0	0	0	0	0	0	0	0	0	0	0	0	0	0	0.00894239036973345	0	0	0	0	0	0	0	0	0	0	0	0	0	0.00464316423043852	0	0	0	0	0.00395528804815133	0	0	0	0	0	0	0	0	0	0	0	0	0	0.00189165950128977	0	0	0	0	0	0	0	0	0	0	0	0	0	0	0	0	0	0	0	0	0.00343938091143594	0	0	0	0.00447119518486672	0	0	0	0	0	0	0	0	0	0	0	0	0	0	0	0	0	0	0	0.0381771281169389	0	0	0	0	0	0	0	0	0.010146173688736	0	0	0	0	0	0	0.00292347377472055	0	0	0.00756663800515907	0	0	0	0	0	0	0	0	0	0	0	0	0	0.00103181427343078	0	0.0161650902837489	0.0416165090283749	0	0	0	0	0	0	0	0	0.110920034393809	0	0	0	0	0	0	0	0	0	0	0	0.00309544282029235	0	0	0	0	0	0	0	0	0	0	0	0	0	0	0.0259673258813414	0	0	0	0	0	0	0	0	0	0.00928632846087704	0	0	0	0	0	0	0.00171969045571797	0	0	0	0	0	0	0	0	0	0	0	0	0	0	0	0	0	0	0	0	0	0.0684436801375752	0	0	0	0	0	0	0.0108340498710232	0	0	0	0	0	0	0	0	0	0	0	0	0	0	0	0	0.00171969045571797	0	0	0	0.00326741186586414	0	0	0	0	0.056749785038693	0	0	0	0	0	0	0	0	0	0	0	0	0	0	0	0	0.00429922613929493	0	0	0	0	0	0	0	0	0	0	0	0	0	0	0	0	0	0	0	0	0	0	0	0	0	0	0	0	0	0	0	0	0	0	0	0	0	0	0	0	0	0	0	0	0	0	0	0	0	0	0	0	0	0	0	0	0	0	0	0	0	0	0	0	0.00705073086844368	0	0	0	0	0	0	0	0	0	0	0	0	0	0	0	0	0	0	0	0	0	0	0	0	0	0	0	0	0	0	0	0	0	0	0	0	0	0	0	0	0	0	0	0	0	0.0251074806534824	0	0	0	0	0	0	0	0	0	0	0	0	0	0	0	0	0	0	0	0	0	0	0	0	0	0	0	0	0	0.00481513327601032	0	0	0	0	0	0	0	0	0	0	0	0	0	0	0	0	0	0	0	0	0	0	0	0	0	0	0	0	0	0	0	0	0	0	0	0	0	0	0	0	0	0	0.0123817712811694	0	0	0	0	0	0	0	0	0	0	0	0	0	0	0	0	0	0.000687876182287188	0	0	0	0.00773860705073087	0	0	0	0	0	0	0	0	0	0	0.0197764402407567	0	0	0	0	0	0	0	0	0	0	0	0	0	0	0	0	0	0	0	0	0	0	0	0	0	0	0	0.00154772141014617	0	0	0	0	0	0	0	0	0	0	0	0	0	0	0	0	0	0	0.109544282029235	0	0	0	0	0	0	0	0	0	0	0	0	0	0	0	0	0	0	0	0	0	0	0	0	0.00447119518486672	0	0	0	0	0	0	0	0	0	0	0	0	0	0	0	0	0	0	0	0	0	0	0	0	0	0	0	0	0	0	0	0	0	0	0	0	0	0	0	0	0	0	0	0	0	0.00120378331900258	0	0	0.00705073086844368	0	0	0	0.0297506448839209	0	0	0	0	0	0.00240756663800516	0	0	0	0	0	0	0	0	0	0.00498710232158212	0	0	0	0	0	0	0	0	0	0	0	0	0	0	0.013585554600172	0.0056749785038693	0	0	0	0	0	0	0	0	0	0	0	0	0	0	0	0	0	0	0	0	0	0	0	0	0	0	0.000687876182287188	0.00343938091143594	0	0	0	0	0	0	0	0	0	0	0	0	0	0	0	0	0	0	0	0	0.00498710232158212	0	0	0	0	0	0	0	0.0619088564058469	0	0	0	0	0.0469475494411006	0	0	0	0	0	0	0	0	0	0	0	0	0	0	0	0.141014617368874	0	0	0	0	0	0	0.00171969045571797	0	0	0	0	0	0	0	0	0	0	0	0	0	0	0	0	0	0	0	0	0	0	0	0.000343938091143594	0	0	0	0	0	0	0	0	0	0	0.0141014617368874	0	0	0	0	0	0	0	0	0	0	0	0	0	0	0	0
0	0	0	0	0	0	0	0	0.00162425554953979	0	0	0	0	0	0	0	0	0	0	0	0	0	0	0	0	0	0	0	0	0.0582927269445948	0.0173253925284245	0	0	0	0	0	0	0	0	0	0	0	0	0	0	0	0	0.0178668110449377	0	0	0	0	0	0	0	0	0	0	0	0.00469229380978163	0	0	0	0	0	0	0	0	0	0	0	0	0	0	0	0	0	0	0	0	0	0	0	0	0	0	0	0	0	0	0	0	0	0	0	0	0	0	0	0	0	0	0.00108283703302653	0	0	0	0	0	0	0	0	0	0	0	0	0	0	0	0	0	0.00577513084280816	0	0	0	0	0	0	0	0	0	0	0	0	0	0	0.0665944775311316	0	0	0	0	0	0	0	0	0	0.00126330987186428	0	0	0	0.0267099801479877	0	0	0	0	0.00397040245443061	0	0	0	0	0.00270709258256632	0	0	0	0	0	0	0.0176863382061	0	0	0.00812127774769897	0	0	0	0	0.00144378271070204	0	0.00234614690489081	0	0	0	0	0	0	0	0	0	0	0	0.00415087529326836	0	0	0	0	0.00505323948745714	0	0	0	0	0	0	0	0	0	0.00036094567767551	0	0	0	0	0	0	0	0	0	0.0380797689947663	0	0	0	0	0	0	0	0	0	0	0	0	0	0	0	0.0036094567767551	0	0	0	0	0	0	0	0	0	0	0	0	0.00541418516513265	0	0	0	0	0	0.010286951813752	0.0128135715574806	0.00216567406605306	0	0	0	0	0	0	0	0.0460205739036275	0	0	0	0	0	0	0	0	0	0	0.00162425554953979	0	0	0.019852012272153	0	0	0	0	0	0	0	0	0	0	0	0	0	0	0	0	0	0	0	0	0	0	0.00487276664861938	0	0	0	0	0	0	0	0	0	0	0	0	0	0	0	0	0	0	0	0	0	0	0	0	0	0	0	0	0.0281537628586898	0	0	0	0	0	0	0	0	0	0	0	0	0	0	0	0	0	0	0	0	0	0	0	0	0	0	0	0	0	0.0131745172351561	0	0	0.0270709258256632	0	0	0	0.00252661974372857	0.0019852012272153	0	0	0	0	0	0	0	0	0.0036094567767551	0	0	0	0	0	0	0.00992600613607652	0.00036094567767551	0	0	0	0	0	0	0	0	0	0	0	0	0	0	0	0	0	0	0.00162425554953979	0	0	0	0	0	0	0	0	0	0	0	0	0.0072189135535102	0	0	0	0	0	0	0	0	0	0	0	0	0	0	0	0	0.016964446850749	0	0	0	0	0	0	0	0	0	0	0	0	0	0	0	0	0	0	0	0	0	0	0	0	0	0	0	0	0	0	0	0	0	0	0	0	0	0	0	0	0	0	0	0	0	0	0	0	0	0.0162425554953979	0	0	0	0	0	0	0	0	0.00884316910304999	0	0	0	0	0	0	0	0	0	0	0	0	0	0	0	0	0	0	0	0	0	0	0	0	0	0	0	0.00126330987186428	0.00072189135535102	0	0	0	0	0	0.00072189135535102	0.0290561270528785	0	0	0	0	0	0	0	0	0	0	0.0122721530409673	0	0.105396137881249	0	0	0	0	0	0	0	0	0	0	0	0	0	0.00469229380978163	0	0	0	0	0	0	0	0	0.00667749503699693	0	0	0	0	0	0	0	0	0	0	0	0	0	0	0	0	0.00072189135535102	0.000902364194188775	0	0	0.0135354629128316	0	0	0	0	0	0	0	0.00234614690489081	0	0	0	0	0	0	0	0	0	0	0	0	0	0	0	0	0	0	0	0	0	0	0	0	0	0	0	0.00288756542140408	0	0	0	0	0.00072189135535102	0	0	0	0	0	0	0	0	0	0	0	0	0.000902364194188775	0	0	0	0.0543223244901642	0	0	0	0	0	0	0	0	0	0	0	0	0	0	0	0	0	0	0	0	0	0	0	0	0	0	0	0	0.00884316910304999	0	0	0	0	0.00613607652048367	0	0	0	0	0	0	0	0	0	0	0	0	0	0	0	0	0	0	0	0	0	0	0	0	0	0	0	0	0	0.00487276664861938	0	0	0	0	0	0	0.00144378271070204	0	0	0	0	0	0	0.00324851109907959	0.0092041147807255	0	0	0	0	0	0.00324851109907959	0	0	0	0	0	0	0	0	0.00234614690489081	0	0	0	0	0	0	0	0	0	0	0.0126330987186428	0	0	0	0	0.00378992961559285	0	0	0	0	0	0	0	0	0	0	0	0	0.019852012272153	0	0	0	0	0	0	0	0	0	0.010286951813752	0	0	0	0	0	0	0	0	0	0	0	0	0	0	0	0	0	0	0	0	0	0	0	0	0	0.00378992961559285	0	0	0	0	0.00126330987186428	0	0	0.0263490344703122	0	0	0	0	0.0689406244360224	0	0	0	0	0	0	0	0	0	0	0	0	0	0	0	0.0241833604042592	0	0	0	0	0	0	0.00126330987186428	0	0	0	0	0	0	0	0.00216567406605306	0	0	0	0	0	0	0	0	0	0	0	0	0	0	0	0	0	0.00144378271070204	0	0	0	0.00126330987186428	0.00342898393791734	0	0	0.00595560368164591	0.00739938639234795	0	0	0	0	0	0	0	0	0	0	0	0	0	0	0	0
0	0	0	0	0	0.00460007510326699	0	0	0	0	0	0	0	0	0	0	0	0	0	0	0	0	0	0	0	0	0	0	0	0.0057266241081487	0.0083552384528727	0	0	0	0	0	0	0	0	0	0	0	0.00469395418700713	0	0	0	0	0.001971460758543	0	0	0	0	0	0	0	0	0	0	0.00234697709350357	0	0	0	0	0	0	0	0	0	0	0	0	0	0.00215921892602328	0	0	0	0	0	0	0	0	0	0	0	0	0	0	0	0	0	0	0	0	0	0	0	0	0	0	0	0	0	0.00328576793090499	0.00168982350732257	0	0	0	0	0	0	0	0	0	0	0	0	0	0	0	0	0.00366128426586557	0	0	0	0	0.000375516334960571	0	0	0	0	0	0	0	0	0	0.105895606458881	0	0	0	0	0	0	0	0	0	0	0	0	0	0.00272249342846414	0	0	0	0	0	0.00168982350732257	0.001314307172362	0	0	0	0	0	0	0	0	0	9.38790837401427e-05	0	0	0.0137063462260608	0	0	0	0	0.000751032669921142	0.000281637251220428	0	0	0	0	0	0	0	0	0	0	0	0	0	0	0	0	0	0.002628614344724	0	0	0	0	0.00356740518212542	0	0	0	0	0	0	9.38790837401427e-05	0	0	0.00619601952684942	0	0	0	0	0.00666541494555013	0	0	0	0	0	0	0	0	0	0	0	0	0	0	0.0107022155463763	0.00103266992114157	0	0.000187758167480285	0	0	0	0	0	0	0	0	0	0.00187758167480285	0	0	0	0.00563274502440856	0	0	0.00384904243334585	0.00675929402929027	0	0	0	0	0	0	0	0	0.0176492677431468	0	0	0	0.002628614344724	0	0	0	0	0	0	0	0.001314307172362	0	0.00854299662035298	0	0	0	0	0	0	0	0	0	0	0	0	0	0	0	0	0.00122042808862186	0	0	0	0	0	0	0	0	0	0	0.000281637251220428	0	0	0	0	0	0	0	0	0.0341719864814119	0	0	0	0	0	0	0	0	0	0	0	0.0374577544123169	0	0	0.00891851295531356	0	0	0	0	0	0	0	0	0	0	0	0	0	0	0	0	0	0	0	0	0	0	0	0	0	0	0	0	0	0.0261922643634998	0	0	0.00741644761547127	0	0	0	0.002628614344724	0.00291025159594442	0	0	0	0	0	0	0	0	0.000938790837401427	0	0	0	0	0	0	0	0.0168043559894855	0	0	0	0	0	0	0	0	0	0	0.00478783327074728	0	0	0	0	0	0	0	0	0	0	0	0	0	0	0	0.00431843785204656	0	0	0.00187758167480285	0	0.0116410063837777	0	0	0	0	0	0	0.00187758167480285	0	0	0	0	0	0	0	0	0	0.00337964701464514	0	0	0	0	0	0	0	0	0	0	0	0	0	0	0	0	0	0	0	0	0	0	0	0	0	0	0	0	0	0	0	0	0	0	0	0	0	0	0	0	0	0.000938790837401427	0	0	0	0	0	0	0	0	0	0	0	0	0	0	0	0	0.00516334960570785	0	0	0	0	0	0	0	0	0	0	0	0	0	0.00403680060082614	0	0	0	0	0	0	0.00600826135936913	0	0	0	0	0	0	0.00234697709350357	0.000751032669921142	0	0.00422455876830642	0	0	0	0.000657153586180999	0.0070409312805107	0	0	0	0	0	0	0	0	0	0	0.00384904243334585	0	0.0209350356740518	0	0	0	0	0	0	0.00403680060082614	0	0	0	0	0	0	0	0	0	0	0	0	0	0	0	0	0	0	0	0.0336087119789711	0	0	0	0	0	9.38790837401427e-05	0	0	0	0	0	0	0	0.000751032669921142	0.0202778820878708	0	0.00187758167480285	0	0	0	0.00957566654149456	0	0	0	0.0096695456252347	0	0.00694705219677056	0.00253473526098385	0	0.00281637251220428	0	0	0	0	0	0	0	0	0	0	0	0	0	0	0	0	0	0	0	0	0	0	0	0	0	0	0	0	0	0	0	0	0	0.00103266992114157	0	0	0	0	0	0	0	0	0.000187758167480285	0.000187758167480285	0.0360495681562148	0	0	0	0	0	0	0	0	0	0	0	0	0	0	0	0	0	0	0.00244085617724371	0.0437476530229065	0	0	0	0	0	0	0	0	0.00291025159594442	0	0	0	0	0	0	0	0	0	0	0	0	0	0	0	0	0	0.000657153586180999	0	0	0	0	0	0	0.000375516334960571	0	0	0	0	0	0	0	0	0	0	0	0	0	0	0	0	0	0	0	0	0	0	0	0.0189635749155088	0.00910627112279384	0	0	0	0	0	0.0889034923019151	0	0	0	0	0	0.00187758167480285	0	0	0.000563274502440856	0	0	0.00375516334960571	0	0	0	0.000657153586180999	0	0	0	0	0	0	0	0	0.00103266992114157	0	0	0	0	0	0	0	0	0	0	0	0	0.00741644761547127	0	0	0	0	0	0	0	0	0	0.0076980848666917	0	0.00582050319188885	0	0	0.00431843785204656	0	0	0	0	0.00488171235448742	0	0	0	0	0	0	0	0	0	0	0	0	0	0	0	0.00882463387157341	0	0	0	0	0.0493803980473151	0	0	0.0090123920390537	0	0	0	0	0.0681562147953436	0	0	0	0	0.00675929402929027	0	0	0	0	0	0	0	0	0	0	0.0192452121667293	0	0	0	0	0	0	0.000657153586180999	0	0	0	0	0	0	0	0	0	0	0	0	0	0	0	0	0.00985730379271498	0	0	0	0	0.000938790837401427	0	0	0.00168982350732257	0.00347352609838528	0	0	0	0.00140818625610214	0.00657153586180999	0	0	0	0.0083552384528727	0	0	0	0	0	0	0	0	0.00300413067968457	0.000469395418700713	0	0	0	0	0	0
0	0	0	0	0	0	0	0	0.00612557427258806	0	0	0	0	0	0	0	0	0	0	0	0	0	0	0	0	0	0	0	0	0.00229709035222052	0	0	0	0	0	0	0	0	0	0	0	0	0	0	0	0	0	0	0	0	0	0	0	0	0	0	0	0	0	0	0	0	0	0	0	0	0	0	0	0	0	0	0.00638080653394589	0	0	0	0	0	0	0	0	0	0	0	0	0	0	0	0	0	0	0	0	0	0	0	0	0	0	0	0	0.000765696784073507	0	0.00204185809086269	0	0	0	0	0	0.000510464522715671	0	0	0	0	0	0	0	0	0	0.00102092904543134	0.0247575293517101	0	0	0	0	0	0	0	0	0	0	0	0	0	0	0.0758039816232772	0	0	0	0	0	0	0	0	0	0.00178662582950485	0	0	0	0.00306278713629403	0	0	0	0	0	0	0	0	0	0	0	0	0	0	0	0	0	0	0	0	0	0	0	0	0	0.00102092904543134	0	0	0	0	0	0	0	0	0	0	0	0	0.0324144971924451	0	0	0	0	0	0	0	0	0	0	0	0	0	0	0	0	0	0	0	0	0	0	0	0	0.0242470648289944	0	0	0	0	0	0	0	0	0	0	0	0	0	0	0	0.00306278713629403	0	0	0	0	0	0	0	0	0	0	0	0.000510464522715671	0	0	0	0	0	0	0.0107197549770291	0.0142930066360388	0	0	0	0	0	0	0	0	0.03420112302195	0	0	0	0	0	0	0	0	0	0	0	0	0	0.00229709035222052	0	0	0	0	0	0	0	0	0	0	0	0	0.00638080653394589	0	0	0	0	0	0	0	0	0	0	0	0	0	0	0	0	0	0	0	0	0	0	0	0.0267993874425727	0	0	0	0	0	0	0	0	0	0	0	0	0	0	0	0	0	0	0	0	0	0	0	0	0	0	0	0	0	0	0	0	0	0	0	0	0	0	0	0	0	0	0	0	0	0	0	0.0160796324655436	0	0	0	0	0.00127616130678918	0	0	0	0	0	0	0	0	0.00484941296579888	0	0	0	0	0	0	0	0.00484941296579888	0	0	0	0	0	0	0	0	0	0	0	0	0	0	0	0	0	0	0	0	0	0	0	0	0	0	0	0	0	0.00178662582950485	0	0	0	0	0	0	0	0	0	0	0	0	0	0	0	0	0	0	0.00306278713629403	0	0	0	0	0	0	0	0	0	0	0	0	0	0	0	0	0	0	0	0	0	0	0	0	0	0	0	0	0	0	0.00331801939765186	0	0	0	0	0	0	0	0	0	0	0	0	0	0	0	0	0	0	0	0	0	0	0	0	0	0	0	0	0	0	0	0	0	0	0	0	0	0	0	0	0	0.110260336906585	0	0	0	0	0	0	0	0	0	0	0	0	0	0.0267993874425727	0	0	0	0	0.0204185809086268	0	0	0.122511485451761	0	0	0	0	0	0	0	0	0	0	0	0	0.0245022970903522	0	0	0	0	0	0	0	0	0	0	0.0183767228177642	0	0	0	0	0	0	0	0	0	0	0	0	0	0	0	0	0	0	0.0035732516590097	0	0	0	0	0	0	0	0	0	0.00178662582950485	0	0.00893312914752425	0.000765696784073507	0	0	0	0	0.0196528841245533	0	0	0	0	0	0.00459418070444104	0	0	0	0	0	0	0	0	0	0	0	0	0	0	0	0.00229709035222052	0	0	0	0	0.000510464522715671	0	0	0	0	0	0	0	0	0	0	0	0	0	0	0	0.00102092904543134	0	0	0	0	0	0	0	0	0	0	0.138591117917305	0	0	0	0	0	0	0	0	0	0	0	0	0	0	0	0	0	0	0	0.00484941296579888	0	0	0	0	0	0	0	0	0	0	0	0	0	0	0	0	0	0	0	0	0	0	0	0	0	0	0.000510464522715671	0	0	0	0.0142930066360388	0	0	0	0	0	0	0	0	0	0	0	0	0	0	0	0	0	0	0	0	0	0	0	0	0	0	0.018631955079122	0.00178662582950485	0	0	0	0	0	0.0196528841245533	0	0	0	0	0	0	0	0	0	0	0	0	0	0	0	0	0.00408371618172537	0	0	0	0	0	0	0	0	0	0	0	0	0	0	0	0	0	0	0	0	0	0	0	0	0	0	0	0	0	0	0	0	0.0130168453292496	0.000510464522715671	0	0.00229709035222052	0	0	0	0	0	0	0	0	0	0	0	0	0	0	0	0	0	0	0	0	0.00382848392036753	0	0	0	0	0	0	0	0.0135273098519653	0	0	0	0	0.0079122001020929	0	0	0	0	0	0	0	0	0	0	0	0	0	0	0	0.0576824910668709	0	0	0	0	0	0	0	0	0	0.00638080653394589	0	0	0	0	0	0	0	0	0	0	0	0	0	0	0	0	0	0	0	0	0	0	0.00255232261357836	0	0	0	0.00816743236345074	0	0	0	0	0	0	0	0	0	0	0	0	0	0	0	0	0	0	0	0	0
0	0	0	0	0	0	0	0	0.00212935853074261	0	0	0	0	0	0	0	0	0	0	0	0	0	0	0	0	0	0	0	0	0.0497737556561086	0.0239552834708544	0	0	0	0	0	0	0	0	0	0	0	0	0	0	0	0	0.0162363587969124	0	0	0	0	0.00558956614319936	0	0	0	0	0	0	0	0	0	0	0	0	0	0	0	0	0	0	0	0.0114453021027415	0	0	0	0	0	0	0	0.00745275485759915	0	0	0	0	0	0	0	0	0	0	0	0	0	0	0	0	0	0	0	0	0	0	0	0	0	0	0	0	0	0	0	0	0	0	0	0	0	0	0	0	0	0	0	0	0	0	0	0	0	0	0	0	0	0	0.00718658504125632	0	0	0	0	0	0	0	0	0	0	0	0	0	0.00825126430662763	0	0	0	0	0	0	0	0	0	0	0	0	0	0	0	0	0	0	0	0.0133084908171413	0.00186318871439979	0	0	0	0.00159701889805696	0	0	0	0	0	0	0	0	0	0	0	0	0	0	0	0	0	0	0	0	0	0	0	0	0	0	0	0	0	0	0	0	0	0	0	0	0	0	0.0255523023689114	0	0	0	0	0	0	0	0	0	0	0	0	0	0	0	0	0	0	0	0	0	0	0	0	0	0	0	0.0039925472451424	0	0	0	0	0	0	0	0.0146393398988555	0	0	0	0	0	0	0	0	0.0431195102475379	0	0	0	0	0	0	0	0	0	0	0	0	0	0	0	0	0	0	0	0	0	0	0	0	0	0	0	0	0	0	0	0	0	0	0	0	0	0	0	0	0	0	0	0	0	0	0	0	0	0	0.0324727175938249	0	0	0	0	0	0	0	0	0	0	0	0.00346020761245675	0	0	0.0162363587969124	0	0	0	0	0	0	0.0143731700825126	0	0	0	0	0	0	0	0	0	0	0	0	0	0	0	0	0	0	0	0	0	0	0	0	0	0.018365717327655	0	0	0	0.00133084908171413	0	0	0	0	0	0	0	0	0	0	0	0	0	0	0	0	0	0.0393931328187384	0	0	0	0	0	0	0	0	0	0	0	0	0	0	0	0	0	0	0	0	0	0	0	0	0	0	0	0	0	0	0	0	0	0	0	0	0	0	0	0	0	0.00558956614319936	0	0	0	0	0	0	0.0106467926537131	0	0	0	0	0	0	0	0	0	0	0	0	0	0	0	0	0	0	0	0	0	0	0	0	0	0	0	0	0	0	0	0	0	0	0	0	0	0	0	0	0	0	0	0	0	0	0	0	0	0	0	0	0	0	0	0	0	0	0.00452488687782805	0	0	0	0	0	0	0	0	0	0	0	0	0	0.0463135480436518	0	0	0	0	0	0	0	0	0	0.00266169816342827	0	0	0	0	0	0	0	0	0	0	0	0.0263508118179398	0	0	0	0	0	0	0	0	0	0	0.00718658504125632	0	0.0992813414958744	0	0	0	0	0	0	0	0	0	0	0.00292786797977109	0.000532339632685653	0	0	0	0	0	0	0	0	0	0	0	0	0	0	0	0	0.0369976044716529	0	0	0	0	0	0	0	0	0	0	0	0	0.00558956614319936	0	0.00532339632685653	0	0	0	0	0	0	0	0	0	0	0.026084642001597	0	0.00718658504125632	0	0	0	0	0	0	0	0	0	0	0	0	0	0	0	0	0.00186318871439979	0	0	0	0	0	0	0	0	0	0	0	0	0	0	0	0	0	0	0	0	0	0	0	0.00266169816342827	0	0	0	0.113388341762044	0	0	0	0	0	0	0	0	0	0	0	0	0	0.000532339632685653	0	0	0	0	0	0	0	0	0	0	0	0	0	0	0.0151716795315411	0	0	0	0	0	0	0	0	0	0	0	0	0	0	0	0	0	0.00346020761245675	0	0	0	0	0	0	0.00212935853074261	0	0	0	0	0	0	0	0	0	0	0	0	0	0	0	0	0	0	0	0	0	0	0	0.0165025286132553	0.00319403779611392	0	0	0	0	0	0.00718658504125632	0	0	0	0	0	0	0	0	0	0	0	0	0	0	0	0	0	0	0	0	0	0	0	0	0	0	0	0	0	0	0	0	0	0	0	0	0	0.00372637742879957	0	0	0	0	0	0	0	0	0	0	0	0.0247537929198829	0	0	0	0	0	0	0	0	0	0	0	0	0	0	0	0	0	0	0	0	0	0	0	0	0	0	0	0	0	0	0	0.0204950758583977	0	0	0	0	0.0226244343891403	0	0	0	0	0	0	0	0	0	0	0	0	0	0	0	0.0931594357199894	0	0	0	0	0	0	0.00079850944902848	0	0	0	0	0	0	0	0	0	0	0	0	0	0	0	0	0	0	0	0	0	0	0	0	0	0.00425871706148523	0	0	0	0	0	0	0	0.0133084908171413	0	0	0	0	0	0	0	0	0	0	0.00079850944902848	0	0	0	0	0	0.00106467926537131
0	0	0	0	0	0	0	0	0	0	0	0	0	0	0	0	0	0	0	0	0	0	0	0	0	0	0	0	0.00564051140636751	0.00589120080220607	0.0152920531461519	0	0	0	0	0	0	0	0	0	0	0	0	0	0	0	0	0	0	0	0	0	0.0171722236149411	0	0	0	0	0	0	0.00150413637503134	0	0	0	0	0	0	0	0	0	0	0	0	0.00388568563549762	0	0	0	0	0	0	0	0.0106542993231386	0.00476309852093256	0	0	0	0	0	0	0	0	0	0	0	0	0	0	0	0	0	0	0	0	0.0073953371772374	0.00275758335422412	0	0	0	0	0	0	0	0	0	0	0	0	0	0	0	0	0	0	0	0	0	0	0	0	0	0	0	0	0	0	0	0.0193030834795688	0	0	0	0	0	0	0	0	0	0	0	0	0	0.0160441213336676	0.00275758335422412	0	0	0	0.00162948107295061	0	0	0	0	0.0011281022812735	0	0	0	0	0	0	0	0	0	0.0051391326146904	0	0	0	0	0.000877412885434946	0	0	0	0	0	0	0	0	0	0.0040110303334169	0	0	0	0.00526447731260968	0	0	0	0	0.00200551516670845	0	0	0	0	0	0	0	0	0	0	0	0	0	0	0	0	0	0	0	0.00990223113562296	0	0	0	0	0	0	0	0	0	0	0	0	0	0	0	0.00288292805214339	0	0	0	0	0	0	0	0	0	0	0	0	0.00889947355226874	0	0	0	0	0	0.00350965154173978	0.00877412885434946	0	0	0	0	0	0	0	0	0.0233141138129857	0	0	0	0.00451240912509401	0	0	0	0	0	0	0	0	0	0	0	0	0	0	0	0	0	0	0	0	0	0	0	0	0	0	0	0	0	0	0	0	0	0	0	0	0	0	0	0	0	0	0	0	0	0	0.00864878415643018	0	0	0	0	0	0	0	0	0	0	0	0.0111556781148157	0	0	0	0	0	0	0	0	0	0	0	0	0	0	0	0	0	0	0	0	0	0	0	0	0	0	0	0	0	0	0	0	0	0	0	0	0	0	0	0.00238154926046628	0.00263223865630484	0	0	0	0	0	0	0	0	0	0	0	0	0	0	0	0	0	0	0	0	0	0	0	0	0	0	0	0.00501378791677112	0	0	0	0	0	0	0	0	0	0	0	0	0	0	0	0	0	0	0.0011281022812735	0	0	0	0	0	0	0	0	0	0	0	0	0	0	0	0	0	0	0	0	0	0	0	0	0	0	0	0	0	0	0	0	0	0	0	0	0	0	0	0	0.00764602657307596	0	0	0	0	0	0	0	0	0	0	0	0	0	0	0	0	0	0	0	0	0	0	0.0062672348959639	0	0	0	0	0	0.00952619704186513	0	0	0	0	0	0	0	0.00188017046878917	0	0	0	0	0	0	0	0	0	0	0	0	0	0.344948608673853	0	0	0	0	0	0	0	0	0	0.00325896214590123	0	0	0	0.0062672348959639	0.0011281022812735	0	0.00275758335422412	0	0	0	0.00350965154173978	0.00689395838556029	0	0	0	0	0	0	0	0	0	0	0	0	0.0408623715216846	0	0	0	0	0	0	0	0	0	0	0	0	0.0107796440210579	0	0	0	0	0	0	0	0	0	0.00526447731260968	0.00426171972925545	0	0	0.0139132614690399	0	0	0	0	0	0	0	0	0	0	0	0	0	0.00175482577086989	0	0	0.0162948107295061	0	0	0	0.00313361744798195	0	0	0	0	0	0	0.00777137127099524	0	0	0	0	0	0	0	0	0	0	0	0	0	0	0	0	0	0	0	0	0	0	0	0	0	0	0	0	0	0	0	0	0	0	0	0	0	0	0	0.0307094509902231	0	0	0	0	0	0	0.0317122085735773	0	0	0	0	0	0	0	0	0	0	0	0	0	0	0	0	0	0	0.002256204562547	0.00538982201052895	0	0	0	0	0	0	0	0	0	0	0	0	0	0.00589120080220607	0	0	0	0	0	0	0	0	0	0	0	0	0	0	0	0	0	0	0	0.00137879167711206	0	0	0	0	0	0	0	0	0	0	0	0	0	0	0	0	0.00162948107295061	0	0	0	0	0	0	0.00689395838556029	0.002256204562547	0	0	0	0	0	0.0194284281774881	0	0	0	0	0	0	0	0	0.00162948107295061	0	0	0	0	0	0	0	0	0	0	0.00463775382301329	0	0	0	0	0	0	0	0	0	0	0	0	0	0	0	0	0	0.00125344697919278	0	0	0	0	0	0	0.00200551516670845	0	0.00263223865630484	0	0.000250689395838556	0.00852343945851091	0	0	0.00501378791677112	0	0	0	0	0	0	0	0	0	0	0	0	0	0	0	0	0.00238154926046628	0	0	0	0.0051391326146904	0	0	0	0	0	0	0	0.0110303334168965	0	0	0	0	0.0569064928553522	0	0	0	0	0	0	0	0	0	0	0	0	0	0	0	0.0515166708448233	0	0	0	0	0	0	0	0	0	0	0	0	0	0	0	0	0	0	0	0	0	0	0	0	0	0	0	0	0.000376034093757834	0	0	0	0.00438706442717473	0	0	0	0.00263223865630484	0.00325896214590123	0.00325896214590123	0	0.0011281022812735	0	0	0	0	0	0	0	0	0	0	0.000501378791677112	0	0	0	0	0	0
0	0	0	0	0	0	0	0	0	0	0	0	0	0	0	0	0	0	0	0	0	0	0	0	0	0	0	0	0.00248560962846677	0.0374149659863946	0.0264259549973836	0	0	0	0	0	0	0	0	0	0	0.00693354264782836	0	0	0	0	0	0.00523286237571952	0	0	0	0	0.00627943485086342	0	0	0	0	0	0.0032705389848247	0	0	0	0	0	0	0	0	0	0	0	0	0	0	0	0	0	0	0	0	0	0.00457875457875458	0	0	0	0	0	0	0.00170068027210884	0	0	0	0	0	0	0	0	0	0.000261643118785976	0	0	0	0	0.00248560962846677	0	0	0	0	0	0	0	0	0	0	0	0	0	0	0	0	0	0	0	0	0	0	0	0	0	0	0	0	0	0	0	0	0.136839351125065	0	0	0	0	0	0	0	0	0	0	0	0	0	0.0293040293040293	0	0	0	0	0.00287807430664574	0	0	0	0	0	0	0	0	0	0	0	0.00366300366300366	0	0	0.00771847200418629	0	0	0	0	0	0	0	0	0.0120355834641549	0	0	0	0	0	0	0.00484039769754055	0	0	0.00196232339089482	0	0	0	0	0.0022239665096808	0	0	0	0	0	0	0	0	0	0	0	0	0	0	0	0	0	0	0	0.010596546310832	0	0	0	0	0	0	0	0	0.00680272108843537	0	0	0	0	0	0	0.00313971742543171	0	0	0	0	0	0	0	0	0	0	0	0	0	0	0.00156985871271586	0	0	0	0.0141287284144427	0.00941915227629513	0	0	0	0	0	0	0	0	0.0196232339089482	0	0	0	0	0	0	0	0	0	0	0	0.00300889586603872	0	0.00549450549450549	0	0	0	0	0	0	0	0	0	0	0	0	0	0	0	0	0	0	0	0	0	0.00156985871271586	0	0	0	0.00196232339089482	0	0	0	0	0	0	0.00575614861329147	0	0	0	0.0238095238095238	0	0	0	0	0	0	0	0	0	0.00143903715332287	0	0.00392464678178964	0	0	0.00680272108843537	0	0	0	0	0	0	0.0243328100470958	0	0.00143903715332287	0	0	0	0	0	0	0	0	0	0	0	0	0	0	0.00497121925693354	0	0	0	0	0	0	0	0	0.00994243851386709	0	0	0	0.00130821559392988	0	0	0	0	0	0	0	0	0.00484039769754055	0.0022239665096808	0	0	0	0	0	0	0	0	0	0	0	0	0	0	0	0	0	0	0.00418628990057562	0	0	0	0	0	0	0	0	0	0	0	0	0	0	0	0	0	0	0.0032705389848247	0	0	0	0	0	0	0	0	0	0	0	0	0	0	0	0	0	0	0.00366300366300366	0	0	0.00143903715332287	0	0	0	0	0	0	0	0	0	0	0	0	0	0	0	0	0	0	0	0	0	0	0	0	0	0	0	0	0	0	0	0	0	0	0	0	0	0	0	0	0	0	0	0	0	0	0	0	0	0	0	0	0	0	0	0.00130821559392988	0	0	0	0	0	0	0	0	0	0	0	0	0	0	0	0	0	0	0	0	0	0	0	0	0	0	0	0.00170068027210884	0	0	0	0	0	0	0	0.0133437990580848	0	0	0	0	0	0	0	0	0	0	0	0	0	0	0	0	0	0	0	0	0	0	0	0	0	0	0	0	0	0	0	0	0	0	0	0	0.00379382522239665	0	0	0	0	0	0	0	0	0	0	0	0	0	0	0	0	0.00183150183150183	0	0	0	0	0	0	0.0139979068550497	0	0	0	0	0	0	0.24123495552067	0	0.00183150183150183	0	0	0	0	0	0	0	0	0	0	0	0	0	0	0	0	0.000915750915750916	0	0	0	0	0	0	0	0	0.00170068027210884	0	0	0	0	0	0	0	0	0	0	0	0	0	0	0.000784929356357928	0	0	0	0.0183150183150183	0	0	0	0	0	0	0	0	0	0	0	0	0	0	0	0	0	0	0.0183150183150183	0	0	0	0	0	0	0	0	0	0.0124280481423339	0	0	0	0	0	0	0	0	0	0	0	0	0	0	0	0	0	0	0	0	0	0	0	0	0.00837257980115123	0	0	0	0	0	0	0	0	0	0	0	0	0	0	0	0	0	0	0	0	0	0	0	0.00968079539508111	0.00693354264782836	0	0	0	0	0	0.00601779173207745	0	0	0	0	0	0	0	0	0.0022239665096808	0	0.00261643118785976	0	0	0	0	0	0	0	0	0	0	0	0	0	0	0.00248560962846677	0	0	0	0	0.000392464678178964	0	0	0	0	0	0	0.0201465201465201	0	0	0	0	0	0	0	0	0	0.0075876504447933	0	0	0	0	0.00379382522239665	0	0	0	0	0	0	0	0	0	0	0	0	0	0	0.000261643118785976	0	0	0	0	0	0.0143903715332287	0	0	0	0	0	0	0	0.0130821559392988	0	0	0	0	0.032312925170068	0	0.00706436420722135	0	0	0.00824175824175824	0	0	0	0	0	0	0	0	0	0	0.0147828362114076	0	0	0	0	0	0	0	0	0	0	0	0	0.00143903715332287	0	0.00235478806907378	0	0	0	0	0	0	0	0	0	0	0.000915750915750916	0	0	0	0	0.000261643118785976	0.00235478806907378	0.00313971742543171	0.00667189952904239	0	0	0	0.00457875457875458	0	0	0.00170068027210884	0.00549450549450549	0	0	0	0	0	0	0	0	0	0	0	0	0	0	0	0
0	0	0	0	0	0	0	0.00421414078351803	0	0	0	0	0	0	0	0	0	0	0	0	0	0	0.00437022007179647	0	0	0	0	0	0	0.0302793819260184	0	0	0	0	0	0	0	0	0	0	0	0	0	0	0	0	0	0	0	0	0	0	0.00780396441392227	0	0	0	0	0	0	0	0	0	0	0	0	0	0	0	0	0	0	0	0.00827220227875761	0	0	0	0	0	0	0	0.00593101295458093	0	0	0	0	0	0	0	0	0	0	0	0	0	0	0	0	0.000936475729670673	0	0	0	0	0.00234118932417668	0	0	0	0	0	0	0	0	0	0	0	0	0	0	0	0	0	0	0	0	0	0	0	0	0	0	0	0	0	0	0	0	0.0309036990791322	0	0	0	0	0	0	0	0	0	0	0	0	0	0.0316840955205244	0	0	0	0	0	0	0	0	0	0.0221632589355393	0	0	0	0	0	0	0.000468237864835336	0	0	0	0	0	0	0	0	0	0	0	0.0266895582956142	0	0	0	0	0	0	0	0	0	0.00249726861245513	0	0	0	0	0.00202903074761979	0	0	0	0	0	0	0	0	0	0	0	0	0	0	0	0	0.00140471359450601	0	0	0.0394880599344467	0	0	0	0	0	0	0	0	0	0	0	0	0	0	0	0.00530669580146715	0	0	0.00702356797253004	0	0	0	0	0	0	0	0	0.00156079288278445	0	0	0	0	0	0	0.00967691587326362	0.021382862494147	0	0	0	0	0	0	0	0	0.0589979709692524	0	0	0	0	0	0	0	0	0	0	0	0	0	0	0	0	0	0	0	0	0	0	0	0	0	0	0.00499453722491025	0	0	0	0	0	0	0	0	0	0	0	0	0	0	0	0	0	0	0	0	0	0	0	0.0418292492586234	0	0	0	0	0	0	0	0	0	0	0	0.00983299516154206	0	0	0.032932729826752	0	0	0	0	0	0	0	0	0	0	0	0	0	0	0	0	0	0	0	0	0	0	0	0	0	0	0	0	0	0	0	0	0.0238801311066022	0	0	0	0	0	0	0	0	0	0	0	0	0	0.00202903074761979	0	0	0	0	0	0	0	0	0	0	0	0	0	0	0	0	0	0	0	0	0	0	0	0	0	0	0.000936475729670673	0	0	0	0	0	0	0	0	0	0	0.00187295145934135	0	0	0	0	0	0	0	0	0	0	0	0	0	0	0	0	0	0	0	0	0	0	0	0	0	0	0	0	0	0	0	0	0	0	0	0	0	0	0	0	0	0	0	0	0	0	0	0	0	0	0	0	0	0	0	0	0	0	0	0	0	0	0	0	0	0	0	0	0.0138910566567816	0	0	0	0	0	0	0.00452629936007492	0	0.00405806149523958	0	0	0	0	0	0	0	0	0	0	0	0	0	0	0	0	0	0	0	0	0	0	0	0	0	0	0	0.0051506165131887	0	0	0.0017168721710629	0	0	0	0	0.0113937880443265	0	0	0	0	0	0	0	0	0	0	0.00390198220696114	0	0.0778835648509443	0	0.00702356797253004	0	0	0	0	0	0	0	0	0	0	0	0	0	0	0	0	0	0	0	0.00390198220696114	0.0120181051974403	0	0	0	0	0	0	0	0	0	0	0	0	0	0	0	0	0	0	0	0	0	0	0	0	0	0	0	0	0	0	0.00468237864835336	0	0	0	0	0	0	0	0.000936475729670673	0	0	0	0	0	0	0	0	0	0	0	0	0	0	0	0	0	0	0	0	0	0	0	0	0	0	0	0	0	0	0	0	0.00983299516154206	0	0	0	0	0	0	0.119556734821289	0	0	0	0	0	0	0	0	0.0159200874044014	0	0	0	0	0	0	0	0	0	0	0.0132667395036679	0	0	0	0	0	0	0	0	0.00437022007179647	0	0	0	0	0	0	0.000312158576556891	0	0	0	0	0	0	0	0	0	0	0	0.000780396441392227	0	0	0	0	0	0	0	0	0	0	0	0	0	0	0	0	0	0	0	0	0	0	0	0	0	0	0	0	0	0.0251287654128297	0.0051506165131887	0	0	0.00265334790073357	0	0	0	0	0	0	0	0	0	0	0	0.00156079288278445	0	0	0	0	0	0	0	0	0	0	0	0	0	0.00639925081941626	0	0.00374590291868269	0	0	0	0	0	0	0	0	0	0	0	0	0	0	0	0	0	0	0	0.00140471359450601	0	0	0	0	0.0304354612142969	0	0	0.00437022007179647	0	0	0	0	0	0	0	0	0	0	0	0	0	0	0	0	0	0	0	0	0.00593101295458093	0	0	0	0	0	0	0	0.0280942718901202	0	0	0	0.000312158576556891	0.0401123770875605	0	0	0	0	0.0113937880443265	0	0	0	0	0	0	0	0	0	0	0.0677384111128453	0	0	0	0	0	0	0	0	0	0	0	0	0	0	0	0	0	0	0	0	0	0	0	0	0	0	0	0	0	0	0	0	0	0	0	0	0	0	0	0	0.00234118932417668	0.00437022007179647	0	0	0	0	0	0	0	0	0	0	0	0	0	0	0	0
0	0	0	0	0	0	0	0	0	0	0	0	0	0	0	0	0	0	0	0	0	0	0	0	0	0	0.00800760043431053	0.00461454940282302	0	0.0118078175895765	0.0297231270358306	0	0	0	0	0	0	0	0	0	0	0	0	0	0	0	0	0.00393593919652552	0	0	0	0	0.00420738327904452	0	0	0	0	0	0	0	0	0	0	0	0	0	0	0	0	0	0	0	0	0	0	0	0	0	0	0	0.00610749185667752	0.0142508143322476	0	0	0	0	0.000271444082519001	0.000407166123778502	0	0	0	0	0	0	0	0.00190010857763301	0	0.00203583061889251	0	0	0	0	0	0	0	0	0	0	0	0	0	0	0	0	0	0	0	0	0	0	0.012214983713355	0	0	0	0	0	0	0	0	0	0	0	0	0	0	0.196796959826276	0	0	0	0	0	0	0	0	0	0	0	0	0	0.0146579804560261	0	0	0	0	0	0	0	0	0	0.00393593919652552	0	0	0	0	0	0	0.00488599348534202	0	0.000950054288816504	0.0133007600434311	0	0	0.000271444082519001	0	0	0.001085776330076	0	0	0	0	0	0	0	0	0	0	0	0	0	0	0	0	0	0	0	0	0	0	0	0	0	0	0	0	0	0	0	0	0	0	0	0	0	0.0150651465798046	0	0	0	0	0	0	0	0	0	0	0	0	0	0	0	0.00271444082519001	0	0	0	0	0	0	0	0	0	0	0	0.00298588490770901	0	0	0	0.00488599348534202	0	0	0	0.00542888165038002	0	0	0	0	0	0	0	0	0.0487242128121607	0	0	0	0	0	0	0	0	0	0	0	0	0	0.0204940282301846	0	0	0	0	0	0	0	0	0	0	0	0	0	0	0	0	0	0	0	0	0	0	0	0	0	0	0	0	0	0	0	0	0	0	0	0	0.0308089033659066	0	0	0	0	0	0	0	0	0	0	0.00475027144408252	0.00570032573289902	0	0	0.00841476655808903	0	0	0	0	0	0	0	0	0	0	0	0	0	0	0	0	0	0	0	0	0	0	0	0	0	0	0	0	0	0	0	0	0.0162866449511401	0	0	0	0.00135722041259501	0.00203583061889251	0	0	0.0318946796959826	0	0	0	0	0	0.00217155266015201	0	0	0	0	0	0	0	0	0	0	0.00217155266015201	0	0.000678610206297503	0	0	0.000271444082519001	0	0	0.0507600434310532	0	0	0	0	0	0	0	0	0	0	0	0	0	0	0	0	0	0	0.00271444082519001	0	0	0	0	0	0	0	0	0	0	0	0	0	0	0	0	0	0	0.00190010857763301	0	0.00570032573289902	0	0	0	0	0	0	0	0	0	0	0	0	0	0	0	0	0	0	0	0.00705754614549403	0	0	0	0	0	0	0	0	0	0	0	0	0	0	0	0	0	0	0	0	0	0	0.00434310532030402	0	0	0	0	0	0	0	0	0	0	0	0.00203583061889251	0	0.00325732899022801	0.000407166123778502	0	0	0	0	0	0	0	0	0	0	0	0	0.00285016286644951	0	0	0	0	0	0	0.0226655808903366	0	0	0	0	0	0	0.0012214983713355	0	0	0.0225298588490771	0	0	0	0	0.00488599348534202	0	0	0	0.0012214983713355	0	0	0	0	0	0	0.00475027144408252	0	0.0346091205211726	0	0	0	0	0	0	0	0	0	0	0	0	0	0	0	0	0	0	0	0	0	0.00312160694896851	0	0	0	0	0	0	0	0	0.000678610206297503	0	0	0	0	0	0	0	0	0.000678610206297503	0.00135722041259501	0.0127578718783931	0	0	0	0	0	0	0	0	0	0	0	0	0	0	0.00135722041259501	0	0	0	0	0	0	0	0	0	0	0	0	0	0	0	0	0.001085776330076	0	0	0	0	0	0	0	0	0	0	0	0	0	0	0	0	0	0	0	0	0	0	0	0	0	0	0.000542888165038002	0.0427524429967427	0	0	0	0.00393593919652552	0.00190010857763301	0	0	0	0	0	0	0	0	0	0	0	0	0	0	0.00515743756786102	0	0	0	0	0	0	0	0	0.00475027144408252	0	0	0	0	0.00366449511400651	0	0	0	0	0	0	0	0.000678610206297503	0	0	0	0	0	0	0	0	0	0	0	0	0	0	0	0	0	0	0	0	0	0	0	0	0	0	0	0	0	0	0	0	0	0	0	0.00502171552660152	0.010043431053203	0	0	0	0	0	0.00583604777415852	0	0	0	0	0	0	0	0	0.00149294245385451	0	0	0	0	0	0	0	0	0	0	0	0	0	0	0	0.00312160694896851	0	0	0	0	0	0	0	0	0	0	0	0	0.00610749185667752	0	0	0	0	0	0	0	0	0	0.00746471226927253	0	0	0	0	0.00176438653637351	0	0	0	0	0	0	0	0	0	0	0	0	0	0	0	0	0	0	0	0	0.00529315960912052	0	0	0	0	0	0	0	0.0172366992399566	0	0	0	0	0.0955483170466884	0	0	0	0	0.011943539630836	0	0	0	0	0	0	0	0	0	0	0.0112649294245385	0	0	0	0	0	0	0.000542888165038002	0	0	0	0	0	0	0	0	0	0	0	0	0	0	0	0	0	0	0	0	0	0	0	0	0	0.00800760043431053	0	0	0	0.00257871878393051	0	0.00244299674267101	0	0.00203583061889251	0.00271444082519001	0	0	0	0	0	0	0	0	0	0	0	0	0	0	0	0
0	0.00245324939825958	0	0	0	0	0	0	0	0	0	0	0	0	0	0	0	0	0	0	0	0	0	0	0	0	0	0	0.00120348083688206	0.0105998889094612	0	0	0	0	0	0	0	0	0	0	0	0	0	0	0	0	0	0.000879466765413812	0	0	0	0	0.00171264580633216	0	0	0	0	0	0	0.00134234401036845	0	0	0	0	0	0	0	0	0	0	0	0	0.00208294760229587	0	0	0	0	0	0	0	0	0	0	0	0	0	0	0	0	0	0	0	0	0	0	0	0	0	0	0	0	0	0.000555452693945566	0	0	0	0	0	0	0	0	0	0	0	0	0	0	0	0	0	0	0	0	0	0	0	0	0	0	0	0	0	0	0	0	0.0639233475282355	0	0	0	0	0	0	0	0	0	0	0	0	0	0.000462877244954638	0	0	0	0	0	0	0.000833179040918348	0	0	0.000462877244954638	0	0	0	0	0	0	0	0	0	0	0	0	0	0	0	0	0	0	0.00282355119422329	0	0	0	0	0	0.00129605628587299	0	0	0	0.000648028142936493	0	0	0	0.00106461766339567	0	0	0	0	0	0	0	0	0	0	0	0	0	0	0	0	0	0	0	0	0.00388816885761896	0	0	0	0	0	0	0	0	0	0	0	0	0	0	0	0.00097204221440474	0	0	0	0	0	0	0	0	0	0	0	0	0.000601740418441029	0	0	0.00236067394926865	0	0	0.00222181077578226	0.00759118681725606	0	0	0	0	0	0	0	0	0.0163858544713942	0	0	0	0.00833179040918348	0	0	0	0	0	0	0	0.000786891316422885	0	0	0	0	0	0	0	0	0	0	0	0	0	0	0.00286983891871876	0	0	0	0.00106461766339567	0	0	0	0	0	0	0	0	0.000601740418441029	0	0	0	0	0	0	0	0	0	0	0.00509164969450102	0	0	0	0	0	0	0	0	0	0	0	0.00685058322532864	0	0	0.00157378263284577	0.000740603591927421	0	0	0	0	0	0	0	0	0	0	0	0	0	0	0.00106461766339567	0	0	0	0	0	0	0	0	0	0	0.0016663580818367	0	0	0	0	0	0.0038418811331235	0	0	0	0.000416589520459174	0	0	0	0	0	0	0	0	0	0.00180522125532309	0	0	0	0	0	0	0	0.0203665987780041	0	0	0	0	0	0	0	0	0	0	0.00671172005184225	0	0	0	0	0	0	0	0	0	0	0	0	0.000509164969450102	0	0	0.00157378263284577	0	0	0.00402703203110535	0	0	0	0	0	0	0	0	0	0	0	0	0	0	0	0	0	0	0.000555452693945566	0	0	0	0	0	0	0	0	0	0	0	0	0	0	0	0	0	0	0	0	0	0.00148120718385484	0.00106461766339567	0	0	0	0	0	0	0	0.0171264580633216	0	0	0	0	0	0	0	0	0	0	0	0	0	0	0	0	0	0	0	0	0	0	0	0	0	0.00175893353082762	0	0.00212923532679134	0	0	0	0	0	0	0	0	0	0	0	0	0	0.00203665987780041	0	0	0	0	0	0	0	0	0	0	0	0	0	0.00138863173486391	0.000277726346972783	0	0.00361044251064618	0	0	0	0.00208294760229587	0.00143491945935938	0	0	0	0	0	0	0	0	0	0.00162007035734123	0.00393445658211442	0	0.0299018700240696	0	0	0	0	0	0	0	0	0	0	0.000324014071468247	0	0	0	0	0	0	0	0	0	0	0	0.00342529161266432	0	0	0	0	0	0	0	0	0	0	0	0	0	0	0	0	0	0	0.0310590631364562	0	0.00157378263284577	0	0	0	0	0	0	0	0	0	0	0.014071468246621	0	0.00106461766339567	0	0	0	0	0	0	0	0	0	0	0	0	0	0	0	0	0	0	0	0	0	0	0	0	0	0	0.000925754489909276	0	0	0	0	0	0	0	0	0	0	0.0118496574708387	0	0	0	0	0	0	0.0129605628587299	0	0	0	0	0	0	0	0	0	0	0	0	0	0	0	0	0	0	0	0.000648028142936493	0	0	0	0	0	0	0	0	0	0	0	0	0	0	0	0	0	0	0	0	0	0	0	0	0	0	0.579753749305684	0	0	0	0	0	0	0	0	0	0	0	0	0	0	0	0	0	0	0	0	0	0	0	0	0	0	0	0	0	0	0.00532308831697834	0	0	0	0	0	0	0.0184688020736901	0	0	0	0	0	0	0	0	0.000925754489909276	0	0	0	0	0	0	0	0	0	0	0	0	0	0	0	0.000601740418441029	0	0	0	0	0	0	0	0	0	0	0	0	0.000740603591927421	0	0	0	0	0	0	0.000462877244954638	0	0	0	0	0.00675800777633772	0	0	0.00157378263284577	0	0	0	0	0	0	0	0	0	0	0	0	0	0	0	0	0	0	0	0	0.00106461766339567	0	0	0	0	0	0	0	0.00573967783743751	0	0	0	0	0.00481392334752824	0	0	0	0	0	0	0	0	0	0	0	0	0	0	0	0.0210146269209406	0	0	0	0	0	0	0	0	0	0.000925754489909276	0	0	0	0.00157378263284577	0.00152749490835031	0	0	0	0	0	0	0	0	0	0	0	0	0.00199037215330494	0	0	0	0	0.00097204221440474	0	0	0	0.00120348083688206	0	0	0	0	0	0	0	0	0	0	0	0	0	0	0	0	0	0	0	0	0
0	0	0	0	0	0	0	0	0	0	0	0	0	0	0	0	0	0	0	0	0	0	0.0135265700483092	0	0	0	0	0	0	0.0106280193236715	0	0	0	0	0	0	0	0	0	0.00524499654934438	0	0	0	0	0	0	0	0.00966183574879227	0	0	0	0	0.00593512767425811	0	0	0	0	0	0	0	0	0	0	0	0	0	0	0	0	0	0	0	0.00345065562456867	0	0	0	0	0	0	0	0.00345065562456867	0	0	0	0	0	0	0	0	0	0	0	0	0	0	0	0	0	0	0	0	0	0	0	0	0	0	0	0.00165631469979296	0	0	0	0	0	0	0	0	0	0	0	0	0	0	0	0	0	0	0	0	0	0	0	0	0	0	0.178467908902692	0	0	0	0	0	0	0	0	0	0.00110420979986197	0	0	0	0.0144927536231884	0	0	0	0	0	0.00345065562456867	0.00262249827467219	0	0	0.00331262939958592	0	0	0	0	0	0	0	0	0.0044168391994479	0	0	0	0	0	0	0	0	0	0	0	0	0	0	0	0	0	0	0	0.00289855072463768	0	0	0	0	0	0	0	0	0	0	0	0	0	0	0	0	0	0	0	0	0	0	0	0	0.0291235334713596	0	0	0	0	0	0	0	0	0	0	0	0	0	0	0	0.00248447204968944	0	0	0	0	0.00151828847481021	0	0	0	0	0	0	0.00234644582470669	0.00427881297446515	0	0	0	0	0	0.0132505175983437	0.0329882677708765	0	0	0	0	0	0	0	0	0.0509316770186335	0	0	0	0	0	0	0	0	0	0	0	0	0	0	0	0	0	0	0	0	0	0	0	0	0	0	0.00579710144927536	0	0	0	0.00524499654934438	0	0	0	0	0	0.00538302277432712	0	0	0	0	0	0	0	0	0	0	0	0.00138026224982747	0	0.00510697032436163	0	0	0	0	0	0	0	0	0	0	0	0.00510697032436163	0	0	0.0219461697722567	0	0	0	0	0	0	0	0	0	0	0	0	0	0	0	0	0	0	0	0	0	0	0	0	0	0	0	0	0	0	0	0	0.0311939268461008	0	0	0	0	0	0	0	0	0	0	0	0	0.00372670807453416	0	0	0	0	0	0	0	0	0	0	0	0	0	0	0	0.000552104899930987	0	0	0	0	0	0	0	0	0	0	0	0	0	0	0	0	0	0	0	0	0	0	0	0	0	0	0	0	0	0	0	0.00496894409937888	0	0	0.00427881297446515	0	0	0	0	0	0	0.00151828847481021	0	0	0	0	0	0	0	0	0	0	0	0	0	0	0	0	0	0	0	0	0	0	0	0	0	0	0	0	0	0	0	0	0	0	0	0	0	0	0	0	0	0.000966183574879227	0	0.00124223602484472	0	0	0	0	0	0	0	0	0	0	0	0	0.00690131124913734	0	0	0	0	0	0	0	0	0	0	0	0	0	0	0	0.00110420979986197	0	0	0	0	0	0	0.00800552104899931	0	0	0	0	0	0	0.0335403726708075	0.000552104899930987	0	0	0	0	0	0.000966183574879227	0.00703933747412008	0.000276052449965493	0	0	0	0	0	0	0	0	0	0	0	0.064872325741891	0	0	0	0	0	0	0	0	0	0	0.00662525879917184	0	0	0	0	0	0	0	0.00220841959972395	0	0	0	0.0186335403726708	0	0	0.00317460317460317	0	0	0	0	0	0	0	0	0	0	0	0	0	0	0	0.00607315389924086	0	0	0	0	0	0	0	0	0	0	0	0	0	0	0.00082815734989648	0	0	0	0	0	0	0	0	0	0	0	0	0	0	0	0	0	0	0	0	0	0	0.00234644582470669	0	0	0	0.00082815734989648	0	0	0	0	0	0	0	0	0	0	0	0	0	0	0	0	0	0.093719806763285	0	0	0	0	0	0	0	0	0	0	0	0	0	0	0	0	0	0	0	0.00138026224982747	0	0	0	0	0	0	0	0	0.00372670807453416	0	0	0	0	0	0	0	0	0	0	0	0	0.000552104899930987	0	0	0	0	0.0426501035196687	0	0	0	0	0	0	0	0	0	0	0	0	0	0	0	0	0	0	0	0	0	0	0	0	0	0	0.00179434092477571	0	0	0	0.0136645962732919	0	0	0	0	0	0	0.0106280193236715	0	0	0	0	0	0	0	0	0	0	0	0	0	0	0	0	0	0	0	0.0062111801242236	0	0	0	0	0.00276052449965493	0	0	0	0	0	0	0	0	0	0	0	0	0.00317460317460317	0	0	0	0	0	0	0	0	0	0.0369910282953761	0	0	0	0	0	0	0	0	0	0	0	0	0	0	0	0	0	0	0	0	0	0.00331262939958592	0	0	0	0.00841959972394755	0	0	0	0	0.00345065562456867	0	0	0.0171152518978606	0	0	0	0	0.0191856452726018	0	0	0	0	0	0	0	0	0	0	0.00317460317460317	0	0	0	0	0.0536922015182885	0	0	0	0	0	0	0	0	0	0	0	0	0.00082815734989648	0	0	0	0	0	0	0	0	0	0	0	0	0	0	0	0.000552104899930987	0	0	0	0.00248447204968944	0	0	0	0.00483091787439614	0	0	0	0.0020703933747412	0	0	0	0	0	0	0	0	0	0	0	0	0	0	0	0	0
0	0	0	0	0	0.0036195164326046	0	0	0.000144780657304184	0	0	0	0	0	0	0	0	0	0	0	0	0	0	0	0	0	0	0	0	0.0993195309106703	0.0296800347473578	0	0	0	0	0	0	0	0	0	0	0	0	0	0	0	0	0	0	0	0	0	0.00854205878094687	0	0	0	0	0	0	0	0	0	0	0	0	0	0	0	0	0	0	0	0.00159258723034603	0	0	0	0	0	0	0	0.0299695960619661	0	0	0	0	0	0	0	0	0	0	0	0	0	0	0	0	0	0	0	0	0	0	0	0	0	0	0	0	0	0	0	0	0	0	0	0	0	0	0	0	0	0	0	0	0	0	0	0	0	0	0	0	0	0	0.119009700304039	0	0	0	0	0	0	0	0	0	0.00115824525843347	0	0	0	0	0	0	0	0	0	0.0209931953091067	0.00318517446069205	0	0	0.00796293615173013	0	0	0	0	0	0	0.000434341971912552	0	0	0.0120167945562473	0	0	0	0	0	0	0	0	0.00752859417981758	0	0	0	0	0	0.00781815549442594	0	0	0	0	0	0	0	0	0.00434341971912553	0.00941074272477197	0	0	0	0	0	0	0	0	0	0	0	0	0	0	0	0	0	0	0.0136093817865933	0	0	0	0	0	0	0	0	0	0	0	0	0	0	0	0.0027508324887795	0	0	0	0	0	0	0	0	0	0	0	0.00376429708990879	0	0	0	0.00477776169103808	0	0	0.0082524974663385	0.00752859417981758	0	0	0	0	0	0.00260605183147532	0	0	0.0269292022585783	0.00115824525843347	0	0	0.00984508469668452	0	0	0	0	0	0.00130302591573766	0	0.00144780657304184	0	0	0	0	0	0	0	0	0	0	0	0	0	0	0	0	0	0	0	0	0	0	0	0	0	0	0	0	0	0	0	0	0	0	0	0	0	0	0.0215723179383234	0	0	0	0	0	0	0	0	0	0	0.00738381352251339	0.00897640075285942	0	0	0.0172288982191979	0	0	0	0	0	0	0	0	0	0	0	0	0	0	0	0	0	0	0	0	0	0	0	0	0	0	0	0	0	0	0	0	0	0	0	0	0.00231649051686695	0	0	0	0	0	0	0	0	0	0	0	0	0	0	0	0	0	0	0	0	0	0	0	0	0	0	0	0	0.00738381352251339	0	0	0	0	0	0	0	0	0	0	0	0	0	0	0	0	0	0	0	0	0	0	0	0	0	0	0	0	0	0	0	0	0	0	0	0	0	0	0	0	0	0	0	0	0	0	0	0	0	0	0	0	0	0	0	0	0	0	0	0	0	0	0	0	0	0	0	0	0	0	0	0	0	0	0	0	0	0	0	0	0	0	0.00246127117417113	0	0	0	0	0.0091211814101636	0	0	0	0	0	0	0	0	0.00390907774721297	0	0	0	0	0	0	0	0	0	0	0	0	0	0	0	0	0	0	0	0	0	0	0	0	0	0	0	0.00332995511799624	0	0	0	0	0	0	0	0.00463298103373389	0	0	0	0	0	0	0	0	0	0.00173736788765021	0.0130302591573766	0	0.0919357173881569	0	0	0	0	0	0	0	0	0.005501664977559	0	0	0	0	0	0	0	0	0	0	0	0	0	0.00506732300564645	0	0	0	0	0	0	0	0	0	0	0	0	0	0	0	0	0.00130302591573766	0	0	0	0.00941074272477197	0	0	0	0	0	0	0	0.00434341971912553	0	0	0	0	0	0	0	0	0	0	0	0	0	0	0	0	0	0	0	0.00304039380338787	0	0.000868683943825105	0	0	0	0	0	0	0	0	0	0	0	0	0	0	0	0	0	0	0	0	0	0	0	0.00260605183147532	0	0	0	0.0144780657304184	0	0	0	0	0	0	0	0	0	0	0	0	0	0	0	0	0	0	0	0.00260605183147532	0	0	0	0	0	0.00130302591573766	0	0	0.00984508469668452	0	0	0	0	0.00984508469668452	0	0	0	0	0	0	0	0	0	0	0	0	0.000579122629216737	0	0	0	0	0.00405385840451716	0	0	0	0	0	0	0	0	0	0	0	0	0	0	0	0	0	0	0	0	0	0	0	0	0	0.00955552338207616	0.00376429708990879	0	0	0	0	0	0	0	0	0	0	0	0	0	0	0	0	0	0	0	0	0	0	0	0	0	0	0	0	0	0	0.00173736788765021	0	0	0	0	0	0	0	0	0	0	0	0	0.0133198204719849	0	0	0	0	0	0	0.0134646011292891	0	0	0.0894744462139858	0	0.0107137686405096	0	0	0.00419863906182134	0	0	0	0	0	0	0	0	0	0	0	0	0	0	0	0	0	0	0	0	0.00694947155060084	0	0	0	0	0	0	0	0.0102794266685971	0	0	0	0	0.076299406399305	0	0	0	0	0	0	0	0	0	0	0	0	0	0	0	0.0221514405675402	0	0	0	0	0	0	0.000579122629216737	0	0	0	0.000289561314608368	0	0	0	0	0	0	0	0	0	0	0	0	0	0	0	0	0	0.000289561314608368	0	0	0	0.00477776169103808	0	0	0	0.00448820037642971	0	0	0	0.00434341971912553	0.0027508324887795	0	0	0	0	0	0	0	0	0	0	0	0	0	0	0	0
0	0	0	0	0	0	0.00737336014555204	0	0	0.002298190175237	0	0	0	0	0	0	0	0	0	0	0	0	0	0	0	0	0	0	0.00622426505793354	0.00440486450253758	0.00105333716365029	0	0	0	0	0	0	0	0	0	0	0	0	0	0	0	0	0.00536244374221967	0	0	0	0	0	0	0	0	0	0	0.000957579239682084	0.00373455903476013	0	0	0	0	0	0	0	0	0	0	0	0	0.00210667432730058	0	0.000287273771904625	0	0	0	0	0	0	0	0	0	0	0	0	0	0	0	0	0	0	0	0	0	0	0	0	0	0	0	0	0	0	0	0	0	0	0	0	0	0	0	0	0	0	0	0	0	0	0	0.0057454754380925	0	0	0	0	0	0	0	0	0	0	0	0	0.165278176769128	0	0	0	0	0	0	0	0	0	0.00191515847936417	0	0	0	0.0104376137125347	0	0	0	0	0	0.0011490950876185	0.00134061093555492	0	0	0	0	0	0	0	0	0	0.000383031695872833	0.00287273771904625	0	0	0	0	0	0	0	0	0	0	0	0	0	0	0	0	0	0	0	0	0.00153212678349133	0	0	0	0.000670305467777459	0.00220243225126879	0	0	0	0	0	0	0	0	0.000191515847936417	0	0	0	0	0	0	0	0	0	0	0.0165661208465	0	0	0	0	0	0	0	0	0	0	0	0.0034472852628555	0	0	0	0.00440486450253758	0	0	0	0	0	0	0	0	0	0	0	0	0.0011490950876185	0	0	0.00316001149095088	0	0	0.0034472852628555	0.0105333716365029	0	0	0	0	0	0	0	0	0.027099492483003	0	0.00430910657856938	0	0.00383031695872833	0	0	0	0	0	0.000957579239682084	0.00143636885952313	0.00134061093555492	0	0	0	0	0	0.000478789619841042	0	0	0	0	0	0	0	0	0.00172364263142775	0	0	0	0.00296849564301446	0	0	0	0	0	0	0	0	0	0	0	0	0	0	0	0	0	0.00124485301158671	0	0.00842669730920234	0	0	0	0.000957579239682084	0	0	0.00402183280666475	0	0	0	0	0.00756487599348846	0	0	0.018385521401896	0.00287273771904625	0	0	0	0	0.00258546394714163	0	0.0254716077755434	0	0	0	0	0	0	0	0.000287273771904625	0	0	0	0	0	0	0	0	0	0	0.00478789619841042	0	0	0.0132145935076128	0	0	0.0115867088001532	0	0	0	0.000766063391745667	0.00201091640333238	0	0	0	0	0	0	0	0	0.0080436656133295	0	0	0	0	0.00181940055539596	0	0	0	0	0	0	0	0	0	0	0	0	0	0	0	0	0	0	0	0	0	0	0	0	0	0	0	0	0	0	0	0	0.0316001149095088	0	0	0	0.000287273771904625	0	0	0	0	0	0	0	0	0	0	0	0	0	0	0.00239394809920521	0	0	0	0	0	0	0	0	0	0	0	0	0	0	0	0	0	0	0	0	0	0	0	0	0	0	0	0	0	0	0	0	0	0	0	0	0	0	0	0	0	0	0	0.000383031695872833	0	0	0.00143636885952313	0	0	0	0	0	0	0	0	0	0	0	0.00383031695872833	0	0	0	0	0.0011490950876185	0	0	0	0	0	0	0	0	0	0	0	0	0	0	0	0.00766063391745667	0	0	0	0	0	0	0.00727760222158384	0.000861821315713875	0	0.00363880111079192	0	0	0	0.00134061093555492	0.00325576941491908	0	0	0	0	0	0	0.002298190175237	0	0.000957579239682084	0	0.00239394809920521	0	0.0251843340036388	0	0	0	0.00268122187110983	0	0	0	0	0	0	0	0	0	0	0	0	0	0	0.00124485301158671	0	0	0	0.00411759073063296	0.004596380350474	0	0	0	0	0	0	0	0	0	0	0	0	0	0	0	0	0	0.00766063391745667	0.000670305467777459	0.00143636885952313	0	0	0	0	0	0	0	0.00316001149095088	0	0	0.0140764148233266	0	0.00239394809920521	0	0	0	0	0	0	0	0	0	0	0	0	0.00497941204634684	0	0	0	0	0	0	0	0	0	0	0	0	0	0	0	0	0	0	0	0	0.000766063391745667	0	0	0	0.00497941204634684	0	0	0	0	0	0.0011490950876185	0.0658814516901274	0	0	0	0	0	0	0	0	0	0	0	0	0	0	0	0.00105333716365029	0	0	0	0.00622426505793354	0	0	0	0	0	0	0	0	0.00306425356698267	0	0	0	0	0	0	0	0	0	0	0	0	0	0	0	0	0	0.000383031695872833	0	0	0	0	0	0	0	0	0	0	0	0	0.000287273771904625	0	0	0	0	0	0	0	0	0	0	0	0	0	0	0	0	0	0.00727760222158384	0.00134061093555492	0.000957579239682084	0	0	0	0	0.0667432730058412	0	0	0	0	0	0	0	0	0.00153212678349133	0	0	0	0	0	0	0	0	0	0	0	0	0	0	0	0.00210667432730058	0	0	0	0	0	0	0	0	0	0	0	0	0.0108206454084075	0	0	0	0	0	0	0.00134061093555492	0	0	0.00900124485301159	0	0.0251843340036388	0	0	0.00584123336206071	0	0	0	0	0	0	0	0	0	0	0	0	0	0	0	0	0.00277697979507804	0	0	0.00105333716365029	0.00335152733888729	0	0	0.0194388585655463	0	0	0	0	0.0166618787704683	0	0	0	0	0.0520923106387054	0	0	0	0	0.0303552618979221	0	0	0	0	0	0	0	0	0	0	0.0261419132433209	0	0	0	0	0	0	0.000191515847936417	0	0	0.0146509623671359	0	0	0	0	0.011012161256344	0	0	0	0	0	0	0	0	0	0.00268122187110983	0	0	0	0.000287273771904625	0	0	0.00239394809920521	0.00402183280666475	0	0	0	0	0	0	0	0	0.00181940055539596	0	0	0	0	0	0	0	0	0.0237479651441157	0	0	0	0	0	0	0
0	0	0	0	0.000468713381767049	0	0	0	0	0	0	0	0	0	0	0	0	0	0	0	0	0	0	0	0	0	0	0	0	0.0147644715256621	0	0	0	0	0	0	0	0	0	0	0	0	0	0	0	0	0	0.00726505741738927	0	0	0	0	0.00679634403562222	0	0	0	0	0	0	0	0	0	0	0	0	0	0	0.00820248418092337	0	0	0	0	0.00656198734473869	0	0	0	0	0	0	0	0.00984298101710804	0.00328099367236935	0	0	0	0	0	0	0	0	0	0	0	0	0	0	0	0	0	0	0	0	0.00632763065385517	0.0028122802906023	0	0	0	0	0	0	0	0	0	0	0	0	0	0	0	0	0	0	0	0	0	0	0	0	0	0	0	0	0	0	0	0.0789782048277478	0	0	0	0	0	0	0	0	0	0	0	0	0	0.02859151628779	0	0	0	0	0	0.00773377079915632	0	0	0	0	0	0	0	0	0	0	0	0	0.00234356690883525	0	0	0	0	0	0	0	0	0	0	0.0018748535270682	0	0	0	0	0	0	0	0	0.0114834778532927	0	0	0	0	0.00585891727208812	0	0	0	0	0	0	0	0	0	0	0	0.0037497070541364	0	0	0	0	0	0	0	0.0321068666510429	0	0	0	0	0	0	0	0	0.00234356690883525	0	0	0	0	0	0	0	0	0	0	0	0	0	0	0	0	0	0	0	0	0	0	0	0	0	0.0119521912350598	0.0267166627607218	0	0	0	0	0	0	0	0	0.0393719240684322	0	0	0	0.00890555425357394	0	0	0	0	0	0	0	0.00445277712678697	0	0	0	0	0	0	0	0	0	0	0	0	0	0	0.0103116943988751	0	0	0	0	0	0	0	0	0	0	0	0	0	0	0	0	0	0	0	0	0	0.00304663698148582	0	0.114131708460277	0	0	0	0	0	0	0	0	0	0	0	0.0196859620342161	0	0	0.00867119756269042	0	0	0	0	0	0	0.0145301148347785	0	0	0	0	0	0	0	0	0	0	0	0	0	0	0	0	0	0	0	0	0	0	0	0	0	0.0257792359971877	0	0	0	0.000937426763534099	0	0	0	0	0	0	0	0	0.00867119756269042	0	0	0	0	0	0	0	0	0	0	0	0	0	0	0	0.000468713381767049	0	0	0	0.00492149050855402	0	0	0	0	0	0	0	0	0	0	0	0	0	0	0	0	0	0	0	0	0	0	0	0	0	0	0	0	0	0	0	0	0	0	0	0	0	0.00445277712678697	0	0	0	0	0	0	0	0	0	0	0	0	0	0	0	0	0	0	0	0	0	0	0	0	0	0	0	0	0	0	0	0	0	0	0	0	0	0	0	0	0	0	0	0	0	0	0	0	0	0	0	0	0	0	0	0	0	0	0	0	0	0	0	0	0	0	0	0	0	0	0	0	0	0	0	0	0	0	0	0	0	0	0	0	0.00585891727208812	0	0.00515584719943754	0	0	0.00984298101710804	0	0	0	0	0.0356222170142958	0	0	0	0	0	0	0	0	0	0	0	0	0.0124209046168268	0	0	0	0	0	0	0	0	0	0	0.00585891727208812	0	0	0	0	0	0	0	0	0	0	0	0.00960862432622451	0	0	0	0	0	0	0	0	0	0	0	0	0	0	0	0	0	0	0	0	0.0168736817436138	0	0	0	0	0	0	0	0.00843684087180689	0	0	0.0217951722521678	0	0.00234356690883525	0	0	0	0	0	0	0	0	0	0	0	0	0	0	0	0	0	0	0	0	0	0	0	0	0	0	0	0	0	0	0	0	0	0	0	0	0	0	0	0	0	0	0	0	0.120693695805015	0	0	0	0	0	0	0	0	0	0	0	0	0	0	0	0	0	0	0	0.00445277712678697	0	0	0	0	0	0	0	0	0.00632763065385517	0	0	0	0	0	0	0	0	0	0	0	0	0	0	0	0	0	0.000703070072650574	0	0	0	0	0.00164049683618467	0	0	0	0	0	0	0	0	0	0	0	0	0	0	0	0	0	0	0.00515584719943754	0	0	0	0	0	0	0.00656198734473869	0	0	0	0	0	0	0.0107804077806421	0	0	0	0	0	0	0	0	0.00328099367236935	0	0	0	0	0	0	0	0	0	0	0	0	0	0	0	0.00304663698148582	0	0	0	0	0	0	0	0	0	0	0	0	0	0	0	0	0	0	0	0.000937426763534099	0	0	0	0	0	0	0	0	0	0	0	0	0	0	0	0	0	0	0	0	0	0	0	0	0	0	0	0	0.00796812749003984	0	0	0	0	0	0	0	0.0157018982891962	0	0	0	0	0.0372627138504804	0	0	0	0	0	0	0	0	0	0	0	0	0	0	0	0.0740567143191938	0	0	0	0	0	0	0.000937426763534099	0	0	0	0	0	0	0	0	0	0	0	0	0	0	0	0	0	0	0	0	0.0028122802906023	0	0	0	0	0.00257792359971877	0	0	0	0.0028122802906023	0	0	0	0.0028122802906023	0.00726505741738927	0	0	0	0	0	0	0	0	0	0	0	0	0	0	0	0
0	0	0	0	0	0	0	0	0	0	0	0	0	0	0	0	0	0	0	0	0	0	0	0	0	0	0.00543355218474077	0	0	0.00860312429250623	0	0	0	0	0	0	0	0	0	0	0	0	0	0	0	0	0	0	0	0	0	0	0.0153950645234322	0	0	0	0	0	0	0	0	0	0	0	0	0	0	0	0	0	0	0	0.00679194023092597	0	0	0	0	0	0	0	0.00543355218474077	0.010640706361784	0	0	0	0	0	0	0	0	0	0	0	0	0	0	0	0	0	0	0	0	0	0	0	0	0	0	0	0	0	0	0	0	0	0	0	0	0	0	0	0	0	0	0	0	0	0	0	0	0	0	0	0	0	0.0504867557165497	0	0	0	0	0	0	0	0	0	0	0	0	0	0.0303373330314693	0	0	0	0	0.00135838804618519	0	0	0	0	0	0	0	0	0	0	0	0	0	0	0	0	0	0	0	0	0	0	0	0	0	0	0	0	0	0	0	0.00203758206927779	0	0.0550147158705003	0	0	0	0	0.00384876613085805	0	0	0	0	0	0	0	0	0	0	0	0	0	0.000452796015395065	0	0	0.00249037808467285	0	0	0.0249037808467285	0	0	0	0	0	0	0	0	0.00543355218474077	0	0	0	0	0	0	0.00498075616934571	0	0	0	0	0	0	0	0	0	0	0	0.00339597011546298	0	0	0	0	0	0	0.00565995019243831	0.0244509848313335	0	0	0	0	0	0	0	0	0.0409780393932533	0	0	0	0	0	0	0	0	0	0	0	0.00316957210776545	0	0	0	0	0	0	0	0	0	0	0	0	0	0	0	0	0	0	0	0	0	0	0	0	0	0	0	0	0	0	0	0	0	0	0	0	0.00181118406158026	0	0.0253565768621236	0	0	0	0	0	0	0	0	0	0	0	0	0	0	0.0172062485850125	0	0	0	0	0	0	0.0108671043694815	0	0	0	0	0	0	0	0	0	0	0	0.000452796015395065	0	0	0	0	0	0	0	0	0	0	0	0	0	0.0282997509621915	0	0	0	0.00158478605388273	0	0	0	0	0	0	0	0	0.00973511433099389	0	0	0	0	0	0	0	0	0	0	0	0	0	0	0	0	0	0	0	0.0310165270545619	0	0	0	0	0	0.00611274620783337	0	0	0	0	0	0	0	0	0	0	0	0	0.00362236812316052	0	0	0	0	0	0	0	0	0	0	0	0	0	0	0	0	0	0	0.00362236812316052	0	0	0	0	0	0	0	0	0	0	0	0	0	0	0	0	0	0	0	0	0	0.00430156214625311	0	0	0	0	0	0	0	0	0.00973511433099389	0	0	0	0	0	0	0	0	0	0	0	0	0	0.00181118406158026	0	0	0	0	0	0	0	0	0	0	0	0	0	0.00407516413855558	0	0	0	0	0	0	0	0	0	0	0	0	0	0.0670138102784695	0	0	0	0	0	0	0	0	0	0	0	0.00226398007697532	0	0.0104143083540865	0	0	0	0	0	0	0	0.0203758206927779	0	0	0	0	0	0	0	0	0	0	0	0	0.0407516413855558	0	0	0	0	0	0	0	0	0	0	0	0	0	0	0	0	0	0	0	0	0	0	0.00520715417704324	0	0	0	0	0	0	0.00203758206927779	0	0	0	0	0	0	0	0	0	0	0	0	0	0.00181118406158026	0	0	0	0	0	0	0	0	0	0.0070183382386235	0.00837672628480869	0	0	0	0	0	0	0	0	0	0	0	0	0	0	0	0	0	0	0.00135838804618519	0	0	0	0	0	0	0	0	0	0	0	0	0	0	0	0	0	0	0	0	0.00905592030790129	0	0	0	0	0	0	0.120443740095087	0	0	0	0	0	0	0	0	0	0	0	0	0	0	0	0	0	0	0.00430156214625311	0.0185646366311976	0	0	0	0	0	0	0	0	0	0	0	0	0	0	0	0	0	0	0	0	0	0	0	0	0	0	0.000905592030790129	0	0	0	0.0104143083540865	0	0	0	0	0	0	0	0	0	0	0	0	0	0	0	0	0	0	0	0	0	0	0	0	0	0	0.0185646366311976	0.00203758206927779	0	0	0	0	0	0.00452796015395064	0	0	0	0	0	0	0	0	0	0	0	0.00316957210776545	0	0	0	0	0	0.000452796015395065	0	0	0	0	0	0	0	0	0	0	0	0	0	0	0	0	0	0	0	0	0	0	0	0	0	0	0	0	0	0.00543355218474077	0	0.0160742585465248	0	0	0	0	0	0	0	0	0	0	0	0	0	0	0	0	0	0	0	0	0	0	0	0.010187910346389	0	0	0	0	0	0	0	0.0160742585465248	0	0	0	0	0.0513923477473398	0	0	0	0	0	0	0	0	0	0	0	0	0	0	0	0.0606746660629386	0	0	0	0	0	0.000452796015395065	0	0	0	0	0	0	0.00113199003848766	0	0	0	0	0	0	0	0	0	0	0	0	0	0	0	0	0	0	0	0.00384876613085805	0	0	0	0	0	0	0	0.00203758206927779	0.00271677609237039	0	0	0	0	0	0	0	0	0	0	0	0	0	0	0	0
0	0.0035575131289175	0	0	0	0	0	0	0	0	0	0	0	0	0	0	0	0	0	0	0	0	0	0	0	0	0	0	0	0.00525156699983059	0.00813145858038286	0	0	0	0	0	0	0	0	0	0	0	0	0	0	0	0	0	0	0	0	0	0.0105031339996612	0	0	0	0	0	0	0	0	0	0	0	0	0	0	0	0	0	0	0	0.00575978316110452	0	0	0	0	0	0	0	0	0.00237167541927833	0	0	0	0	0	0	0	0	0	0	0	0	0	0	0	0	0	0	0	0	0	0	0	0	0	0	0	0	0	0	0	0	0	0	0	0	0	0	0.0111807555480264	0	0	0	0	0	0	0	0	0	0	0	0	0	0	0.147721497543622	0	0	0	0	0	0	0	0	0	0	0	0	0	0.0198204302896832	0	0	0	0	0	0	0.00338810774182619	0	0	0.00338810774182619	0	0	0	0	0	0	0.00169405387091309	0	0	0.00474335083855667	0	0	0	0	0	0	0	0	0	0	0	0	0	0	0	0	0	0	0	0	0	0	0	0	0	0	0	0.00169405387091309	0	0	0	0	0	0	0	0	0	0	0	0	0	0	0	0.0338810774182619	0	0	0	0	0	0	0	0	0	0	0	0	0	0	0	0.00152464848382179	0	0	0	0	0.00237167541927833	0	0	0	0.000847026935456547	0	0	0	0	0	0	0	0	0	0	0.0167711333220396	0	0	0	0	0	0	0	0	0.0657292901914281	0	0	0	0	0.00321870235473488	0	0	0	0	0	0	0.00237167541927833	0	0.0138912417414874	0	0	0	0	0	0	0	0	0	0	0	0	0	0	0	0	0	0	0.00169405387091309	0	0	0	0	0	0	0	0	0	0	0	0	0	0	0	0	0	0.0767406403523632	0	0	0	0	0	0	0	0	0	0	0	0.00745383703201762	0	0	0.0189734033542267	0	0	0	0	0	0	0	0	0	0	0	0	0	0	0	0	0	0	0	0	0	0	0	0	0	0	0	0	0	0	0	0	0.0171099440962223	0	0	0.00118583770963917	0	0.00135524309673048	0	0	0	0	0	0	0	0	0.00338810774182619	0	0	0	0	0	0	0.0035575131289175	0	0	0	0	0	0	0	0	0	0	0	0	0	0	0	0	0	0	0	0.000847026935456547	0	0	0	0	0	0	0	0	0	0	0.00237167541927833	0	0	0	0	0	0	0	0	0	0	0	0	0	0	0	0	0	0	0.0018634592580044	0	0	0	0	0	0	0	0	0	0	0	0	0	0	0	0	0	0	0	0	0	0.00389632390310012	0	0	0	0	0	0	0	0	0	0	0	0	0	0	0	0	0	0	0	0	0	0	0	0	0	0	0	0	0	0	0	0	0	0	0	0	0.00271048619346095	0	0	0	0	0	0	0	0	0	0	0	0	0	0.0531932915466712	0	0	0	0	0	0	0	0	0	0	0	0	0	0.00474335083855667	0	0	0.00609859393528714	0	0	0	0.00152464848382179	0.00931729629002202	0	0	0	0	0.00118583770963917	0	0	0	0	0	0	0	0.0530238861595799	0	0	0	0	0	0	0	0	0	0	0	0	0	0	0	0	0.00135524309673048	0	0	0	0	0.0035575131289175	0	0	0	0	0	0	0	0	0	0	0	0	0	0	0	0	0	0.000508216161273928	0	0	0	0	0	0	0	0	0	0	0	0.00491275622564798	0	0.00762324241910893	0	0	0	0	0	0	0	0	0	0	0	0	0	0	0	0	0	0	0	0	0	0	0	0	0	0	0	0	0	0	0	0	0	0	0	0	0	0	0	0	0.00847026935456547	0	0	0.00101643232254786	0	0	0.00101643232254786	0.0557343723530408	0	0	0	0	0	0	0	0	0	0	0	0	0	0	0	0	0	0	0	0.00389632390310012	0	0	0	0	0	0	0	0	0	0	0	0	0	0	0	0	0	0	0	0	0	0	0	0	0	0	0	0	0	0	0	0	0	0	0	0	0	0	0	0	0	0	0	0	0	0	0	0	0	0	0	0	0	0	0	0	0	0.0128748094189395	0	0	0	0	0	0	0.00525156699983059	0	0	0	0	0	0	0	0	0	0.00220227003218702	0	0	0	0	0	0	0	0	0	0	0	0	0	0	0.00271048619346095	0	0	0	0	0	0	0	0	0	0	0	0	0.0157547009994918	0	0	0	0	0	0	0.00779264780620024	0	0	0	0	0.0111807555480264	0	0	0.00440454006437405	0	0	0	0	0	0	0	0	0	0	0	0	0	0	0	0	0	0.00321870235473488	0	0	0.00474335083855667	0	0	0	0	0	0	0	0.0196510249025919	0	0	0	0	0.119430797899373	0	0	0	0	0	0	0	0	0	0	0	0	0	0	0	0.037777401321362	0	0	0	0	0	0	0.000677621548365238	0	0	0	0	0	0.000338810774182619	0	0	0	0	0	0	0	0	0	0	0	0	0	0	0	0.00152464848382179	0	0	0	0.00304929696764357	0	0	0.00559037777401321	0	0	0.00914789090293071	0	0	0	0	0	0	0	0	0	0	0	0	0	0	0	0	0	0	0.00254108080636964
0	0	0	0	0	0.00311720698254364	0	0	0.00103906899418121	0	0	0	0	0	0	0	0	0	0	0	0	0	0	0	0	0	0	0	0	0.0392768079800499	0	0	0	0	0	0	0	0.0105985037406484	0	0.00644222776392352	0	0	0	0	0	0	0	0.0118453865336658	0	0	0	0.00124688279301746	0.0112219451371571	0	0	0	0	0	0.00477971737323358	0	0	0	0	0	0	0	0	0.00665004156275977	0	0	0	0	0.00374064837905237	0	0	0	0	0	0	0	0	0	0	0	0	0	0	0	0	0	0	0	0	0	0	0	0	0	0	0	0	0	0	0	0	0	0	0	0	0	0	0	0	0	0	0	0	0	0	0	0	0	0	0	0	0	0	0	0	0	0	0	0	0	0	0.126558603491272	0	0	0	0	0	0	0	0	0	0	0	0	0	0.0723192019950125	0	0	0	0	0	0.00311720698254364	0.0029093931837074	0	0	0	0	0	0	0	0	0	0	0	0	0	0.00166251039068994	0	0	0	0	0.00374064837905237	0	0	0	0	0	0	0	0	0	0	0	0	0.00207813798836243	0.00332502078137988	0	0	0	0.00623441396508728	0	0	0	0	0	0	0	0	0	0	0	0	0	0	0	0	0.00311720698254364	0	0	0.0199501246882793	0	0	0	0	0	0	0	0	0	0	0	0	0	0	0	0.0043640897755611	0	0	0	0	0	0	0	0	0	0	0	0.0029093931837074	0	0	0	0	0	0	0.0141313383208645	0.0253532834580216	0	0	0	0	0	0.00477971737323358	0	0	0.0245220282626766	0	0	0	0	0	0	0	0	0	0	0	0	0	0.0189110556940981	0	0	0	0	0	0	0	0	0	0	0	0	0.00311720698254364	0	0.022236076475478	0	0	0	0	0	0	0	0	0	0	0	0	0	0	0	0	0	0	0	0	0	0.0122610141313383	0	0	0	0	0	0	0	0	0	0	0	0	0	0	0.0168329177057357	0	0	0	0	0	0	0.0118453865336658	0	0	0	0	0	0	0	0	0	0	0	0	0	0	0	0	0	0	0	0	0	0	0	0	0	0.0241064006650042	0	0	0	0	0.00187032418952618	0	0	0	0	0	0	0	0	0	0	0	0	0	0	0	0	0	0	0	0	0	0	0	0.00124688279301746	0	0	0	0	0	0	0	0	0	0	0	0	0	0	0	0	0	0	0	0	0	0	0.00228595178719867	0	0	0	0	0	0	0	0	0	0	0	0	0	0	0	0	0	0	0.0394846217788861	0	0	0	0	0	0	0	0	0	0	0	0	0	0	0	0	0	0	0	0	0	0	0	0	0	0	0	0	0	0	0	0	0	0	0	0	0	0	0	0	0	0	0	0	0	0	0	0	0	0	0	0	0	0	0	0	0.00477971737323358	0	0	0	0	0.000415627597672485	0	0	0	0	0	0	0	0	0	0	0	0	0	0	0	0	0	0	0	0	0	0	0	0	0.00207813798836243	0	0	0	0	0	0	0	0.00831255195344971	0	0	0	0.00394846217788861	0	0	0.00394846217788861	0	0	0	0	0	0	0	0	0	0	0	0	0	0	0	0	0.0058187863674148	0	0	0	0	0	0	0	0.0014546965918537	0	0	0	0.00665004156275977	0	0	0	0	0	0	0	0	0	0.000207813798836243	0	0	0	0	0	0	0.00124688279301746	0.00311720698254364	0.00644222776392352	0	0	0	0	0	0	0	0	0	0.00602660016625104	0	0	0.0116375727348296	0	0.000831255195344971	0	0	0	0	0	0	0	0	0	0	0	0	0	0	0	0	0	0	0	0	0	0	0	0	0	0	0	0	0	0	0	0	0	0	0	0	0	0.00872817955112219	0	0	0.00374064837905237	0	0	0	0.0737738985868662	0	0	0	0	0	0	0	0	0	0	0	0.0014546965918537	0	0	0	0.00852036575228595	0	0	0.00353283458021613	0.0112219451371571	0	0	0	0	0	0	0	0	0	0	0	0	0	0.00685785536159601	0	0	0	0	0	0	0	0.00207813798836243	0	0	0	0	0.00831255195344971	0	0	0	0	0	0	0	0	0	0	0	0	0.00103906899418121	0	0	0	0	0	0	0.000415627597672485	0	0	0	0	0	0	0	0	0	0	0.0122610141313383	0.00207813798836243	0	0	0.00332502078137988	0	0	0.00228595178719867	0	0	0	0	0	0	0	0	0.00166251039068994	0	0	0	0	0	0	0	0	0	0	0	0	0	0	0	0	0	0	0	0	0	0	0	0	0	0	0	0	0	0	0	0	0	0	0	0	0	0	0.00561097256857855	0	0.0257689110556941	0	0	0.00270157938487116	0	0	0	0	0	0	0	0	0	0	0	0	0	0	0	0	0	0	0	0	0.0135078969243558	0	0	0	0	0.0149625935162095	0	0	0.0193266832917706	0	0	0	0	0.0621363258520366	0	0	0	0	0	0	0	0	0	0	0	0	0	0	0	0.0434330839567747	0	0	0	0	0	0	0.000415627597672485	0	0	0	0	0	0.00249376558603491	0	0.00685785536159601	0	0	0	0	0	0	0	0	0	0	0	0	0	0.000831255195344971	0	0	0	0.0029093931837074	0	0	0	0	0	0	0	0.00561097256857855	0	0	0	0	0	0	0	0	0	0	0	0	0	0	0	0	0
0	0	0	0	0	0	0	0	0.00153009180550833	0	0	0	0	0	0	0	0	0	0	0	0	0	0	0	0	0	0	0	0.00153009180550833	0.00595035702142129	0.00255015300918055	0	0	0	0	0	0	0.00306018361101666	0	0	0	0	0	0	0	0	0	0.00748044882692962	0	0	0	0	0.0064603876232574	0	0	0	0	0.00799047942876573	0	0	0	0	0	0	0	0	0	0	0	0	0	0	0.0113906834410065	0	0	0	0	0	0	0	0	0	0	0	0	0	0	0	0	0	0	0	0	0	0	0	0	0	0	0	0	0	0	0	0	0	0	0	0	0	0	0	0	0	0	0	0	0	0	0	0	0	0	0	0	0	0	0	0	0	0	0	0	0	0	0.0358721523291397	0	0	0	0	0	0	0	0	0	0.00102006120367222	0	0	0	0.0129207752465148	0	0	0	0	0	0	0	0	0	0	0	0	0	0	0	0	0	0	0	0.00782046922815369	0	0	0	0	0	0	0	0	0	0	0	0	0	0	0	0	0	0	0	0	0	0	0	0.00476028561713703	0	0	0	0	0.00748044882692962	0	0	0	0	0	0	0	0	0	0	0	0	0	0	0.0683441006460388	0	0	0	0	0	0	0	0	0	0	0	0	0	0	0	0.00221013260795648	0	0	0	0	0	0	0	0	0	0	0	0	0	0	0	0.0051003060183611	0	0	0.0144508670520231	0.0329819789187351	0	0	0	0	0	0	0	0	0.0856851411084665	0	0	0	0.00918055083304998	0.00119007140428426	0	0	0	0	0	0	0	0	0	0	0	0	0	0	0	0	0	0	0	0	0	0.00680040802448147	0	0	0	0	0	0	0	0	0	0	0	0	0	0	0	0	0	0	0	0	0	0	0	0	0	0	0	0	0	0	0	0	0	0	0	0	0	0	0.0290717443046583	0	0	0	0	0	0	0.0146208772526352	0	0	0	0	0	0	0	0	0	0	0	0	0	0	0	0	0	0	0	0	0	0	0	0	0	0.0204012240734444	0	0	0	0.0032301938116287	0	0	0	0	0	0	0	0	0	0.00136008160489629	0	0	0	0	0	0	0	0	0	0	0	0	0	0	0	0	0	0	0	0	0	0	0	0	0	0	0	0	0	0	0	0	0	0	0	0	0	0.00374022441346481	0	0	0	0	0	0	0	0	0	0	0	0	0	0	0	0	0	0	0.00289017341040462	0	0	0	0	0	0	0	0	0	0	0	0	0	0	0	0	0	0	0	0	0	0	0	0	0	0	0	0	0	0	0	0	0	0	0	0	0	0	0	0	0.00408024481468888	0.00255015300918055	0	0	0	0	0	0	0	0	0	0	0	0	0	0	0.00680040802448147	0	0.00527031621897314	0	0	0	0	0	0	0	0	0	0	0	0	0	0.00289017341040462	0	0	0	0	0	0	0	0	0	0	0	0.00408024481468888	0	0.0146208772526352	0	0	0	0	0	0	0	0.0192111526691601	0	0	0	0	0	0	0	0	0	0	0	0	0.0457327439646379	0	0	0	0	0	0	0	0	0	0	0	0	0	0	0	0	0	0	0	0	0	0	0.0119007140428426	0	0	0	0	0	0	0	0	0	0	0	0	0	0	0	0	0.00051003060183611	0.0018701122067324	0.0051003060183611	0	0.00051003060183611	0	0	0	0	0	0	0	0.00289017341040462	0	0	0	0	0	0	0	0	0	0	0	0	0	0	0	0	0	0.00289017341040462	0	0	0	0	0	0	0	0	0	0	0	0	0	0	0	0	0	0	0	0	0	0	0	0	0	0	0	0	0	0	0	0.160659639578375	0	0	0	0	0	0	0	0	0	0	0	0	0	0	0	0	0	0	0.00459027541652499	0	0	0	0	0	0	0	0	0	0	0	0	0	0	0.00374022441346481	0	0.000340020401224073	0	0	0	0	0	0	0	0	0	0	0	0	0	0	0	0	0	0	0	0	0	0	0	0	0	0	0	0	0	0	0	0	0	0	0	0	0	0	0	0	0	0.00612036722203332	0.00374022441346481	0	0	0	0	0	0.00357021421285277	0	0	0	0	0	0	0	0	0.00170010200612037	0	0	0	0	0	0	0	0.00119007140428426	0	0	0	0	0	0	0	0.00272016320979259	0	0	0	0	0	0	0	0	0	0	0	0	0.0132607956477389	0	0.00119007140428426	0	0	0	0	0	0	0	0.0487929275756545	0	0	0	0	0	0	0	0	0	0	0	0	0	0	0	0	0	0	0	0	0	0	0	0	0	0.00612036722203332	0	0	0	0	0	0	0	0.0202312138728324	0	0	0	0	0.0698741924515471	0	0	0	0	0.00459027541652499	0	0	0	0	0	0	0	0	0	0	0.0838150289017341	0	0	0	0	0	0	0	0	0	0	0	0	0	0	0	0	0	0	0	0	0	0	0	0	0	0	0	0	0.00051003060183611	0	0	0	0.00476028561713703	0	0	0	0	0	0	0	0.00102006120367222	0.00561033662019721	0	0	0	0	0	0	0	0	0	0	0	0	0	0	0	0.0018701122067324
0	0	0	0	0	0	0	0	0	0	0	0	0	0	0	0	0	0	0	0	0	0	0.0101262311000139	0	0	0	0	0	0	0.0203911776945485	0.00901650714384797	0	0	0	0	0	0	0	0	0	0	0	0	0	0	0	0	0	0	0	0	0	0.0127618254959079	0	0	0.0011097239561659	0	0	0.00305174087945624	0	0	0	0	0	0	0	0	0	0	0	0	0	0.00374531835205993	0	0	0	0	0	0	0	0.0011097239561659	0	0	0	0	0	0	0	0	0	0	0	0	0	0	0	0	0	0	0	0	0	0.00194201692329033	0	0	0	0.00124843945068664	0	0	0	0	0	0	0	0	0	0	0	0.0011097239561659	0	0.00235816340685255	0	0	0	0	0	0	0	0	0	0	0	0	0	0	0.0195588847274241	0	0	0	0	0	0	0	0	0	0.00138715494520738	0	0	0	0.037037037037037	0	0	0	0	0.000832292967124428	0	0.00152587043972812	0	0	0	0	0	0	0	0	0	0.0029130253849355	0	0.00194201692329033	0.0119295325287835	0	0	0	0	0	0	0	0	0.00721320571507837	0	0	0	0	0	0	0	0	0	0.00319045637397697	0	0	0	0	0.00707449022055764	0	0	0	0	0	0	0	0	0	0	0	0	0	0	0	0	0	0	0	0.0323207102233319	0	0	0	0	0	0.0011097239561659	0	0.0187265917602996	0.00638091274795395	0	0	0	0	0	0	0.00319045637397697	0	0	0	0	0	0	0	0	0	0	0	0	0	0	0	0	0	0	0.00610348175891247	0.0152587043972812	0	0	0	0	0	0.0144264114301567	0	0	0.0639478429740602	0	0	0	0	0	0	0	0	0	0	0	0.00194201692329033	0	0.0192814537383826	0	0	0	0	0	0	0	0	0	0	0	0	0.00846164516576502	0	0	0	0	0	0	0	0	0	0.00707449022055764	0	0	0.00166458593424886	0	0	0	0	0	0	0	0	0.00194201692329033	0	0.0278818143986683	0	0	0	0	0	0	0	0	0	0	0	0.0158135663753641	0	0	0.0446663892356776	0	0	0	0	0	0	0	0	0	0	0	0	0	0	0	0	0	0	0	0	0	0	0	0	0	0	0	0	0	0	0	0	0.0173394368150922	0	0	0	0.0011097239561659	0.000554861978082952	0	0	0	0	0	0	0	0	0	0	0	0.00332917186849771	0	0	0	0	0	0	0	0	0	0	0	0	0	0	0	0	0	0	0	0	0	0	0	0	0	0	0	0	0	0	0	0	0	0	0	0	0	0	0	0	0	0	0	0.00138715494520738	0	0	0	0	0	0	0.0196976002219448	0	0	0.00180330142876959	0	0	0	0	0	0	0	0	0	0	0.000554861978082952	0	0	0	0	0	0	0	0	0	0	0.00624219725343321	0	0	0	0	0	0	0	0	0	0.00069357747260369	0	0	0	0	0	0	0	0	0	0.00194201692329033	0	0	0	0	0	0	0	0	0	0	0	0	0	0	0	0	0.00235816340685255	0	0	0	0	0	0	0	0	0	0	0	0	0	0.00263559439589402	0	0	0	0	0	0	0	0	0	0	0	0	0	0.00374531835205993	0	0	0	0	0	0	0	0.0208073241781107	0	0	0	0.00166458593424886	0	0	0	0	0.00180330142876959	0.00319045637397697	0	0	0.0409210708836177	0.00124843945068664	0	0	0	0	0	0	0	0	0	0	0	0	0	0	0	0	0	0	0	0	0	0	0	0	0	0	0	0	0	0	0	0	0	0	0	0	0	0	0.00152587043972812	0.00124843945068664	0	0	0	0	0	0	0	0	0	0	0.00263559439589402	0	0	0	0	0	0	0	0	0	0	0	0	0	0	0	0	0	0.00346788736301845	0	0	0	0.000554861978082952	0	0	0	0	0	0	0	0	0	0	0	0	0	0	0	0	0	0	0	0	0	0	0	0.00180330142876959	0	0	0	0.144541545290609	0	0	0	0	0	0	0	0	0	0	0	0	0	0	0	0	0	0	0.0166458593424886	0.00221944791233181	0	0	0	0	0	0	0	0	0.00929393813288944	0	0	0	0	0.00638091274795395	0	0	0	0	0	0	0	0.00124843945068664	0	0	0	0	0	0	0	0	0	0	0	0	0	0	0	0	0	0	0	0	0	0	0	0	0	0	0	0	0	0	0	0.00138715494520738	0.000277430989041476	0	0	0.0123456790123457	0.0029130253849355	0.0098488001109724	0	0	0	0	0.0129005409904286	0	0	0	0	0	0	0	0	0	0	0	0	0	0	0	0	0.000832292967124428	0	0	0	0	0	0	0.0098488001109724	0.00430018033014288	0	0	0	0	0	0	0	0	0	0	0	0	0.00263559439589402	0	0	0	0	0	0	0	0	0.00069357747260369	0.00166458593424886	0	0.014287695935636	0	0	0.00374531835205993	0	0	0	0	0	0	0	0	0	0	0	0	0	0	0	0	0.00568733527535026	0	0	0	0.0115133860452213	0	0.00166458593424886	0	0	0	0	0	0.0284366763767513	0	0	0	0	0.0493827160493827	0	0	0	0	0	0	0	0	0	0	0	0	0	0	0	0.040227493411014	0	0	0	0	0	0	0	0	0	0	0	0	0	0	0	0	0	0	0	0	0	0	0	0	0	0	0	0	0	0	0	0.00069357747260369	0.00249687890137328	0	0	0	0	0	0	0	0.00235816340685255	0	0	0	0	0	0	0	0	0	0.00180330142876959	0.00069357747260369	0	0	0	0	0	0
0	0.00344488188976378	0	0	0	0	0	0	0	0	0	0	0	0	0	0	0	0	0	0	0	0	0	0	0	0	0	0	0	0.0561023622047244	0.00590551181102362	0	0	0	0	0	0	0	0	0	0	0	0	0	0	0	0	0	0	0	0	0	0.00738188976377953	0	0	0	0	0	0	0	0	0	0	0	0	0	0	0	0	0	0	0	0.00639763779527559	0	0	0	0	0	0	0	0.0184547244094488	0	0	0	0	0	0	0	0	0	0	0	0	0	0	0	0	0	0	0	0	0	0.0046751968503937	0	0	0	0	0	0	0	0	0	0	0	0	0	0	0	0	0	0	0	0	0	0	0	0	0	0	0	0	0	0	0	0	0.0196850393700787	0	0	0	0	0	0	0	0	0	0	0	0	0	0.0201771653543307	0	0	0	0	0	0	0	0	0	0	0	0	0	0	0	0	0.00295275590551181	0	0	0.00861220472440945	0	0	0	0	0	0	0	0	0	0	0	0	0	0	0	0.00246062992125984	0	0	0.00762795275590551	0	0	0	0	0.00738188976377953	0	0	0	0	0	0	0	0	0	0	0	0	0	0	0	0	0	0	0	0.0167322834645669	0	0	0	0	0	0	0	0	0.0110728346456693	0	0	0	0	0	0	0.00492125984251968	0	0	0.0177165354330709	0	0	0	0	0	0	0	0	0	0	0	0	0	0	0	0.0255905511811024	0.0324803149606299	0	0	0	0	0	0	0	0	0.0497047244094488	0	0	0	0	0	0	0	0	0	0	0	0	0	0	0	0	0	0	0	0	0	0	0	0	0	0	0	0	0	0	0	0	0	0	0	0	0	0	0	0	0	0	0	0.000492125984251968	0	0	0	0	0	0	0.015009842519685	0	0	0	0	0	0	0	0	0	0	0	0.00516732283464567	0	0	0.0216535433070866	0	0	0	0	0	0	0.0802165354330709	0	0	0	0	0	0	0	0	0	0	0	0	0	0	0	0	0	0	0	0	0	0	0	0	0	0.0285433070866142	0	0	0	0	0	0	0	0	0	0	0	0	0.00664370078740158	0	0	0	0	0	0	0	0	0	0	0	0	0	0	0	0.0031988188976378	0	0	0	0.0187007874015748	0	0	0	0	0	0	0	0	0	0	0	0	0	0	0	0	0	0	0	0	0	0	0	0	0	0	0	0	0	0	0	0	0	0	0	0	0	0.00393700787401575	0	0	0	0	0	0	0	0	0	0	0.00221456692913386	0	0	0	0	0	0.0241141732283465	0	0	0	0	0	0	0	0	0	0	0	0	0	0	0	0	0	0	0	0	0	0	0	0.00246062992125984	0	0	0	0	0	0	0	0	0	0	0	0	0	0	0	0	0	0	0	0	0	0	0	0	0	0	0	0	0	0	0	0	0	0	0	0	0	0	0	0	0	0	0	0	0	0.00639763779527559	0	0	0.00639763779527559	0	0	0	0	0.0118110236220472	0	0	0	0	0	0	0	0	0	0	0	0	0.0553641732283465	0	0	0	0	0	0	0	0	0	0	0	0	0	0	0	0	0	0	0	0	0	0	0.0100885826771654	0	0	0	0	0.00270669291338583	0	0	0	0	0	0	0	0	0	0	0	0.00123031496062992	0	0	0	0	0	0	0	0	0	0	0	0	0	0	0.00836614173228347	0	0.00812007874015748	0	0	0	0	0	0	0	0	0	0	0	0	0.00442913385826772	0	0	0	0	0	0	0	0	0	0	0	0	0	0	0	0	0	0	0	0	0	0	0	0	0.00516732283464567	0	0	0	0	0	0	0.0720964566929134	0	0	0	0	0	0	0	0	0	0	0	0.00246062992125984	0	0	0	0	0	0	0	0.00246062992125984	0	0	0	0	0	0	0	0	0	0	0	0	0	0	0	0	0	0	0	0	0	0	0	0	0	0	0	0	0	0	0	0	0	0	0	0	0	0	0	0	0	0	0	0	0	0	0	0	0	0	0.00344488188976378	0	0	0	0	0	0	0.0216535433070866	0	0	0	0	0	0	0	0	0	0	0	0	0	0	0	0.00418307086614173	0	0	0	0	0	0	0	0.00762795275590551	0	0	0	0	0	0	0	0	0	0	0	0	0	0	0	0	0	0	0	0	0.00688976377952756	0	0	0	0	0	0	0.00442913385826772	0	0	0	0	0	0	0	0.00172244094488189	0	0	0	0	0	0	0	0	0	0	0	0	0	0	0	0	0	0	0	0	0.0078740157480315	0	0	0	0	0	0	0	0.0295275590551181	0	0	0	0	0.0917814960629921	0	0	0	0	0.00516732283464567	0	0	0	0	0	0	0	0	0	0	0.0676673228346457	0	0	0	0	0	0	0	0	0	0	0	0	0	0	0	0	0	0	0	0	0	0	0	0	0	0	0	0	0.000738188976377953	0	0	0	0.00393700787401575	0	0	0	0	0	0	0	0.00442913385826772	0	0	0	0	0	0	0	0	0	0	0	0	0	0	0	0	0
0	0	0	0	0	0	0	0	0	0	0	0	0	0	0	0	0	0	0	0	0	0	0.0047635850388144	0	0	0	0	0	0	0.00529287226534933	0	0	0	0	0	0	0	0	0	0	0	0	0	0	0	0	0	0	0	0	0	0	0.00458715596330275	0	0	0	0	0	0	0	0	0	0	0	0	0	0	0.00758645024700071	0	0	0	0	0.00652787579393084	0	0	0	0	0	0	0	0.00141143260409315	0	0	0	0	0	0	0	0	0	0	0	0	0	0	0	0	0	0	0	0	0	0.00599858856739591	0	0	0	0.00176429075511644	0	0	0	0	0	0	0	0	0	0.000882145377558222	0	0	0	0	0	0	0	0	0	0	0	0	0	0	0	0	0	0	0.00247000705716302	0	0	0	0	0	0	0	0	0	0	0	0	0	0.026287932251235	0	0	0	0	0	0	0	0	0	0	0	0	0	0	0	0	0	0	0	0	0	0	0	0	0	0	0	0	0.00776287932251235	0	0	0	0	0	0.00741002117148906	0	0	0	0.00599858856739591	0	0	0	0	0.00335215243472124	0	0	0	0	0	0	0	0	0	0	0	0	0	0	0	0	0	0	0	0.0419901199717714	0	0	0	0	0	0	0	0	0	0	0	0	0	0	0	0.00370501058574453	0	0	0	0	0	0	0	0	0	0	0	0.00299929428369795	0	0	0	0	0	0	0.0218772053634439	0.0335215243472124	0	0	0	0	0	0	0	0	0.0483415666901905	0	0	0	0	0	0	0	0	0	0	0	0	0	0.00582215949188426	0	0	0	0	0	0	0	0	0	0	0	0	0.00741002117148906	0	0	0	0	0	0	0	0	0	0	0	0	0	0	0	0	0	0	0	0	0	0	0	0	0	0	0	0	0	0	0	0	0	0	0	0.0109386026817219	0	0	0.0109386026817219	0	0	0	0	0	0	0	0	0	0	0	0	0	0	0	0	0	0	0	0	0	0	0	0.00299929428369795	0	0	0	0	0	0.0726887791107975	0	0	0.0179957657021877	0	0	0	0	0	0	0	0	0	0	0	0	0	0	0	0	0	0	0	0	0	0.0545165843330981	0	0	0	0	0	0	0.000352858151023289	0	0	0	0.0356386732533522	0	0	0	0	0	0	0	0	0	0	0	0	0	0	0	0	0	0	0	0	0	0	0	0	0	0	0	0	0	0	0	0	0	0	0	0	0	0.00282286520818631	0	0	0	0	0	0	0	0	0	0	0	0	0	0	0	0	0	0	0	0	0	0	0	0	0	0	0	0	0	0	0	0	0	0	0	0	0	0	0	0	0	0	0	0	0	0	0	0	0	0	0	0	0	0	0	0	0	0	0.00599858856739591	0	0	0	0	0	0	0	0	0	0	0	0	0	0	0	0	0	0	0	0	0.00141143260409315	0	0	0	0	0	0	0.00352858151023289	0	0	0	0	0	0	0	0.0358151023288638	0	0	0	0	0	0	0	0	0	0	0.0102328863796754	0	0.0234650670430487	0	0	0	0	0	0	0	0	0	0	0	0	0	0	0	0	0	0	0.00123500352858151	0	0	0	0.0112914608327452	0	0	0	0	0	0	0	0	0	0	0	0	0	0	0	0	0.000705716302046577	0	0	0	0.000529287226534933	0	0	0	0	0	0	0	0	0	0	0	0	0	0	0	0	0	0	0	0	0	0	0	0	0	0.00229357798165138	0	0	0	0	0	0	0	0	0	0	0	0	0	0	0	0	0	0	0	0	0	0	0	0	0	0	0	0	0	0	0	0.174664784756528	0	0	0	0	0	0	0	0	0	0	0	0	0	0	0	0	0	0	0.0063514467184192	0	0	0	0	0	0	0	0	0	0	0	0	0	0	0.00441072688779111	0	0	0	0	0	0	0	0	0	0	0	0	0	0	0	0	0	0	0	0	0	0	0	0	0	0	0	0	0	0	0	0	0	0	0	0	0.00229357798165138	0	0	0	0	0	0	0.0257586450247001	0	0.00229357798165138	0	0	0	0	0.00123500352858151	0	0	0	0	0	0	0	0	0	0	0	0	0	0	0	0	0.00229357798165138	0	0	0	0	0	0	0	0.00211714890613973	0	0	0	0	0	0	0	0	0	0	0	0	0.00494001411432604	0	0	0	0	0	0	0.00247000705716302	0	0	0	0	0.0225829216654905	0	0	0	0	0	0	0	0	0	0	0	0	0	0	0	0	0	0	0	0	0	0	0	0.00546930134086097	0	0	0	0	0	0	0	0.0199364855328158	0	0	0	0	0.0561044460127029	0	0	0	0	0	0	0	0	0	0	0	0	0	0	0	0.100741002117149	0	0	0	0	0	0	0.000529287226534933	0	0	0	0	0	0	0	0	0	0	0	0	0	0	0	0.0015878616796048	0	0	0	0	0	0	0	0	0	0.000705716302046577	0	0	0	0	0	0	0	0	0	0	0	0	0	0.000352858151023289	0	0	0	0	0	0	0	0	0	0	0
0	0	0	0	0	0	0	0	0.00140845070422535	0	0	0	0	0	0	0	0	0	0	0	0	0	0	0	0	0	0	0	0	0.0598591549295775	0.0415492957746479	0	0	0	0	0	0	0.0028169014084507	0	0	0	0	0	0	0	0	0.000352112676056338	0.00404929577464789	0	0	0	0	0.034330985915493	0	0	0	0	0	0	0	0	0	0	0	0	0	0	0.00686619718309859	0	0	0	0	0	0	0	0	0	0	0	0	0	0.0022887323943662	0	0	0	0	0	0.000176056338028169	0	0	0	0	0	0	0	0	0	0.0022887323943662	0	0	0	0	0	0	0	0	0	0	0.00598591549295775	0	0	0	0	0	0	0	0	0	0	0	0	0	0	0	0	0	0	0	0	0	0	0	0	0	0	0.060387323943662	0	0	0	0	0	0	0	0	0	0.00193661971830986	0	0	0	0.00950704225352113	0	0	0	0	0.0123239436619718	0.00264084507042254	0.00211267605633803	0	0	0	0	0	0	0	0	0	0	0	0.00387323943661972	0.0109154929577465	0.00211267605633803	0	0	0	0.000704225352112676	0	0	0	0.00809859154929577	0	0	0	0	0	0	0.00475352112676056	0	0	0.00176056338028169	0	0	0	0	0	0	0	0	0	0	0	0	0	0	0	0	0	0	0	0	0	0	0	0	0.00985915492957747	0	0	0	0	0	0	0	0	0	0	0	0	0	0	0	0.00264084507042254	0	0	0	0	0	0	0	0	0	0	0	0.00598591549295775	0	0	0	0	0	0	0.0133802816901408	0.0232394366197183	0	0	0	0	0	0	0	0	0.0311619718309859	0	0	0	0	0.00176056338028169	0	0	0	0	0	0	0	0	0.00669014084507042	0	0	0.0128521126760563	0	0	0	0	0	0	0	0	0	0	0	0	0	0.00193661971830986	0	0	0	0	0	0	0	0	0	0	0	0	0	0	0	0	0	0	0	0.0119718309859155	0	0	0	0	0	0	0	0	0	0	0	0	0	0	0.0154929577464789	0	0	0	0	0	0	0.0186619718309859	0	0	0	0	0	0	0	0	0	0	0	0	0	0	0	0	0	0	0	0	0	0	0	0	0.000880281690140845	0.00845070422535211	0	0	0	0	0	0	0.000704225352112676	0	0	0	0	0	0	0.00176056338028169	0	0	0	0	0	0	0	0.00580985915492958	0	0	0	0	0	0	0.00211267605633803	0	0	0	0.00880281690140845	0	0	0	0	0	0	0	0	0	0	0	0	0	0.00105633802816901	0	0	0	0	0	0	0	0	0	0	0	0	0	0.0096830985915493	0	0	0	0	0	0	0.010387323943662	0	0	0.00352112676056338	0	0	0	0	0	0	0	0	0	0	0	0	0	0	0	0	0.00686619718309859	0	0	0	0	0.00580985915492958	0	0	0	0	0	0	0	0	0	0	0	0	0	0	0	0	0.000528169014084507	0	0	0	0	0	0	0	0	0	0	0	0	0	0	0	0	0	0	0	0.0112676056338028	0	0	0	0	0	0	0	0	0	0	0	0	0	0	0	0	0	0	0	0	0	0	0	0	0	0	0	0.0306338028169014	0	0	0	0	0	0	0	0.0339788732394366	0	0	0	0	0	0	0	0	0	0	0.0389084507042253	0	0.108098591549296	0	0	0	0	0	0	0	0	0	0	0	0	0	0	0	0	0	0	0	0	0	0	0	0	0	0	0	0	0	0	0	0	0	0	0	0	0	0	0	0.000880281690140845	0	0.00704225352112676	0	0	0	0	0	0	0	0	0	0	0	0	0.00316901408450704	0	0	0	0	0	0	0	0	0	0	0	0	0	0	0.00528169014084507	0	0.00264084507042254	0	0	0	0	0	0	0	0	0	0	0.0028169014084507	0	0	0	0	0	0	0	0	0	0	0	0	0	0	0	0	0	0	0.00897887323943662	0	0	0	0	0	0	0	0	0	0	0	0	0	0	0	0	0	0	0	0.00598591549295775	0	0	0	0	0	0	0	0	0	0	0	0	0	0.00528169014084507	0	0	0	0	0	0	0	0	0	0	0	0	0.00545774647887324	0	0	0	0	0.0183098591549296	0	0.00492957746478873	0	0	0	0	0	0	0	0	0	0	0	0	0	0	0	0	0	0	0	0	0	0	0	0.0028169014084507	0.00616197183098592	0	0	0	0	0	0.00475352112676056	0	0	0	0	0	0	0	0	0.00352112676056338	0	0	0	0	0	0	0	0	0	0	0	0	0	0	0	0	0	0	0	0	0	0	0	0	0	0	0	0	0.00475352112676056	0.000352112676056338	0.00334507042253521	0	0	0	0	0	0	0	0	0	0	0	0	0.00387323943661972	0	0	0	0	0	0	0	0	0	0	0	0	0	0	0	0	0.00457746478873239	0	0	0	0.00563380281690141	0	0	0	0	0	0	0	0.0073943661971831	0	0	0	0	0.100528169014085	0	0	0	0	0.00897887323943662	0	0	0	0	0	0	0	0	0	0	0.0230633802816901	0	0	0	0	0	0	0.000704225352112676	0	0	0	0	0	0	0	0.0022887323943662	0	0	0	0	0	0	0	0	0	0	0	0	0	0	0	0	0	0.00440140845070423	0	0.0100352112676056	0	0.00193661971830986	0	0	0	0.00211267605633803	0	0	0	0	0	0	0	0	0	0	0	0	0	0	0	0	0
0	0	0	0	0	0	0	0	0.000459506031016657	0	0	0	0	0	0	0	0	0	0	0	0	0	0	0	0	0	0.0125215393452039	0	0	0.00539919586444572	0.00838598506605399	0	0	0	0	0	0	0	0	0.00356117174037909	0	0	0	0	0	0	0	0.0144744399770247	0	0	0	0	0.014014933946008	0	0	0	0	0	0	0	0	0	0	0	0	0	0	0.00884549109707065	0	0	0	0	0.00516944284893739	0	0	0	0	0	0	0	0	0	0	0	0	0	0	0	0	0	0	0	0	0	0	0	0	0	0	0	0	0	0	0	0	0	0	0	0.00172314761631246	0	0	0	0	0	0	0	0	0	0	0	0.00758184951177484	0	0.00206777713957496	0	0	0	0	0	0	0	0	0	0	0	0	0.048937392303274	0	0	0	0	0	0	0	0	0	0.000229753015508329	0	0	0	0.0367604824813326	0	0	0	0	0.0016082711085583	0.00103388856978748	0.00562894887995405	0	0	0	0	0	0	0	0	0	0.00241240666283745	0	0	0	0	0	0	0	0	0	0	0	0	0	0	0	0	0	0.00792647903503733	0	0	0	0.00252728317059161	0	0	0	0	0.0032165422171166	0	0	0	0.00436530729465824	0	0	0	0	0	0	0	0	0	0	0	0	0	0	0	0.0315910396323952	0	0	0	0	0	0	0	0	0.00241240666283745	0	0	0	0	0	0	0.00344629523262493	0	0	0	0	0	0	0	0	0	0	0	0	0	0	0	0	0	0	0.0184951177484204	0.0420448018380241	0	0	0	0	0	0	0	0	0.0474439977024698	0	0	0	0	0	0	0	0	0	0.00114876507754164	0	0	0	0.0189546237794371	0	0	0	0	0	0	0	0	0	0	0	0	0.00516944284893739	0	0	0	0	0	0	0	0	0	0	0	0	0	0	0	0	0	0	0	0	0	0	0	0	0	0	0	0	0	0	0	0	0	0.000229753015508329	0	0.00516944284893739	0	0	0.0306720275703619	0	0	0	0	0	0	0	0	0	0	0	0	0	0	0	0	0	0	0	0	0	0	0	0	0	0	0.00103388856978748	0	0	0	0	0	0.0334290637564618	0	0	0	0.00080413555427915	0	0	0	0	0	0	0	0	0.00792647903503733	0	0	0	0	0	0	0	0	0	0	0	0	0	0	0	0.00114876507754164	0	0	0	0	0	0	0	0	0	0	0	0	0	0	0	0	0	0	0	0	0	0	0	0	0	0	0	0	0	0	0	0	0	0	0	0	0.00195290063182079	0	0.00597357840321654	0	0	0.00505456634118323	0	0	0	0	0	0	0	0	0	0	0	0	0	0	0	0.000229753015508329	0	0	0	0	0	0	0	0	0	0	0	0	0	0	0.00137851809304997	0	0	0	0	0	0	0	0	0	0	0.00183802412406663	0	0	0	0	0	0	0	0	0	0	0	0	0	0	0.00631820792647904	0	0.00758184951177484	0	0	0	0	0	0	0	0	0	0	0	0	0	0	0	0	0	0	0	0	0.0150488225157955	0	0	0	0	0	0	0.00310166570936244	0	0	0	0	0	0	0	0.00379092475588742	0	0	0	0	0	0	0	0	0	0.00195290063182079	0.00861573808156232	0	0.0376794945433659	0	0	0	0	0	0	0	0	0	0	0	0	0	0	0	0	0	0	0.00172314761631246	0	0	0	0.00666283744974153	0	0	0	0	0	0	0	0	0	0	0	0	0	0	0	0	0.000344629523262493	0	0.00769672601952901	0	0	0	0	0	0	0	0	0	0	0	0	0.0531878230901781	0	0	0	0	0	0	0	0	0	0	0	0	0	0	0.00712234348075818	0	0	0	0	0	0	0	0	0	0	0	0	0	0	0	0	0	0	0	0	0	0	0	0	0	0	0	0.00310166570936244	0	0	0	0.0925904652498564	0	0	0	0	0	0	0	0	0.00539919586444572	0	0	0	0	0	0	0	0	0	0.016082711085583	0.00356117174037909	0	0	0	0	0	0	0	0	0.0032165422171166	0	0	0	0	0	0	0	0	0	0	0	0	0	0	0	0	0	0.00126364158529581	0	0	0	0	0	0	0.00298678920160827	0	0	0	0	0	0	0	0	0	0	0	0	0	0	0	0	0.00229753015508329	0	0	0	0	0	0	0.0195290063182079	0	0	0	0	0	0	0.0155083285468122	0	0	0	0	0	0	0	0	0.00195290063182079	0	0	0	0	0	0	0	0	0	0	0	0	0	0	0	0.00206777713957496	0	0	0	0	0	0	0	0	0	0	0.00114876507754164	0	0.00390580126364159	0	0	0	0	0	0	0	0	0	0.00850086157380816	0	0	0	0	0.00310166570936244	0	0	0	0	0	0	0	0	0	0	0	0	0	0.00080413555427915	0	0	0.00241240666283745	0	0	0	0.00758184951177484	0	0	0	0	0	0	0	0.0209075244112579	0	0	0	0	0.0781160252728317	0	0	0	0	0.00654796094198736	0	0	0	0	0	0	0	0	0	0	0.0624928202182654	0	0	0	0	0	0	0	0	0	0	0	0	0	0	0	0	0	0	0	0	0	0	0	0	0	0	0	0	0	0	0	0	0.00172314761631246	0	0	0	0	0	0.00344629523262493	0	0.00252728317059161	0	0	0	0	0	0	0	0	0	0	0	0	0	0	0	0	0
0	0	0	0	0	0	0	0	0.00242424242424242	0	0.000346320346320346	0	0	0	0	0	0	0	0	0	0	0	0	0	0	0	0	0	0	0.0656277056277056	0.0907359307359307	0	0	0	0	0	0	0.00242424242424242	0	0	0	0	0	0	0	0	0	0	0	0	0	0	0.0330735930735931	0	0	0	0	0	0	0	0	0	0	0	0	0	0	0	0	0	0	0	0	0	0	0	0	0	0	0	0	0.000692640692640693	0	0	0	0.000346320346320346	0	0.000173160173160173	0	0	0	0	0	0	0	0	0	0	0	0	0	0	0	0	0	0	0	0	0	0	0	0	0	0	0	0	0	0.000346320346320346	0	0	0	0	0	0	0	0	0	0	0	0	0	0	0	0	0	0.0290909090909091	0	0	0	0	0	0	0	0	0	0.00363636363636364	0	0	0	0.00692640692640693	0	0	0	0	0.0070995670995671	0.00415584415584416	0	0	0	0	0	0	0	0	0	0	0	0	0.0025974025974026	0.0124675324675325	0	0	0	0	0	0	0	0	0.00917748917748918	0	0	0	0	0	0	0.0025974025974026	0	0	0.00173160173160173	0	0	0	0	0	0	0	0	0	0	0	0	0	0	0	0	0	0	0	0	0	0	0	0	0.00848484848484849	0	0	0	0	0	0	0	0	0.00848484848484849	0	0	0	0	0	0	0.00155844155844156	0	0	0.00779220779220779	0	0	0	0	0	0	0	0.000346320346320346	0.00692640692640693	0	0	0	0	0	0	0.0152380952380952	0.0226839826839827	0	0	0	0	0	0	0	0	0.0377489177489177	0	0	0	0	0.00103896103896104	0	0	0	0	0	0	0	0	0	0	0	0.0141991341991342	0	0	0	0	0	0	0	0	0	0	0	0	0	0	0	0	0	0	0	0	0	0	0	0	0	0	0	0	0	0	0	0	0	0.00883116883116883	0	0	0	0	0	0	0	0	0	0	0	0	0	0	0.020952380952381	0	0	0	0	0	0	0.0200865800865801	0	0	0	0	0	0	0	0	0	0	0	0	0	0	0	0	0	0	0	0	0	0	0	0	0	0.0166233766233766	0	0	0.000692640692640693	0	0	0	0	0	0	0	0	0	0	0	0	0	0	0	0	0	0.00121212121212121	0.00519480519480519	0	0	0	0	0	0	0.00103896103896104	0	0	0	0.00588744588744589	0	0	0	0	0	0	0	0	0	0	0	0	0	0	0	0	0	0	0	0	0	0	0	0	0	0	0	0	0	0	0	0	0	0	0.0107359307359307	0	0	0.00571428571428571	0	0	0	0	0	0	0	0	0	0	0	0	0	0	0	0	0.00796536796536797	0	0	0	0	0.0025974025974026	0	0	0	0	0	0	0	0	0	0	0	0	0	0	0	0	0	0	0	0	0	0	0	0	0	0	0	0.0103896103896104	0	0	0	0	0	0	0	0	0.0102164502164502	0	0	0	0	0	0	0	0	0	0	0	0	0	0	0.000692640692640693	0	0	0	0	0	0	0	0	0	0	0	0	0.0221645021645022	0	0	0	0	0	0	0	0.0448484848484848	0	0	0	0	0	0	0	0	0	0	0.0348051948051948	0	0.114805194805195	0	0	0	0	0	0	0	0	0	0	0	0	0	0	0	0	0	0	0	0	0	0.00346320346320346	0	0	0	0	0	0	0	0	0	0	0	0	0	0	0	0	0	0.000865800865800866	0	0.00571428571428571	0	0	0	0	0	0	0	0	0	0	0	0	0.00207792207792208	0	0	0	0	0	0	0	0	0	0	0.000692640692640693	0	0	0	0.00744588744588745	0	0	0	0.00103896103896104	0	0	0	0	0	0	0	0	0.0019047619047619	0	0	0	0	0	0	0	0	0	0	0	0	0	0	0	0	0	0	0.0136796536796537	0	0	0	0	0	0	0	0	0	0	0	0	0	0	0	0	0	0	0	0	0	0	0	0	0	0	0	0	0	0	0	0	0	0.00415584415584416	0	0	0	0	0	0	0	0	0	0	0	0	0.00138528138528139	0	0	0	0	0.014025974025974	0	0.00415584415584416	0	0	0	0	0	0	0	0	0	0	0	0	0	0	0	0	0	0	0	0	0	0	0	0.00363636363636364	0.00484848484848485	0	0	0	0	0	0.00225108225108225	0	0	0	0	0	0	0	0	0.00346320346320346	0	0	0	0	0	0	0	0	0	0	0	0	0	0	0	0.00363636363636364	0	0	0	0	0	0	0	0	0	0	0	0	0.00311688311688312	0	0.00277056277056277	0	0	0	0	0	0	0	0	0	0	0	0	0.00294372294372294	0	0	0	0	0	0	0	0	0	0	0	0	0	0	0	0	0.00658008658008658	0	0	0	0.00554112554112554	0	0	0	0	0	0	0	0.00606060606060606	0	0	0	0	0.103376623376623	0	0	0	0	0	0	0	0	0	0	0	0	0	0	0	0.0249350649350649	0	0	0	0	0	0	0.000865800865800866	0	0	0	0	0	0	0	0.00277056277056277	0	0	0	0	0	0	0	0	0	0	0.0025974025974026	0	0	0	0	0	0	0.00398268398268398	0	0.0103896103896104	0	0	0	0	0	0	0	0	0	0	0	0	0	0	0	0	0	0	0	0	0	0	0
0	0.00122561536104586	0	0	0	0	0	0	0.000102134613420488	0	0	0	0	0	0	0	0	0	0	0	0	0	0	0	0	0	0	0	0.00326830762945562	0.00459605760392197	0.00786436523337759	0	0	0	0	0	0	0	0	0	0	0	0	0	0	0	0	0	0	0	0	0	0.0094985190481054	0	0	0	0	0	0.00459605760392197	0	0	0	0	0	0	0	0	0	0	0	0	0	0	0	0	0	0.000408538453681953	0	0	0	0	0	0	0	0	0	0	0	0	0	0	0	0	0	0	0	0	0	0	0	0	0	0.00316617301603513	0.00122561536104586	0	0	0	0	0	0	0	0	0	0	0	0.000204269226840976	0	0	0	0	0.00418751915024002	0	0	0	0	0	0	0.00214482688183025	0	0	0	0	0	0	0	0.314268205494842	0	0	0	0.00163415381472781	0	0	0	0	0	0	0	0	0	0.0190991727096313	0	0	0	0	0.0034725768562966	0.00224696149525074	0	0	0	0.00388111530997855	0	0	0	0	0	0	0.00275763456235318	0	0.021754672658564	0.00633234603207027	0	0	0	0	0	0	0	0	0	0	0	0	0	0	0.00388111530997855	0	0	0	0.00224696149525074	0	0	0	0	0	0	0	0	0	0	0	0	0	0	0	0	0	0	0	0	0	0	0	0	0.0197119803901542	0	0	0	0	0	0	0	0	0	0	0	0	0	0	0	0.00214482688183025	0	0	0	0	0	0	0	0	0	0	0	0	0	0	0	0.00541313451128587	0	0	0.00898784598100296	0.013175365131243	0	0	0	0	0	0	0	0	0.0244101726074967	0	0	0	0.000919211520784394	0	0	0	0	0	0	0	0	0	0.00459605760392197	0	0	0	0	0	0	0	0	0	0	0	0	0.00306403840261465	0	0	0	0	0	0	0	0	0	0	0	0	0	0	0.000408538453681953	0	0	0	0	0	0	0	0	0.0138903074251864	0	0	0	0	0	0	0	0	0	0	0	0.0113369420896742	0	0	0.0109284036359922	0	0	0	0	0	0	0	0	0	0	0	0	0	0	0	0	0	0	0	0	0	0	0	0	0	0	0	0.00326830762945562	0	0	0	0	0.0108262690225717	0	0	0	0.00398324992339904	0	0	0	0	0	0	0	0	0.00326830762945562	0	0	0	0	0	0.00285976917577367	0	0	0	0	0	0	0	0	0	0	0	0	0	0.0114390767030947	0	0	0	0	0	0	0	0.000612807680522929	0	0	0	0	0	0	0	0	0	0	0	0	0	0	0	0	0	0	0	0	0	0	0	0	0	0	0	0	0	0.00163415381472781	0	0	0.00194055765498928	0	0	0	0	0	0	0	0	0	0	0	0	0	0	0	0	0	0	0	0	0	0	0	0	0	0	0	0	0	0	0	0	0	0	0	0	0	0	0	0	0	0.00367684608313758	0	0	0	0	0	0	0	0	0	0	0	0	0	0.025533653355122	0	0	0	0	0	0	0	0	0	0	0	0	0	0.0404453069145133	0	0	0	0	0.000204269226840976	0	0.00122561536104586	0	0	0	0	0	0	0.000919211520784394	0.000612807680522929	0	0.00745582677969564	0	0.00551526912470636	0	0.000817076907363906	0.00582167296496783	0	0	0	0	0	0	0	0	0	0	0.00786436523337759	0	0.0379940761924216	0	0	0	0	0	0	0	0	0	0	0	0	0	0	0	0	0	0	0	0	0	0	0	0	0	0	0	0	0	0	0	0	0.000102134613420488	0	0	0	0	0	0	0.00112348074762537	0.0052088652844449	0	0	0.00684301909917271	0	0	0	0	0	0	0	0	0	0.00285976917577367	0	0	0	0	0	0	0	0	0	0	0	0	0	0	0	0	0	0	0	0	0	0	0	0	0	0	0	0	0	0	0	0	0	0	0	0	0	0	0	0	0.00418751915024002	0	0	0	0	0	0	0.0617914411193954	0	0	0	0	0	0	0	0	0.00500459605760392	0	0	0	0	0	0	0	0	0	0	0.00153201920130732	0	0	0	0	0	0	0	0	0	0	0	0	0	0.00183842304156879	0	0.000306403840261465	0	0	0	0	0	0.000510673067102441	0	0	0	0	0.00112348074762537	0	0	0	0	0	0	0	0	0	0	0	0	0	0	0	0	0	0	0	0	0	0	0	0	0	0	0	0	0	0	0.00796649984679808	0.000919211520784394	0	0	0	0	0	0.00714942293943417	0	0	0	0	0	0	0	0	0.00142988458788683	0	0	0	0	0	0	0	0	0	0	0	0	0	0.0034725768562966	0	0.00122561536104586	0	0	0	0	0	0	0	0	0	0	0	0	0	0	0	0	0	0	0	0	0	0	0	0	0.013175365131243	0	0	0	0	0	0	0	0	0	0	0	0	0	0	0	0	0	0	0	0	0	0	0	0.00745582677969564	0	0	0	0	0	0	0	0.0157287304667552	0	0	0	0	0.0781329792666735	0	0	0	0	0	0	0	0	0	0	0	0	0	0	0	0.0192013073230518	0	0	0	0	0	0	0	0	0	0	0	0	0.000204269226840976	0	0	0	0	0	0	0	0	0	0	0	0	0	0	0	0	0	0	0	0	0	0	0	0.0017362884281483	0.0025533653355122	0.0110305382494127	0	0.00183842304156879	0.0122561536104586	0	0	0	0	0	0	0	0	0	0.00112348074762537	0	0	0	0	0	0
0	0.0105421686746988	0	0	0	0	0.00383351588170865	0	0	0	0	0	0	0	0	0	0	0	0	0	0	0	0	0	0	0	0	0	0.00835158817086528	0.00889923329682366	0.0450438116100767	0	0	0	0	0	0	0	0	0	0	0	0	0	0	0	0	0.00438116100766703	0	0	0	0	0.00479189485213582	0	0	0	0	0	0	0	0	0	0	0	0	0	0	0	0	0	0	0	0	0	0.000410733844468784	0	0	0	0	0	0.0104052573932092	0.00807776560788609	0	0	0	0	0	0.00301204819277108	0	0	0	0	0	0	0	0	0.00205366922234392	0	0	0	0	0	0.00588718510405257	0.00533953997809419	0	0	0	0	0	0	0.00150602409638554	0	0	0	0	0	0	0	0	0	0.0142387732749179	0	0	0.000273822562979189	0	0	0	0	0	0	0	0	0	0	0	0.184693318729463	0	0	0	0	0	0	0	0	0	0	0	0	0	0.0230010952902519	0	0	0	0.0316265060240964	0	0.0110898138006572	0	0	0	0.00314895947426068	0	0	0	0	0	0	0.000273822562979189	0	0.00123220153340635	0	0	0	0	0	0	0.00109529025191676	0	0	0	0	0	0	0	0	0.00424424972617744	0.00177984665936473	0	0	0	0.0157447973713034	0	0	0	0	0	0	0	0	0.00314895947426068	0	0	0	0	0	0.00301204819277108	0	0	0	0	0	0	0	0	0.00397042716319825	0	0	0	0	0	0	0	0	0.00602409638554217	0	0	0	0	0	0	0	0	0	0	0	0.0078039430449069	0	0	0	0	0.00342278203723987	0	0	0	0	0.000547645125958379	0.00684556407447974	0	0	0.00383351588170865	0.0079408543263965	0	0	0	0	0	0.00355969331872946	0	0	0.00766703176341731	0	0	0	0.00629791894852136	0.00219058050383352	0	0	0	0	0	0	0	0	0.0109529025191676	0	0	0	0	0	0	0	0	0	0	0	0	0.00150602409638554	0	0	0	0.00438116100766703	0	0	0	0	0	0	0	0	0	0	0.000547645125958379	0	0	0	0	0	0	0.00191675794085433	0	0.00492880613362541	0	0	0	0	0	0	0	0	0	0	0	0.00410733844468784	0	0	0.00383351588170865	0	0	0	0	0	0	0	0	0	0	0	0	0	0.000410733844468784	0	0	0	0	0	0	0	0	0	0	0	0	0	0	0	0	0	0	0	0	0	0	0.00301204819277108	0.00123220153340635	0	0	0	0	0	0	0	0	0.00876232201533406	0	0	0	0	0	0	0	0	0	0	0	0	0	0	0	0	0	0	0.0197152245345016	0	0	0	0	0	0	0	0	0	0	0	0	0	0	0	0	0	0	0.015197152245345	0	0	0	0	0	0	0	0	0	0	0	0	0	0	0	0.0272453450164294	0	0	0.00273822562979189	0	0	0	0	0	0	0	0	0	0	0	0	0	0	0	0	0	0	0	0	0	0	0	0	0	0	0	0	0	0	0	0.00219058050383352	0	0	0	0	0	0	0	0	0	0	0	0.00177984665936473	0	0	0	0	0	0	0	0	0	0	0	0	0	0	0.00451807228915663	0	0	0	0	0	0	0	0	0	0	0	0	0	0	0	0	0	0	0.000136911281489595	0	0.00506571741511501	0	0.000958378970427163	0	0	0	0	0.0127327491785323	0	0	0	0	0	0	0	0	0	0	0	0.00314895947426068	0	0	0	0	0	0	0	0	0	0	0	0	0	0	0	0.0172508214676889	0	0	0	0	0	0	0	0	0	0	0	0.00314895947426068	0	0	0	0	0	0	0	0	0	0	0	0	0	0	0	0.000273822562979189	0	0	0	0	0	0	0.0143756845564074	0	0	0	0	0	0	0	0	0	0	0	0.00821467688937568	0.00177984665936473	0	0.0052026286966046	0	0	0	0	0	0	0	0	0	0	0	0	0.00383351588170865	0	0	0	0	0	0	0	0	0	0	0	0	0	0	0.00123220153340635	0	0	0	0	0	0.00232749178532311	0.00246440306681271	0	0	0	0	0	0	0	0	0.000821467688937568	0.0079408543263965	0	0	0	0	0	0	0	0	0	0	0	0	0	0	0	0	0	0	0	0.0292990142387733	0	0	0	0	0	0	0	0	0	0	0	0	0	0.000684556407447974	0	0	0	0	0	0	0	0	0	0	0	0	0	0	0	0	0	0.00301204819277108	0	0.00561336254107338	0	0	0	0	0	0	0	0	0	0	0	0	0	0	0	0	0	0	0	0	0	0	0	0.00424424972617744	0	0	0	0	0	0	0.0551752464403067	0	0	0	0	0	0	0	0	0.00328587075575027	0	0	0	0	0	0	0	0	0	0	0.00191675794085433	0	0	0	0	0	0	0	0	0	0	0	0	0	0	0	0	0	0.00807776560788609	0	0	0	0.000410733844468784	0	0	0	0	0	0.0146495071193866	0	0.00835158817086528	0	0	0.00492880613362541	0	0	0	0	0	0	0	0	0	0	0	0	0	0	0	0	0	0	0	0	0.00698247535596933	0	0	0.00342278203723987	0	0.0331325301204819	0	0	0.0079408543263965	0.00123220153340635	0	0	0	0.0432639649507119	0	0	0	0	0.0154709748083242	0	0	0	0	0	0	0	0	0	0	0.0116374589266156	0	0	0	0	0	0	0	0	0	0.00451807228915663	0	0	0.00369660460021906	0	0.00492880613362541	0	0	0	0	0	0	0	0	0	0.00369660460021906	0	0	0	0	0	0	0.00438116100766703	0.00616100766703176	0	0	0	0.00355969331872946	0	0.00835158817086528	0	0	0	0	0	0	0	0	0	0	0	0.00588718510405257	0.000958378970427163	0	0	0	0	0	0
0	0	0	0	0	0	0	0	0.00322176481116878	0	0	0	0	0	0	0	0	0	0	0	0	0	0	0	0	0	0.00787542509396814	0	0	0.0195095758009665	0	0	0	0	0	0	0	0	0	0	0	0	0	0	0	0	0	0	0	0	0	0	0.0084123858958296	0.0143189547163057	0	0	0	0	0	0	0	0	0	0	0	0	0	0	0	0	0	0	0.00483264721675318	0	0	0	0	0	0	0	0.00286379094326114	0.00483264721675318	0	0	0	0	0	0	0	0	0	0	0	0	0	0	0	0	0	0	0	0	0	0	0	0	0	0	0	0	0	0	0	0	0	0	0	0	0	0	0	0	0	0	0	0	0	0	0	0	0	0	0	0	0	0.0572758188652228	0	0	0	0	0	0	0	0	0	0.000715947735815286	0	0	0	0.0259531054233041	0	0	0	0	0	0.00447467334884553	0	0	0	0	0	0	0	0	0	0	0.00322176481116878	0	0	0	0	0	0	0	0	0	0	0	0	0	0	0	0	0	0	0	0	0	0.00286379094326114	0	0	0	0	0.00161088240558439	0	0	0	0	0	0	0	0	0.000357973867907643	0	0	0.00214784320744586	0	0	0	0	0.00125290853767675	0	0	0.0395561124037945	0	0	0	0	0	0	0	0	0	0	0	0	0	0	0	0.00375872561303025	0	0	0	0	0	0	0	0	0	0	0	0.00196885627349204	0	0	0	0	0	0	0.00698049042419903	0.0207624843386433	0	0	0	0	0	0	0	0	0.0685519957043136	0	0	0	0	0	0	0	0	0	0	0	0	0	0.0109182029711831	0	0	0	0	0	0	0	0	0	0	0	0	0.00733846429210668	0	0	0	0	0	0	0	0	0	0.00805441202792196	0	0	0	0	0	0	0	0	0	0	0	0	0	0.0315017003758726	0	0	0	0	0	0	0	0	0	0	0	0.00787542509396814	0	0	0.0402720601396098	0	0	0	0	0	0	0	0	0	0	0	0	0	0	0	0	0	0	0	0	0	0.00340075174512261	0	0	0	0	0	0	0	0.0544120279219617	0	0	0.0336495435833184	0	0	0	0.00125290853767675	0.00375872561303025	0	0	0	0	0	0	0	0	0	0	0	0	0	0	0	0	0.00715947735815285	0	0	0	0	0	0	0	0	0	0	0.00680150349024521	0	0	0	0	0	0	0	0	0	0	0	0	0	0	0	0	0	0	0.000894934669769107	0	0	0	0	0	0	0	0	0	0	0	0	0	0	0	0	0	0	0.0025058170753535	0	0	0	0	0	0	0	0	0	0	0	0	0	0	0	0	0	0	0	0	0	0.00680150349024521	0	0	0	0	0	0	0	0	0.00536960801861464	0	0	0	0	0	0	0	0	0	0	0	0	0	0	0	0	0	0	0	0	0	0	0	0	0	0	0	0	0	0	0	0	0	0	0	0	0	0	0	0	0	0.0161088240558439	0	0	0	0	0	0	0	0	0	0	0	0	0	0.00286379094326114	0	0	0	0	0	0	0	0.0105602291032755	0	0	0	0	0	0	0	0	0	0	0.00483264721675318	0	0.0315017003758726	0	0	0	0	0	0	0	0	0	0	0	0	0	0	0	0	0	0	0	0	0	0	0.00733846429210668	0	0	0	0.00608555575442993	0	0	0	0	0	0	0	0	0	0	0	0	0.000894934669769107	0	0	0	0.000894934669769107	0	0	0	0	0	0	0	0.00143189547163057	0	0.00894934669769107	0	0	0	0	0	0	0	0	0	0	0	0	0	0	0	0	0	0	0	0	0	0	0	0	0	0	0	0	0	0	0	0	0	0	0	0	0	0	0	0	0	0	0	0.00375872561303025	0	0	0	0.139788795417934	0	0	0	0	0	0	0	0	0	0	0	0	0	0	0	0	0	0	0	0	0	0	0	0	0	0	0	0	0	0	0	0	0	0	0	0	0	0	0	0	0	0	0	0	0	0	0	0	0	0	0	0	0	0	0	0	0	0	0	0	0	0	0	0	0	0	0	0	0	0	0	0	0	0	0	0	0	0.0161088240558439	0.0025058170753535	0	0	0	0	0	0	0	0	0	0	0	0	0	0	0.00178986933953821	0	0	0.00680150349024521	0	0	0	0	0	0	0	0.00590656882047611	0	0	0	0	0.00178986933953821	0	0	0	0	0	0	0	0	0	0	0	0	0	0	0	0	0	0	0	0	0	0	0.00769643816001432	0	0.02201539287632	0	0	0	0	0	0	0	0	0	0	0	0	0	0	0	0	0	0	0	0	0	0	0	0.00894934669769107	0	0	0	0	0	0	0	0.0311437265079649	0	0	0	0	0.0510112761768391	0	0.00733846429210668	0	0	0	0	0	0	0	0	0	0	0	0	0	0.0418829425451942	0	0	0	0	0	0	0	0	0	0.00715947735815285	0	0	0.00161088240558439	0	0	0	0	0	0	0	0	0	0	0	0	0	0	0	0	0	0	0	0.00143189547163057	0	0	0	0	0.00590656882047611	0	0	0	0.00375872561303025	0	0	0	0	0	0	0	0	0	0.000536960801861464	0	0	0.000357973867907643	0	0	0
0	0	0	0	0	0.00311769290724864	0	0	0.00214341387373344	0	0	0	0	0	0	0	0	0	0	0	0	0	0	0	0	0	0	0	0	0.00253312548713952	0	0	0	0	0	0	0	0	0	0	0	0	0	0	0	0	0	0	0	0	0	0	0.0130553390491037	0	0	0	0	0	0	0	0	0	0	0	0	0	0	0.00837879968823071	0	0	0	0	0.00448168355416991	0	0	0	0	0	0	0	0.00409197194076383	0.00214341387373344	0.00038971161340608	0	0	0	0	0.00019485580670304	0	0	0	0	0	0.00116913484021824	0	0	0	0	0	0	0	0	0	0	0	0	0	0	0	0	0	0	0	0	0	0	0	0	0	0	0	0	0	0	0	0	0	0	0	0	0	0	0	0	0	0.0360483242400624	0	0	0	0	0	0	0	0	0	0.00175370226032736	0	0	0	0.0150038971161341	0	0	0	0	0.00389711613406079	0	0.00331254871395168	0	0	0	0.00038971161340608	0	0	0	0	0	0.00311769290724864	0	0.00272798129384256	0.00584567420109119	0	0	0	0	0	0	0	0	0	0	0	0	0	0	0	0	0	0	0.00798908807482463	0	0	0	0	0.00779423226812159	0	0	0	0	0	0	0	0	0	0	0	0	0	0	0	0	0.0019485580670304	0	0	0.029423226812159	0	0	0	0	0	0	0	0	0.00448168355416991	0	0	0	0	0	0	0.00409197194076383	0	0	0	0	0	0	0	0	0	0	0	0	0	0	0	0	0	0	0.0157833203429462	0.0422837100545596	0	0	0	0	0	0	0	0	0.0446219797349961	0	0	0	0.00409197194076383	0.00038971161340608	0	0	0	0	0	0	0	0	0	0	0	0	0	0	0	0	0	0	0	0	0	0.00759937646141855	0	0	0	0	0	0	0	0	0	0	0	0	0	0	0	0	0	0	0	0	0	0	0	0.0477396726422447	0	0	0	0	0	0	0	0	0	0	0	0.0150038971161341	0	0	0.0183164458300857	0	0	0	0	0	0	0.00818394388152767	0	0	0	0.00136399064692128	0	0	0	0	0	0	0	0	0	0	0	0	0.00643024162120031	0	0	0	0	0	0	0	0	0.0190958690568979	0	0	0	0.0019485580670304	0.000584567420109119	0	0	0	0	0	0	0	0	0	0	0	0	0	0	0	0	0	0	0	0	0	0	0	0.000779423226812159	0	0	0	0.0128604832424006	0	0	0	0	0	0	0	0	0	0	0	0	0	0	0	0	0	0	0	0	0	0	0	0	0	0	0	0	0	0	0	0	0	0	0	0	0	0.00331254871395168	0	0	0	0	0	0	0	0	0	0	0	0	0	0	0	0	0	0	0	0	0	0	0	0	0	0	0	0	0	0	0	0	0	0	0	0	0	0	0	0	0	0	0	0	0.00467653936087295	0	0	0	0	0	0	0	0	0	0	0	0	0.00116913484021824	0.00350740452065472	0	0	0	0	0	0	0	0	0	0	0	0	0	0.00331254871395168	0	0	0	0	0	0	0.00116913484021824	0	0	0	0	0.00136399064692128	0	0.0120810600155885	0	0	0.00487139516757599	0	0	0	0	0.0114964925954793	0	0	0	0	0	0	0	0	0	0	0	0.000974279033515199	0.111067809820733	0	0	0	0	0	0	0	0	0	0	0	0	0	0	0	0	0	0	0	0	0	0	0	0	0	0	0	0	0	0	0	0	0	0	0	0	0	0	0	0	0	0	0	0	0	0	0	0	0	0	0	0	0	0	0.0481293842556508	0	0	0	0	0	0	0	0	0	0	0	0	0	0	0	0	0	0	0	0	0	0	0	0	0	0	0	0	0	0	0	0	0	0	0	0	0	0	0	0.00506625097427903	0	0	0	0	0	0	0.0960639127045986	0	0	0	0	0	0	0	0	0	0	0	0	0	0	0	0	0	0	0.0120810600155885	0.00759937646141855	0	0	0	0	0	0	0	0	0	0	0	0	0	0.00604053000779423	0	0	0	0	0	0	0	0	0	0	0	0	0.00116913484021824	0	0	0	0	0	0	0	0	0	0	0	0	0	0	0	0	0	0	0	0	0	0	0	0	0	0	0	0	0	0	0.0241621200311769	0	0	0	0	0	0	0.0210444271239283	0	0	0	0	0	0	0	0	0.00311769290724864	0	0	0.00253312548713952	0	0	0	0	0.00175370226032736	0	0	0.00409197194076383	0	0	0	0	0.00448168355416991	0	0	0	0	0	0	0	0	0	0	0	0	0	0	0	0	0	0	0	0.00526110678098207	0	0	0.0179267342166797	0	0	0	0	0.00409197194076383	0	0	0	0	0	0	0	0	0	0	0	0	0	0	0	0	0.00389711613406079	0	0	0	0	0	0	0	0	0	0	0	0.0265003897116134	0	0	0	0	0.0420888542478566	0	0.0118862042088854	0	0	0	0	0	0	0	0	0	0	0	0	0	0.0621590023382697	0	0	0	0	0	0	0.00038971161340608	0	0	0	0	0	0	0	0	0	0	0	0	0	0	0	0	0	0	0	0	0	0	0	0	0	0.00331254871395168	0	0	0	0	0	0.00681995323460639	0	0	0.00272798129384256	0	0	0	0	0	0	0	0	0	0	0	0	0	0	0	0
0	0	0	0	0	0	0	0	0	0	0	0	0	0	0	0	0	0	0	0	0	0	0	0	0	0	0	0	0	0.00357398141529664	0.00771979985704074	0	0	0	0	0	0	0	0	0	0	0	0	0	0	0	0	0.00614724803431022	0	0	0	0	0	0	0	0	0	0	0.00557541100786276	0	0	0	0	0	0	0	0	0	0	0	0	0	0.0045746962115797	0	0	0	0	0	0	0	0.00214438884917798	0	0	0	0	0	0	0	0	0	0	0	0	0	0	0	0	0	0	0	0	0	0	0	0	0	0	0	0	0	0	0	0	0	0	0	0	0	0	0	0	0	0	0	0	0	0	0	0	0	0	0	0	0	0	0.0188706218727663	0	0	0	0	0	0	0	0.000428877769835597	0	0.000857755539671194	0	0	0	0.0110078627591137	0	0	0	0	0	0	0.00443173695496783	0	0	0.00228734810578985	0	0	0	0	0	0	0	0	0.0188706218727663	0	0	0	0	0	0	0	0	0	0	0	0	0	0	0	0	0	0	0	0	0	0	0	0	0.00357398141529664	0	0	0	0	0	0	0	0	0	0	0	0	0	0	0	0	0	0	0	0.051036454610436	0	0	0	0	0	0	0	0	0.00486061472480343	0	0	0	0	0	0	0.00157255182273052	0	0	0	0	0	0	0	0	0	0	0	0.00300214438884918	0	0	0	0	0	0	0.00714796283059328	0.0294496068620443	0	0	0	0	0	0	0	0	0.0350250178699071	0	0	0	0	0	0	0	0	0	0	0	0	0	0.00300214438884918	0	0	0	0	0	0	0	0	0	0	0	0	0.0108649035025018	0	0.134953538241601	0	0	0	0	0	0	0	0	0	0	0	0	0	0	0	0	0	0	0	0	0	0.00729092208720515	0	0	0	0	0	0	0	0	0	0	0	0.00643316654753395	0	0	0.0363116511794139	0	0	0	0	0	0	0.00571837026447462	0	0	0	0	0	0	0	0	0	0	0	0	0	0	0	0	0	0	0	0.000857755539671194	0	0	0	0	0	0.055325232308792	0	0	0	0	0.00114367405289492	0	0	0	0	0	0	0	0.00643316654753395	0	0	0	0	0	0	0	0	0.0335954253037884	0	0	0	0	0	0	0	0	0	0	0	0	0	0	0	0	0	0	0	0	0	0	0	0	0	0	0	0	0	0.000714796283059328	0	0	0	0	0	0	0	0	0	0	0	0	0	0	0	0	0	0	0.000714796283059328	0	0	0	0	0	0	0	0	0	0	0.00528949249463903	0	0	0	0	0	0	0	0	0	0	0	0	0	0	0	0	0	0	0	0	0	0	0	0	0	0	0	0	0	0	0	0	0	0	0	0	0	0	0	0	0	0	0	0.00142959256611866	0	0.0131522516082916	0	0.00271622587562545	0	0	0	0	0	0	0	0	0	0	0	0	0	0	0	0	0	0	0	0	0	0	0	0	0	0	0	0.00171551107934239	0	0	0.00543245175125089	0	0	0	0	0.00243030736240172	0	0	0	0	0	0	0	0	0	0	0	0	0.0197283774124375	0	0	0	0	0	0	0	0	0	0	0	0	0	0	0	0	0	0	0	0	0	0	0.00943531093638313	0	0	0	0	0	0	0	0	0	0	0	0	0	0	0	0	0	0	0	0	0	0	0	0	0	0	0	0	0	0	0	0.0378842030021444	0	0	0	0	0	0	0	0	0	0	0	0	0	0	0	0	0	0	0	0	0	0	0	0	0	0	0	0	0	0	0	0	0	0	0	0	0	0	0	0	0	0	0.000428877769835597	0	0	0	0.138384560400286	0	0	0	0	0	0	0	0	0	0	0	0	0	0	0	0	0	0	0	0	0	0	0	0	0	0	0	0	0	0	0	0	0	0	0	0	0	0	0	0	0	0.000714796283059328	0	0	0	0	0	0	0	0	0	0	0	0	0	0	0	0	0	0	0	0	0	0	0	0	0	0	0	0	0	0	0	0.00243030736240172	0	0	0	0.0178699070764832	0	0	0	0	0	0	0.00100071479628306	0	0	0	0	0	0	0	0	0	0	0	0	0	0	0	0	0.00228734810578985	0	0	0	0	0	0	0	0.00300214438884918	0	0	0	0	0	0	0	0	0	0	0	0	0	0	0	0	0	0	0	0	0	0	0.00586132952108649	0	0	0	0	0.00314510364546104	0	0	0	0	0	0	0	0	0	0	0	0	0	0	0	0	0	0	0	0	0.00557541100786276	0	0	0	0	0.000571837026447462	0	0	0.0385989992852037	0	0	0	0	0.0508934953538242	0	0	0	0	0	0	0	0	0	0	0	0	0	0	0	0.058470335954253	0	0	0	0	0	0	0.000428877769835597	0	0	0	0	0	0	0	0	0	0	0	0	0	0	0	0	0	0	0	0	0	0	0	0	0	0	0	0.00385989992852037	0	0	0	0	0	0.000857755539671194	0.0250178699070765	0	0	0	0	0	0	0	0	0	0.000571837026447462	0	0	0	0	0.0152966404574696	0
0	0	0.000523286237571952	0	0	0	0	0	0.00436071864643293	0	0	0	0	0	0	0	0	0	0	0	0	0	0	0	0	0	0.00174428745857317	0	0	0	0.00889586603872318	0	0	0	0	0	0	0	0	0	0	0	0	0	0	0	0	0.00209314495028781	0	0	0	0	0.0090702947845805	0	0	0	0	0	0	0	0	0	0	0	0	0	0	0	0	0	0	0	0.00191871620443049	0	0	0	0	0	0	0	0	0	0	0	0	0	0	0.000174428745857317	0	0	0	0	0	0	0	0	0	0	0	0	0	0	0.0106401534972964	0.0010465724751439	0	0	0	0	0	0	0	0	0	0	0	0	0	0	0	0	0	0	0	0	0	0	0	0	0	0	0	0	0	0	0	0.0361067503924647	0	0	0	0	0	0	0	0	0	0	0	0	0	0.0273853130995988	0	0	0	0	0.00418628990057562	0.00244200244200244	0	0	0	0	0	0	0	0	0	0	0.00156985871271586	0	0.00244200244200244	0.00837257980115123	0	0	0	0	0	0	0	0	0.0195360195360195	0	0	0	0	0	0	0	0	0	0	0	0	0	0	0.00540729112157684	0	0	0	0	0	0	0	0	0	0	0	0	0	0	0	0	0	0	0	0.0226757369614512	0	0	0	0	0	0	0	0	0	0	0	0	0	0	0	0	0	0	0	0	0	0	0	0	0	0	0	0.00156985871271586	0.00174428745857317	0	0	0.0102912960055817	0	0	0.0102912960055817	0.018663875806733	0	0	0.000348857491714635	0	0	0.00732600732600733	0	0	0.0373277516134659	0	0	0	0	0	0	0	0	0	0	0	0	0	0.0211058782487354	0	0	0	0	0	0	0	0	0	0	0	0	0.00348857491714635	0	0	0	0	0	0	0	0	0	0	0	0	0.000348857491714635	0	0	0	0	0	0	0	0	0	0	0.0315716030001744	0	0	0	0	0	0	0	0	0	0	0	0.00802372230943659	0	0	0.0143031571603	0	0	0	0	0	0	0	0	0	0	0	0	0	0	0	0	0	0	0	0	0	0	0	0	0	0	0	0	0	0.0448281876853305	0	0	0.0143031571603	0	0	0	0	0	0	0	0	0	0	0	0	0	0	0.000872143729286586	0	0	0	0	0	0	0	0	0	0.00261643118785976	0	0	0	0	0	0	0	0.0118611547182976	0	0	0	0	0	0	0	0	0	0	0	0	0	0	0	0	0	0	0	0	0	0	0	0	0	0	0	0	0	0	0	0	0	0	0.00366300366300366	0	0	0.0050584336298622	0	0	0	0	0	0	0	0	0	0	0	0	0	0	0	0	0	0	0	0	0	0.0101168672597244	0	0	0	0	0	0	0	0	0	0	0	0	0	0	0	0	0	0	0	0	0	0	0	0	0	0	0	0	0	0	0	0	0	0	0.00383743240886098	0.00226757369614512	0.00436071864643293	0	0	0	0	0	0	0	0	0	0	0	0	0	0.0207570207570208	0	0	0	0	0	0	0.00750043607186464	0	0	0.00261643118785976	0	0	0	0.0275597418454561	0	0	0	0	0.00436071864643293	0	0	0.0286063143206	0	0	0	0	0	0	0	0	0	0	0	0	0.0535496249781964	0	0	0	0	0	0	0.00279085993371708	0	0	0	0.0225013082155939	0	0	0	0	0	0	0	0	0	0	0	0	0	0	0.00209314495028781	0.00750043607186464	0	0	0	0	0	0	0	0	0	0	0	0	0	0	0	0	0.00156985871271586	0	0	0	0	0	0	0	0	0	0	0.0629687772544915	0	0.00627943485086342	0	0	0	0	0	0	0	0	0	0	0	0	0	0	0	0	0.000523286237571952	0	0	0	0	0	0	0	0	0	0	0	0	0	0	0	0	0	0	0	0	0	0	0	0.000872143729286586	0	0	0	0.0661084946799232	0	0	0	0	0	0	0.00209314495028781	0	0	0	0	0	0	0	0	0	0	0	0	0.0102912960055817	0	0	0	0	0	0	0	0	0.0050584336298622	0	0	0	0	0.0125588697017268	0	0	0	0	0.000348857491714635	0	0	0.0010465724751439	0	0	0	0	0.00156985871271586	0	0	0	0	0.00244200244200244	0	0	0	0	0	0	0	0	0.000348857491714635	0	0	0	0	0	0	0	0	0	0	0	0	0	0	0	0	0.010989010989011	0	0	0	0	0	0	0.0158730158730159	0	0	0	0	0	0	0	0	0	0	0	0	0	0	0	0	0	0	0	0	0	0	0	0	0.00296528867957439	0	0	0	0	0	0	0	0	0	0	0	0	0.00436071864643293	0	0	0	0	0	0	0	0	0	0.00279085993371708	0	0.0139542996685854	0	0	0.00313971742543171	0	0	0	0	0	0	0	0	0	0	0	0	0	0	0	0	0	0	0	0	0.00436071864643293	0	0	0	0	0	0	0	0.0209314495028781	0	0	0	0	0.0695970695970696	0	0	0	0	0.00715157858015001	0	0	0	0	0	0	0	0	0	0	0.0263387406244549	0	0	0	0	0	0	0.000523286237571952	0	0	0	0	0	0	0	0	0	0	0	0	0	0	0	0	0	0	0	0	0	0	0	0	0	0.00418628990057562	0	0.00715157858015001	0	0	0	0	0	0.00366300366300366	0.00662829234257806	0	0	0	0	0	0	0	0	0	0.000697714983429269	0	0	0	0	0	0
0	0	0	0	0	0	0	0	0.000594076211491131	0	0	0	0	0	0	0	0	0	0	0	0	0	0	0	0	0	0	0	0	0.00670457438682848	0.000763812271917169	0	0	0	0	0	0	0	0	0	0	0	0	0	0	0	0	0.0286005261817873	0	0	0	0	0	0	0	0	0	0	0	0	0	0	0	0	0	0	0	0	0	0	0	0	0.00203683272511245	0	0	0	0	0	0	0	0	0.00475260969192905	0	0	0	0	0	0.00152762454383434	0	0	0	0	0	0	0	0	0	0	0	0	0	0	0	0.000339472120852075	0	0	0	0	0	0	0	0	0	0	0	0	0	0	0	0	0	0	0	0	0	0	0	0	0	0	0	0	0	0	0	0.258592888059068	0	0	0	0	0	0	0	0	0	0.000424340151065094	0	0	0	0.0067894424170415	0	0	0	0	0.000594076211491131	0	0.00280064499702962	0	0	0.000509208181278113	0	0	0	0	0	0	0	0	0	0.00398879742001188	0	0	0	0	0.000763812271917169	0.00067894424170415	0	0	0	0	0	0	0	0	0	0	0	0	0.00441313757107697	0	0	0	0	0.00161249257404736	0	0	0	0	0	0	0	0	0	0	0	0	0	0	0	0	0	0	0	0.0244419927013494	0	0	0	0	0	0	0	0	0	0	0	0	0	0	0	0.00144275651362132	0	0	0	0	0	0	0	0	0	0	0	0.00280064499702962	0	0	0	0	0	0	0.00203683272511245	0.018161758465586	0	0	0.000254604090639056	0	0	0	0	0	0.0538911991852669	0	0	0	0	0	0	0	0	0	0	0	0	0	0.00695917847746754	0	0	0	0	0	0	0	0	0	0	0	0	0	0	0	0	0	0	0	0	0	0	0	0	0	0	0	0	0	0	0	0	0	0	0	0	0.0112874480183315	0	0	0	0	0	0	0	0	0	0	0	0.00857167105151489	0	0	0.027327505728592	0	0	0	0	0	0	0	0	0	0	0	0	0	0	0	0	0	0	0	0	0	0	0	0	0	0	0	0	0	0	0	0	0.0099295595349232	0	0	0	0.00763812271917169	0	0	0	0	0	0	0	0	0	0	0	0	0	0	0	0.000254604090639056	0	0	0	0	0	0	0	0	0	0	0	0	0.0404820504116099	0	0	0	0	0	0.0013578884834083	0	0.000594076211491131	0	0	0	0	0	0	0	0	0	0	0.00381906135958584	0	0	0	0	0	0	0	0	0	0	0	0	0	0	0	0	0	0	0.00797759484002376	0	0	0	0.000169736060426038	0	0	0	0	0	0	0	0	0	0	0	0	0	0	0	0	0	0.00203683272511245	0	0	0	0	0	0	0	0	0	0	0	0	0	0	0	0	0	0	0	0	0	0	0	0	0	0	0	0	0	0	0	0	0	0	0	0	0.0117966561996096	0	0	0	0	0	0	0	0	0	0	0	0	0	0.0449800560128999	0	0	0	0	0	0	0	0	0	0	0	0	0	0	0	0	0.00526181787320716	0	0.00297038105745566	0	0.00619536620555037	0.00118815242298226	0	0	0	0	0	0	0	0	0	0.00178222863447339	0.0204531952813375	0	0.0139183569549351	0	0	0	0	0	0	0	0	0	0	0	0	0	0	0	0	0	0	0	0	0	0	0	0	0	0	0	0	0	0	0	0	8.48680302130188e-05	0	0	0	0	0	0	0.00067894424170415	0.00339472120852075	0	0	0.00789272680981074	0	0	0	0	0	0	0	0	0	0.00330985317830773	0	0	0.0173979461936688	0	0	0	0	0	0	0	0	0	0	0	0	0.00314011711788169	0	0	0	0.000763812271917169	0	0	0	0	0	0	0	0	0	0	0	0	0	0	0	0	0	0	0	0	0	0	0	0	0	0	0	0.0582194687261309	0	0	0.000254604090639056	0	0	0	0	0	0	0	0	0	0	0	0	0	0	0	0	0.0140032249851481	0	0	0	0	0	0.00144275651362132	0	0	0	0	0	0	0	0.00763812271917169	0	0	0	0	0	0	0	0	0	0	0	0	0.000254604090639056	0	0	0	0	0	0	0	0	0	0	0	0	0	0	0	0	0	0.00670457438682848	0	0	0	0	0	0	0	0	0.00101841636255623	0	0	0	0.00161249257404736	0	0	0	0	0	0	0.00381906135958584	0	0	0	0	0	0	0	0	0.00110328439276924	0	0	0	0	0	0	0	0	0	0	0	0	0	0	0	0.00246117287617754	0	0	0	0	0	0	0	0	0	0	0	0	0.00551642196384622	0	0	0.00169736060426038	0	0	0	0.00229143681575151	0	0	0.0705253331070186	0	0.0162946618008996	0	0	0.00229143681575151	0	0	0	0	0	0	0	0	0	0	0	0	0	0	0	0	0	0	0	0	0.00644997029618943	0	0	0	0	0	0	0.000763812271917169	0.00908087923279301	0	0	0	0	0.0260544852753968	0	0	0	0.000169736060426038	0	0	0	0	0	0	0	0	0	0	0	0.0198591190698464	0	0	0	0	0	0	0	0	0	0.00347958923873377	0	0	0	0	0	0	0	0	0	0	0	0	0	0	0	0	0	0	0	0	0	0	0.00288551302724264	0	0	0	0.00560128999405924	0.00492234575235509	0	0	0.000933548332343206	0.00500721378256811	0	0.0129848086225919	0	0	0	0	0	0	0	0.000509208181278113	0	0	0	0	0	0.00101841636255623
0	0	0	0	0	0	0.00302885381794994	0	0.000956480153036825	0	0	0	0	0.00191296030607365	0	0	0	0	0	0	0	0	0	0	0	0	0	0	0	0.00781125458313407	0.00366650725330783	0	0	0	0	0	0	0	0	0.00621712099473936	0	0	0	0	0	0	0	0.00860832137733142	0	0	0	0	0.00892714809501036	0	0	0	0	0	0	0.00239120038259206	0	0	0	0	0	0	0	0	0	0	0	0	0.0103618683245656	0	0	0	0	0	0	0	0	0.00398533397098677	0	0	0	0	0	0.00542005420054201	0	0	0	0	0	0	0	0	0	0	0	0	0	0	0	0	0	0	0	0	0	0	0	0	0	0	0	0	0	0	0	0	0	0	0	0	0	0	0	0	0	0	0	0	0	0	0	0.0757213454487486	0	0	0	0	0	0	0	0	0	0.00255061374143153	0	0	0	0.013550135501355	0	0	0	0	0.00334768053562889	0	0	0	0	0	0	0	0	0	0	0	0	0	0.00605770763589989	0.00398533397098677	0	0	0	0	0	0.000797066794197354	0	0	0	0	0	0	0	0	0.00207237366491312	0	0	0	0	0	0	0	0	0.00143472022955524	0	0	0	0	0.00685477443009724	0	0	0	0.000318826717678941	0	0	0	0	0	0	0	0	0	0	0.0374621393272756	0	0	0	0	0	0	0	0	0	0	0	0	0	0	0	0.00557946755938148	0	0	0	0	0	0	0	0	0	0	0	0	0	0	0	0	0	0	0.00972421488920772	0.0253467240554758	0	0	0	0	0	0	0	0	0.122588872947553	0	0	0	0.00239120038259206	0	0	0	0	0	0	0	0	0	0.00478240076518412	0	0	0	0	0	0	0	0	0	0	0	0	0.00334768053562889	0	0	0	0	0	0	0	0	0	0.0065359477124183	0	0	0	0	0	0	0	0	0	0	0	0	0	0.0109995217599235	0	0	0	0	0	0	0	0	0	0	0	0	0	0	0.00701418778893671	0	0	0	0.000797066794197354	0	0	0	0	0	0	0	0	0	0	0	0	0	0	0	0	0	0	0	0	0	0	0	0	0	0	0	0	0.0361868324565599	0	0	0.000637653435357883	0	0	0	0	0	0	0	0	0	0.0100430416068867	0	0	0	0	0	0	0	0	0	0	0	0	0	0	0	0	0	0	0	0.00637653435357883	0	0	0	0	0	0	0	0	0	0	0	0	0	0	0	0	0	0	0	0	0	0	0	0	0	0	0	0	0	0	0	0	0	0	0	0.000318826717678941	0	0	0	0	0	0	0	0	0	0	0	0	0	0	0	0	0	0	0	0	0	0	0	0	0	0	0	0	0	0	0	0	0	0	0	0	0	0	0	0	0	0	0	0	0	0	0	0	0	0	0	0	0	0	0	0	0	0	0	0	0	0	0	0	0	0	0	0	0	0	0	0	0	0	0	0	0	0	0	0	0	0	0	0	0	0	0	0	0.0341144587916467	0	0	0	0	0	0	0	0.00892714809501036	0	0	0	0	0	0	0	0	0	0	0	0	0.0452733939104097	0	0	0	0	0	0	0	0	0	0	0	0	0	0	0	0	0	0	0	0	0	0	0	0	0	0	0	0	0	0	0	0	0	0	0	0	0	0	0	0	0	0.002710027100271	0	0	0	0	0	0.0269408576438706	0	0	0	0	0	0	0	0	0	0	0.000478240076518412	0	0	0	0	0	0	0	0	0	0	0.000956480153036825	0	0	0	0	0	0	0	0	0	0	0	0	0	0	0	0	0	0	0	0	0	0	0	0	0	0	0	0.000956480153036825	0	0	0.000318826717678941	0.0905467878208194	0.000478240076518412	0	0	0	0	0	0	0	0	0	0	0	0	0	0	0	0	0	0	0.00478240076518412	0	0	0	0	0	0	0	0	0	0	0	0	0	0	0	0	0	0	0	0	0	0.000797066794197354	0	0	0	0	0	0	0	0	0	0	0	0	0	0	0	0	0	0	0	0	0	0	0	0	0	0	0	0	0	0	0	0	0	0	0	0.0974015622509166	0	0	0	0	0	0	0.00844890801849195	0	0	0	0	0	0	0	0	0	0	0	0	0	0	0	0	0	0	0	0	0	0	0	0	0.00701418778893671	0	0.000318826717678941	0	0	0	0	0	0	0	0	0	0	0	0	0	0	0	0	0	0.00302885381794994	0	0	0.00207237366491312	0	0	0	0	0.00127530687071577	0	0	0	0	0	0	0	0	0	0	0	0	0	0	0	0.000318826717678941	0	0	0	0	0.00286944045911047	0	0	0	0	0	0	0	0.0575482225410489	0	0	0	0	0.0302885381794994	0	0	0	0	0	0	0	0	0	0	0	0	0	0	0	0.0862426271321537	0	0	0	0	0	0	0	0	0	0	0	0	0.000637653435357883	0	0	0	0	0	0	0	0	0	0	0	0	0	0	0	0.000478240076518412	0	0	0	0	0	0	0	0	0	0	0	0.00302885381794994	0.0116371751952814	0	0	0	0	0	0	0	0	0	0	0	0	0	0	0	0
0	0	0	0	0	0	0	0	0.000179083094555874	0	0	0	0	0	0	0	0	0	0	0	0	0	0	0	0	0	0	0	0	0.00680515759312321	0	0	0	0	0	0	0	0	0	0	0	0	0	0	0	0	0	0	0	0	0	0	0.014147564469914	0	0	0	0	0	0	0	0	0	0	0	0	0	0	0	0	0	0	0	0.0114613180515759	0	0	0	0	0	0	0	0	0.00214899713467049	0	0	0	0	0	0	0	0	0	0.000358166189111748	0	0	0	0	0	0	0	0	0	0	0	0	0	0	0	0	0	0	0	0	0	0	0	0	0	0	0	0	0	0	0	0	0	0	0	0	0	0	0	0	0	0	0	0.0200573065902579	0	0	0.000537249283667622	0	0	0	0	0	0	0	0	0	0	0.00859598853868195	0	0	0	0	0	0	0.00770057306590258	0	0	0.00161174785100287	0	0	0	0	0	0	0	0	0	0.0171919770773639	0	0.00644699140401146	0	0	0.00143266475644699	0.0041189111747851	0	0	0	0	0	0	0	0	0	0	0	0	0.00268624641833811	0	0	0	0	0	0	0	0	0	0	0	0	0	0	0	0	0	0	0	0	0	0	0	0	0.0177292263610315	0	0	0	0	0	0	0	0.00447707736389685	0	0	0	0	0	0	0	0.00429799426934097	0	0	0	0	0	0	0	0	0	0	0	0.00196991404011461	0	0	0	0	0	0	0.0100286532951289	0.022743553008596	0	0	0	0	0	0	0	0	0.0336676217765043	0	0	0	0	0	0	0	0	0	0	0	0	0	0	0	0	0	0	0	0	0	0	0	0	0	0	0.00841690544412608	0	0	0	0	0	0	0	0	0	0	0	0	0	0	0	0	0	0	0	0	0	0	0	0.00805873925501433	0	0	0	0	0	0	0	0	0	0	0	0.00984957020057307	0	0	0	0	0	0	0	0	0	0	0	0	0	0	0	0	0	0	0	0	0	0	0	0	0	0	0	0	0	0	0	0	0.00770057306590258	0	0	0.0157593123209169	0	0	0	0	0	0	0	0	0	0	0	0	0	0	0	0	0	0	0	0	0	0.0361747851002865	0	0	0	0	0	0	0	0	0	0	0.00447707736389685	0	0	0	0	0	0	0	0	0	0	0	0	0	0	0	0	0	0	0	0	0	0	0	0	0	0	0	0.00214899713467049	0	0	0	0	0	0	0	0	0	0.00179083094555874	0	0	0	0	0	0	0	0	0	0	0	0	0	0	0	0	0	0	0	0	0	0	0	0	0	0	0	0	0	0	0	0	0	0	0	0	0	0	0	0	0	0	0	0	0	0	0	0	0	0	0	0	0	0	0	0	0	0	0.00555157593123209	0	0	0	0	0	0	0	0	0	0	0	0	0	0.163861031518625	0	0	0	0	0	0	0	0	0	0	0	0	0	0.00196991404011461	0	0	0.0100286532951289	0	0	0.000358166189111748	0	0.0365329512893983	0	0	0	0	0	0	0	0	0	0	0.00465616045845272	0	0.0408309455587393	0	0	0	0	0	0	0	0	0	0	0	0	0	0	0	0	0	0	0	0	0	0	0.0075214899713467	0	0	0	0	0	0.0216690544412607	0	0	0	0	0	0	0	0	0	0	0.00125358166189112	0.00304441260744986	0	0	0.0100286532951289	0	0	0	0	0	0	0	0	0.00644699140401146	0	0	0	0.00214899713467049	0	0	0	0	0	0	0	0	0	0	0	0	0	0	0	0	0	0	0	0	0	0	0	0	0	0	0	0	0	0	0	0	0	0	0	0	0	0	0	0	0	0	0	0	0.111568767908309	0	0	0	0	0	0	0	0	0	0	0	0	0	0	0	0	0	0	0	0	0	0	0	0	0	0	0	0	0.00322349570200573	0	0	0	0	0	0	0	0	0	0	0	0	0	0	0	0	0	0	0	0	0	0	0	0	0	0	0	0	0	0	0	0	0	0	0	0	0	0	0	0	0	0	0	0	0	0	0	0	0.0132521489971347	0	0	0	0	0	0	0.0034025787965616	0	0	0	0	0	0	0	0	0.00304441260744986	0	0	0	0	0	0	0	0.00447707736389685	0	0	0	0	0	0	0	0.00286532951289398	0	0	0.000537249283667622	0	0	0	0	0	0	0	0	0	0	0	0	0	0	0	0	0.00286532951289398	0	0	0.0150429799426934	0	0.0222063037249284	0	0	0.00555157593123209	0	0	0	0	0	0	0	0	0	0	0	0	0	0	0	0	0	0	0	0	0.00465616045845272	0	0	0	0	0	0	0	0.0145057306590258	0	0	0	0	0.0743194842406877	0	0	0	0	0	0	0	0	0	0	0	0	0	0	0	0.105838108882521	0	0	0	0	0	0	0.00089541547277937	0	0	0	0	0	0	0	0	0	0	0	0	0	0	0	0	0	0	0	0	0	0	0	0	0	0	0	0	0	0	0	0	0	0.00107449856733524	0	0	0	0	0	0	0	0	0	0	0	0	0	0	0	0	0
0	0	0	0	0	0	0	0	0.00142551674982181	0	0	0	0	0	0	0	0	0	0	0	0	0	0	0	0	0	0	0	0	0.0139700641482537	0.00926585887384177	0	0	0	0	0	0	0	0	0	0	0	0	0	0	0	0	0.00171062009978617	0	0	0	0	0.00784034212401996	0	0	0	0	0	0	0	0	0	0	0	0	0	0	0	0	0	0	0	0.00370634354953671	0	0	0	0	0	0	0	0.00784034212401996	0	0	0	0	0	0	0	0	0	0	0	0	0	0	0	0	0	0	0	0	0	0	0	0	0	0	0	0	0	0	0	0	0	0	0	0	0	0	0	0	0	0	0	0	0	0	0	0	0	0	0	0	0	0	0.00869565217391304	0	0	0	0	0	0	0	0	0	0	0	0	0	0.00513186029935852	0	0	0	0	0	0	0.00156806842480399	0.00327868852459016	0	0	0	0	0	0	0	0	0	0	0	0.0327868852459016	0	0	0	0	0	0	0	0	0	0	0	0	0	0	0.00156806842480399	0	0	0	0	0	0	0	0	0.00156806842480399	0	0	0	0	0	0	0	0	0	0	0	0	0	0	0	0	0	0	0	0.0277975766215253	0	0	0	0	0	0	0	0	0	0	0	0	0	0	0	0.00185317177476835	0	0	0	0	0	0	0	0	0	0	0	0.00384889522451889	0	0	0	0.00684248039914469	0	0	0.011831789023521	0.0238061297220242	0	0	0	0	0	0.00741268709907341	0	0	0.022808267997149	0	0	0	0	0	0	0	0	0	0	0	0	0	0	0	0	0	0	0	0	0	0	0	0	0	0	0.00926585887384177	0	0	0	0	0	0	0	0	0	0	0	0	0	0	0	0	0	0	0	0	0	0	0	0.0446186742694227	0	0	0	0	0	0	0	0	0	0	0	0.0126870990734141	0	0	0.00997861724875267	0	0	0	0	0	0	0	0	0	0	0	0	0	0	0	0	0	0	0	0	0	0	0	0	0	0	0	0	0	0	0	0	0.0270848182466144	0	0	0	0.000712758374910905	0.000712758374910905	0	0	0	0	0	0	0	0	0	0	0	0	0	0	0	0	0.191732002851034	0	0	0	0	0	0	0	0	0	0	0.00997861724875267	0	0	0	0	0	0	0	0	0	0	0	0	0	0	0	0	0	0	0	0	0	0	0	0	0	0	0	0	0	0	0	0	0	0	0	0	0	0.00384889522451889	0	0	0	0	0	0	0	0	0	0	0.00570206699928724	0	0	0	0	0	0	0	0	0	0	0	0	0	0	0	0	0	0	0	0	0	0	0	0	0	0	0	0	0	0	0	0	0	0.00313613684960798	0	0	0	0	0	0	0	0	0	0	0	0.00698503207412687	0	0.00612972202423378	0	0	0	0	0	0	0	0	0	0	0	0	0	0	0	0	0	0	0	0	0	0	0	0.00242337847469708	0	0	0	0	0	0	0.00370634354953671	0	0	0	0	0.00812544547398432	0	0	0	0	0	0	0	0	0	0	0.00741268709907341	0	0.0741268709907341	0	0	0	0	0	0	0	0	0	0	0	0	0	0	0	0	0	0	0	0	0	0	0.00684248039914469	0.00256593014967926	0	0	0	0	0	0	0	0	0	0	0	0	0	0	0	0.000427655024946543	0.00541696364932288	0.00142551674982181	0	0.00712758374910905	0.0029935851746258	0	0	0	0	0	0	0	0	0	0.0158232359230221	0	0	0	0	0	0	0	0	0	0	0	0	0	0	0.00199572344975053	0	0	0	0	0	0	0	0	0	0	0	0	0	0	0	0	0	0	0	0	0	0	0	0	0	0	0	0	0	0	0	0.13984319315752	0	0	0	0	0	0	0	0	0	0	0	0	0	0	0	0	0	0	0	0	0	0	0	0	0	0	0	0	0.00513186029935852	0	0	0	0	0	0	0	0	0	0	0	0	0	0	0	0	0	0.00114041339985745	0	0	0	0.00883820384889522	0	0	0	0	0	0	0	0	0	0	0	0	0	0	0	0	0	0	0	0	0	0	0	0	0	0	0.00684248039914469	0	0	0	0	0	0	0	0	0	0	0	0	0	0	0	0.00128296507483963	0	0	0	0	0	0	0	0.00370634354953671	0	0	0	0	0	0	0	0.00199572344975053	0	0	0	0	0	0	0	0	0	0	0	0	0.00114041339985745	0	0	0	0	0	0	0.000142551674982181	0	0	0	0	0.0082679971489665	0	0	0	0	0	0	0	0	0	0	0	0	0	0	0	0	0	0	0	0	0	0	0	0.0125445473984319	0	0	0	0	0	0	0	0.0128296507483963	0	0	0	0	0.0506058446186743	0	0	0	0	0	0	0	0	0	0	0	0	0	0	0	0.040912330719886	0	0	0	0	0	0	0	0	0	0	0	0	0	0	0	0	0	0.0169636493228795	0	0	0	0	0	0	0	0	0	0	0	0	0	0	0.0022808267997149	0	0	0	0	0	0	0	0	0.00470420527441197	0	0	0	0	0	0	0	0	0.00128296507483963	0	0	0	0	0	0	0
0	0	0	0	0	0	0	0	0	0	0	0	0	0	0	0	0	0	0	0	0	0	0	0	0	0	0	0	0.00271894676588437	0.0379221522610189	0.0548082427017745	0	0	0	0	0	0	0.00429307384087006	0	0	0	0	0.000286204922724671	0	0	0	0	0.0290497996565541	0	0	0	0	0.00801373783629078	0	0.000286204922724671	0	0	0	0	0.00271894676588437	0	0	0.000286204922724671	0	0	0	0	0	0	0	0	0	0.00343445907269605	0	0	0	0	0	0	0	0	0	0	0	0	0	0	0.00500858614768174	0	0	0	0	0	0	0	0	0	0	0	0	0	0	0.00214653692043503	0	0	0	0	0	0	0	0	0	0	0	0	0	0	0	0	0	0	0	0	0	0	0	0	0	0	0	0	0	0	0	0	0.170435031482541	0	0	0	0	0	0	0	0	0	0	0	0	0	0.0220377790497997	0	0	0	0	0.000572409845449342	0	0.0024327418431597	0.00829994275901546	0	0	0	0	0	0	0	0	0.000572409845449342	0	0	0	0	0	0	0	0	0	0	0	0	0.00300515168860904	0	0	0	0	0	0	0	0	0	0	0	0	0	0	0	0	0	0	0	0	0	0	0	0	0	0	0	0	0	0	0	0	0	0.0173153978248426	0	0	0	0	0	0	0	0	0	0	0	0	0	0	0	0.00300515168860904	0	0	0	0	0	0	0	0	0	0	0	0	0	0	0	0.00815684029765312	0	0	0.0113050944476245	0.0121637092157985	0	0	0	0	0	0	0	0	0.0359187178019462	0	0	0	0	0	0	0	0	0	0.00128792215226102	0	0	0	0.00601030337721809	0	0	0	0	0	0	0	0	0	0	0	0	0	0	0	0	0	0	0	0	0	0	0	0	0	0	0	0	0	0	0	0	0	0	0	0	0.0201774470520893	0	0	0	0	0	0	0	0	0	0	0	0.00601030337721809	0	0	0.0153119633657699	0	0	0	0	0	0	0	0	0	0	0	0	0	0	0	0	0	0	0	0	0	0	0	0	0	0	0	0	0	0.0124499141385232	0	0	0.0254722381224957	0	0	0	0.00100171722953635	0.00143102461362335	0	0	0	0	0	0	0	0	0	0.000715512306811677	0	0	0	0	0	0	0.0330566685746995	0	0	0	0.0088723526044648	0	0	0.000286204922724671	0	0	0	0.0150257584430452	0	0	0	0	0	0	0	0	0	0	0	0	0	0	0	0	0	0	0	0	0	0	0	0	0	0	0	0	0	0	0	0	0	0	0	0	0	0.0130223239839725	0	0	0	0	0	0	0	0	0	0	0	0	0	0	0	0	0	0	0	0	0	0	0	0	0	0	0	0	0	0	0	0	0	0	0	0	0	0	0	0	0	0	0	0	0.0020034344590727	0	0	0	0	0	0	0	0	0	0	0	0.00643961076130509	0	0.0118775042930738	0	0	0	0	0	0	0	0	0	0	0	0	0	0.00257584430452204	0	0	0	0	0	0	0.00128792215226102	0	0	0	0	0	0	0.0198912421293646	0	0	0.0143102461362335	0	0	0	0.000858614768174013	0.0131654264453349	0	0	0	0	0	0	0	0	0.00271894676588437	0	0.00515168860904408	0	0	0	0	0	0	0	0	0.00543789353176875	0	0	0	0	0	0	0	0.000286204922724671	0	0	0	0	0	0	0	0	0	0	0	0.00615340583858042	0	0	0	0	0	0	0	0	0	0	0	0	0.00171722953634803	0.00429307384087006	0.0184602175157413	0	0.00171722953634803	0	0	0	0.00558099599313108	0	0	0	0	0	0	0.0174585002862049	0	0	0	0	0	0	0	0	0	0	0	0	0	0	0.00114481969089868	0	0	0	0	0	0	0	0	0	0	0	0	0	0	0	0	0	0	0	0	0	0	0	0	0.00987406983400115	0	0	0	0	0	0.000286204922724671	0.0384945621064682	0	0	0	0	0	0	0	0	0	0	0	0	0	0	0	0	0	0	0.0044361763022324	0.00629650829994276	0	0	0	0	0	0	0	0	0.00214653692043503	0	0	0	0	0	0	0	0	0	0	0	0	0.000715512306811677	0	0	0.00157412707498569	0	0	0	0	0	0	0	0	0.0163136805953062	0	0	0	0	0	0	0	0	0	0	0	0	0	0	0	0	0.00128792215226102	0	0	0	0	0	0	0.0148826559816829	0.00372066399542072	0	0	0	0	0	0.00500858614768174	0	0	0	0	0	0	0	0	0.00515168860904408	0	0	0	0	0	0	0	0	0	0	0	0	0	0	0	0.00128792215226102	0	0	0	0	0	0	0	0	0	0	0	0	0.00300515168860904	0	0	0	0	0	0	0	0	0	0.00500858614768174	0	0.0100171722953635	0	0	0.00457927876359473	0	0	0	0	0	0	0	0	0	0	0	0	0	0	0	0	0	0	0	0	0.0123068116771608	0	0	0	0	0	0	0	0.0151688609044076	0	0	0	0	0.0362049227246709	0	0	0	0	0	0	0	0	0	0	0	0	0	0	0	0.0404979965655409	0	0	0	0	0	0	0	0	0	0	0	0	0	0	0	0	0	0	0	0	0	0	0	0	0	0	0	0	0	0	0	0	0.00257584430452204	0	0	0	0.00314825414997138	0	0	0	0.00143102461362335	0.0044361763022324	0	0	0	0	0	0	0	0	0	0.00128792215226102	0	0	0	0	0	0
0	0	0	0	0	0	0	0	0.00149540696432386	0	0	0	0	0	0	0	0	0	0	0	0	0	0	0	0	0	0	0	0	0	0	0	0	0	0	0	0	0	0	0	0	0	0	0	0	0	0	0	0	0	0	0	0	0	0	0	0	0	0.00341807306131169	0	0	0	0	0	0	0	0	0	0	0	0	0	0.00299081392864772	0	0	0	0	0	0	0	0.0529801324503311	0	0	0	0	0	0	0	0	0	0	0	0	0	0	0	0	0	0	0	0	0	0	0	0	0	0	0	0	0	0	0	0	0	0	0	0	0	0	0	0.0143131809442427	0	0	0	0	0	0	0	0	0	0	0	0	0	0	0.0177312540055544	0	0	0	0	0	0	0	0	0	0.00128177739799188	0	0	0	0.0397350993377483	0	0	0	0	0	0.00128177739799188	0.00170903653065584	0	0	0	0	0	0	0	0	0	0.000427259132663961	0	0	0	0	0	0	0	0	0	0	0	0.0138859218115787	0	0	0	0	0	0.0132450331125828	0	0	0	0.00363170262764367	0	0	0	0	0.00469985045930357	0	0	0	0	0.00811792352061525	0	0	0	0	0	0	0	0	0	0	0	0	0	0	0.0301217688528092	0	0	0	0	0	0	0	0	0	0	0	0	0.000640888698995941	0	0	0.00619525742362743	0	0	0	0	0	0	0	0	0	0	0	0.00405896176030763	0	0	0	0.0100405896176031	0	0	0.021362956633198	0.0239265114291818	0	0	0	0	0	0	0	0	0.0361033967101047	0	0	0	0	0	0	0	0	0	0	0	0	0	0.00704977568895535	0	0	0	0	0	0	0	0	0	0	0	0	0	0	0	0	0	0	0	0	0	0	0	0	0	0	0	0	0	0	0	0	0	0	0	0	0	0	0	0	0	0	0	0	0	0	0	0	0.0373851741080966	0	0	0.0480666524246956	0	0	0	0	0	0	0	0	0	0	0	0	0	0	0	0	0	0	0	0	0	0	0	0	0	0	0	0	0	0	0	0	0.0164494766075625	0	0	0	0	0	0	0	0	0	0	0	0	0.00384533219397565	0	0	0	0	0	0	0	0	0	0	0	0	0	0	0	0	0	0	0	0.0410168767357402	0	0	0	0	0	0	0	0	0	0	0	0	0	0	0	0	0	0	0	0	0	0	0	0	0	0	0	0	0	0	0	0	0.0021362956633198	0	0	0	0	0.0258491775261696	0	0	0	0	0	0	0	0	0	0	0	0	0	0	0	0	0	0	0	0	0	0	0	0	0	0	0	0	0	0	0	0	0	0	0	0	0	0	0	0	0	0	0	0.00534073915829951	0.00341807306131169	0	0	0	0.000427259132663961	0	0	0	0	0	0	0	0	0	0	0	0	0	0	0	0	0	0	0	0	0	0	0	0.02157658619953	0	0	0	0	0	0	0.0021362956633198	0	0	0	0	0	0	0.00170903653065584	0	0	0	0	0	0	0.00170903653065584	0.02157658619953	0	0	0	0	0	0	0	0	0	0	0.00384533219397565	0	0.0187994018372143	0	0	0	0	0	0	0	0	0	0	0	0	0	0	0	0.000640888698995941	0	0	0	0	0	0	0.00704977568895535	0	0	0	0.0155949583422346	0	0	0	0	0	0	0	0	0	0	0	0	0.00149540696432386	0	0	0	0.00170903653065584	0	0	0	0.00598162785729545	0	0	0	0	0	0	0.043366801965392	0	0	0	0	0	0	0	0	0	0	0	0	0	0	0.00576799829096347	0	0	0	0	0	0	0	0	0	0	0	0	0.00277718436231574	0	0	0	0	0	0	0	0	0	0	0	0	0	0	0	0	0	0	0.143131809442427	0	0	0	0	0	0	0	0	0	0	0	0	0	0	0	0.00128177739799188	0	0	0	0	0	0	0	0	0	0	0	0	0	0	0	0	0	0	0	0	0	0	0	0	0	0	0	0	0	0	0	0	0	0	0	0	0	0	0	0	0	0	0	0	0	0	0	0	0	0	0	0	0	0	0.00277718436231574	0.00256355479598376	0	0.00192266609698782	0	0	0	0.00961333048493912	0.00170903653065584	0	0	0	0	0	0.0173039948728904	0	0	0	0	0	0	0	0	0.00299081392864772	0	0	0	0	0	0	0	0	0	0	0	0	0	0	0	0	0	0	0	0	0	0	0	0	0	0	0	0	0.0100405896176031	0	0.00234992522965178	0	0	0	0	0.000640888698995941	0	0.00469985045930357	0	0	0	0	0	0.00790429395428327	0	0	0	0	0	0	0	0	0	0	0	0	0	0	0	0	0.00512710959196753	0	0	0	0.00512710959196753	0	0	0	0	0	0	0	0.0132450331125828	0	0	0	0	0.0589617603076266	0	0	0	0	0.00363170262764367	0	0	0	0	0	0	0	0	0	0	0.0299081392864772	0	0	0	0	0	0	0	0	0	0	0	0	0	0	0	0	0	0	0	0	0	0	0	0	0	0	0	0	0	0	0	0	0.00299081392864772	0	0	0	0.00149540696432386	0	0	0	0.00256355479598376	0.00277718436231574	0	0	0	0	0	0	0	0	0	0	0	0	0	0	0	0.00512710959196753
0	0	0	0	0	0	0	0	0	0	0	0	0	0	0	0.000814166497048646	0	0	0	0	0	0	0	0	0	0	0.00895583146753511	0	0.00753104009769998	0.0195399959291675	0.0026460411154081	0.00284958273967026	0	0	0	0	0	0	0	0	0	0	0	0	0	0	0	0	0	0	0	0	0.00875228984327295	0	0	0	0	0	0	0.00875228984327295	0	0	0	0	0	0	0	0	0	0	0	0	0.00223895786688378	0	0	0	0	0	0	0	0	0	0	0	0	0	0	0	0	0	0	0	0	0	0	0	0	0	0	0	0	0	0	0	0	0	0	0	0	0	0	0	0	0	0	0	0	0	0	0	0.0142479136983513	0	0	0	0	0	0	0	0	0	0	0	0	0	0	0.0844697740687971	0	0	0	0	0	0	0.00630979035212701	0	0	0	0	0	0	0.0156727050681864	0	0	0.000814166497048646	0	0	0	0.00427437410950539	0	0	0.0130266639527783	0	0	0	0	0	0	0	0	0	0.0079381233462243	0	0	0	0	0	0	0	0	0	0	0	0	0	0	0	0	0	0	0.0109912477101567	0	0	0	0	0.0026460411154081	0	0	0	0	0	0	0	0	0	0	0.00305312436393242	0	0	0	0	0	0	0	0	0.0193364543049054	0	0	0	0	0	0	0	0	0	0	0	0	0	0	0.00223895786688378	0	0	0	0	0	0	0	0	0	0	0	0	0.00305312436393242	0	0	0	0	0	0	0.00834520659474863	0.020150620801954	0	0	0	0	0	0	0	0	0.0451862405861999	0	0	0	0	0	0	0	0	0	0	0	0	0	0	0	0	0	0	0	0	0	0	0	0	0	0	0	0	0	0	0	0	0	0	0	0	0	0	0	0	0	0	0	0	0	0	0	0	0	0	0	0	0	0	0	0	0	0	0	0	0	0.00875228984327295	0.0111947893344189	0	0	0.018929371056381	0	0	0	0	0	0	0	0	0	0	0	0	0	0	0	0	0	0	0	0	0	0.00284958273967026	0	0	0	0	0	0	0	0	0	0	0.0248320781599837	0	0	0	0.00162833299409729	0	0	0	0	0	0	0	0	0	0	0	0	0	0	0	0	0	0	0	0	0.00284958273967026	0	0	0	0	0	0	0	0.0374516588642377	0	0	0	0	0	0	0	0	0	0	0	0	0	0	0	0	0	0	0.00183187461835945	0	0	0	0	0	0	0	0	0.0105841644616324	0	0	0	0	0	0	0	0	0	0.00162833299409729	0	0	0	0	0	0	0	0	0	0	0	0	0	0	0	0	0	0	0	0	0	0.0113983309586811	0	0	0	0	0	0	0	0	0	0	0	0	0	0	0	0	0	0	0	0	0	0	0	0	0	0	0	0	0	0	0	0	0	0	0	0	0	0	0	0	0	0	0	0	0	0	0	0	0	0	0.0433543659678404	0	0	0	0	0	0	0	0	0	0	0	0.00162833299409729	0	0.00244249949114594	0	0	0	0	0	0	0	0.0236108284144107	0	0	0	0	0	0	0	0	0	0	0	0	0.123753307551394	0	0	0	0	0	0	0	0	0	0	0	0	0	0	0	0	0	0	0	0	0	0	0.00610624872786485	0	0	0	0	0	0	0	0	0	0	0	0	0	0	0	0	0	0.0026460411154081	0.0069204152249135	0	0.0209647872990026	0	0	0	0	0	0	0	0.00610624872786485	0	0	0	0	0	0	0	0	0	0	0	0	0	0	0	0	0	0.00183187461835945	0	0	0	0	0	0	0	0	0	0	0	0	0.00183187461835945	0	0	0	0	0	0	0	0	0	0	0	0	0	0	0	0	0	0.00101770812131081	0.0777529004681457	0	0	0	0	0	0	0	0	0.00915937309179727	0	0	0	0	0	0	0	0	0	0	0.00386729086098107	0	0	0	0	0	0	0	0	0	0	0	0	0	0.00386729086098107	0	0	0	0	0	0	0	0	0	0	0	0	0.00284958273967026	0	0	0	0	0	0	0	0	0	0	0	0	0	0	0	0	0	0	0	0	0	0	0	0	0	0	0	0	0	0.000407083248524323	0.0140443720740892	0.00915937309179727	0	0	0.00203541624262162	0	0	0.0105841644616324	0	0	0	0	0	0	0	0	0	0	0	0	0	0	0	0	0.00447791573376756	0	0	0	0	0	0.0120089558314675	0	0.00305312436393242	0	0	0	0	0	0	0	0	0	0	0.00203541624262162	0	0.00671687360065133	0	0	0	0	0	0	0.00346020761245675	0	0.00549562385507836	0.0124160390799919	0	0.0069204152249135	0	0	0	0	0	0	0	0	0	0	0	0	0	0	0	0	0	0	0	0	0	0	0	0.00854874821901079	0	0	0	0	0	0	0	0.0134337472013027	0	0	0	0	0.0435579075921026	0	0	0	0	0	0	0	0	0	0	0	0	0	0	0	0.0266639527783432	0	0	0	0	0	0	0	0	0	0	0	0	0	0	0	0	0	0	0	0	0	0	0	0	0	0	0	0	0	0	0	0.00549562385507836	0.00671687360065133	0	0	0	0	0	0	0	0.00447791573376756	0	0	0	0.000814166497048646	0	0	0	0	0	0	0	0	0	0	0	0	0
0	0	0	0	0	0.00581278813389457	0	0	0.00140308679094007	0	0	0	0	0	0	0	0	0	0	0	0	0	0	0	0	0	0	0	0	0.0128282220885949	0.056323912607737	0	0	0	0	0	0	0	0	0	0	0	0	0	0	0	0	0	0	0	0	0	0	0	0	0	0	0	0	0	0	0	0	0	0	0	0	0.008819402685909	0	0	0	0	0	0	0	0	0	0	0	0	0	0	0	0	0	0	0	0.0190418921627581	0	0	0	0	0	0	0	0	0	0	0	0	0	0	0	0	0	0	0	0	0	0	0	0.00120264582080577	0	0	0	0	0	0	0	0	0	0	0	0	0	0	0	0	0	0	0	0	0	0	0	0.00641411104429745	0	0	0	0	0	0	0	0	0	0	0	0	0	0	0	0	0	0	0	0	0.00841852074564041	0	0	0	0	0	0	0.00300661455201443	0	0	0.0765684505913009	0	0	0.0174383644016837	0	0	0	0	0	0	0	0	0.0138304269392664	0	0	0	0	0	0	0	0	0	0	0	0	0	0	0	0	0	0	0	0	0	0	0	0	0	0	0	0	0	0	0	0	0	0	0.00661455201443175	0	0	0	0	0	0	0	0	0	0	0	0	0	0	0	0	0	0	0	0	0	0	0	0	0	0	0	0	0	0	0	0	0	0	0	0.056323912607737	0	0	0	0	0	0	0	0	0.103026658649028	0	0	0	0	0	0	0	0	0	0	0	0	0	0	0	0	0	0	0	0	0	0	0	0	0	0	0.00200440970134295	0	0	0	0	0	0	0	0	0	0	0	0	0	0	0	0	0	0	0	0	0	0	0	0	0	0	0	0	0	0	0	0	0	0	0	0.00962116656644618	0	0	0	0	0	0	0	0	0	0	0	0	0	0	0	0.0150330727600722	0	0	0	0	0	0	0	0	0	0	0	0	0	0	0	0	0	0	0	0.0110242533573863	0	0	0	0.0168370414912808	0	0	0	0	0	0	0	0	0	0	0	0	0	0	0	0	0	0	0	0	0	0	0	0	0	0	0	0	0	0	0	0	0	0	0	0	0	0.0218480657446382	0	0	0	0	0	0	0	0	0	0.0172379234315494	0	0	0	0	0	0	0	0	0	0	0	0	0	0	0	0	0	0	0.00260573261174584	0	0	0	0	0	0	0	0	0	0	0	0	0	0.00220485067147725	0	0	0	0	0	0	0	0	0	0	0	0	0	0	0	0	0	0	0	0	0	0	0	0	0	0	0	0	0	0	0	0	0	0	0	0	0	0	0	0	0	0	0	0	0	0	0	0	0	0	0	0	0	0	0	0	0.00501102425335739	0	0	0	0	0	0	0	0	0	0	0	0	0	0	0	0	0	0	0	0	0	0	0.104028863499699	0.00521146522349168	0	0	0	0	0	0	0	0	0	0	0	0	0.0677490479053919	0	0	0	0	0	0	0	0	0	0	0.00761675686510323	0	0	0	0	0	0	0	0	0	0	0	0.0116255762677891	0	0	0	0	0	0.00360793746241732	0	0	0	0	0	0	0	0	0	0	0	0	0	0	0	0	0	0	0	0	0	0	0	0	0	0	0	0	0	0	0	0	0	0	0	0	0	0	0	0	0.00220485067147725	0	0.0046101423130888	0	0	0	0	0	0	0	0	0	0	0	0	0	0	0	0	0	0	0	0	0	0	0	0	0	0.00260573261174584	0	0	0	0.0090198436560433	0	0	0	0	0	0	0	0	0	0	0	0	0	0	0	0	0	0	0	0	0	0	0	0	0	0	0	0	0.00841852074564041	0	0	0	0	0	0	0	0	0	0	0	0	0	0	0	0	0	0	0	0	0	0	0	0	0	0	0	0	0	0	0	0	0	0	0	0	0	0	0	0	0	0	0	0	0	0	0	0	0	0	0	0	0	0	0	0.0996191621567448	0	0	0	0	0	0	0	0	0	0	0	0	0	0	0	0	0.00140308679094007	0	0	0	0	0	0	0	0.00340749649228302	0	0	0	0	0	0	0	0	0	0	0	0	0	0	0	0	0	0	0	0	0	0	0	0	0.0392864301463219	0	0	0.00120264582080577	0	0	0	0	0	0	0	0	0	0	0	0	0	0	0	0	0	0	0	0	0.00300661455201443	0	0	0	0	0	0	0	0.00360793746241732	0	0	0	0	0.0865904990980156	0.000601322910402886	0	0	0	0	0	0	0	0	0	0	0	0	0	0	0	0	0	0	0	0	0	0.00100220485067148	0	0	0	0	0	0	0	0	0	0	0	0	0	0	0	0	0	0	0	0	0	0	0	0	0	0.0102224894768491	0	0	0	0	0	0	0	0.0228502705953097	0	0	0	0	0	0	0	0	0	0	0	0	0	0	0	0	0
0	0	0	0	0	0	0	0	0	0.0040163868583822	0	0	0	0	0	0	0	0	0	0	0	0	0	0	0	0	0.0347819101935898	0.00168688248052052	0.0145393204273436	0.00546228612739979	0.0371917423086192	0	0	0	0	0	0	0	0	0	0	0	0	0	0	0	0	0.000722949634508796	0	0	0	0	0.0149409591131818	0	0	0	0	0	0	0.00216884890352639	0	0	0	0	0	0	0	0.004739336492891	0	0	0	0	0	0	0	0	0	0	0	0	0	0	0	0	0	0	0	0	0	0	0	0	0	0	0	0	0	0	0	0	0	0	0	0	0	0	0	0	0.000562294160173508	0	0	0	0	0	0	0	0	0	0	0	0	0	0	0	0	0	0	0	0	0	0	0.00120491605751466	0	0	0	0.25230942244357	0	0	0	0	0	0	0	0	0	0	0	0	0	0.00449835328138806	0	0	0	0	0.000481966423005864	0.00257048758936461	0	0.00996063940878785	0	0.000722949634508796	0	0	0	0	0	0	0	0	0	0	0	0	0	0	0	0	0	0	0	0	0	0	0	0	0	0	0	0	0.00706884087075267	0	0	0	0	0.000883605108844084	0	0	0	0	0	0	0	0	0	0	0	0	0	0	0	0	0	0	0	0.00361474817254398	0	0	0	0	0	0	0	0	0	0	0	0	0	0	0	0	0	0	0	0	0	0	0	0	0	0	0	0	0.00144589926901759	0	0	0.0138163707928348	0	0	0.00257048758936461	0.0073098240822556	0	0	0	0	0	0	0	0	0.00867539561410555	0	0	0	0.00232950437786168	0	0	0	0	0	0	0	0	0	0	0	0	0	0	0.000722949634508796	0	0	0	0	0	0	0	0	0	0	0	0.000883605108844084	0	0	0	0	0	0	0	0	0	0	0	0	0	0	0	0	0	0	0	0.00481966423005864	0.000160655474335288	0	0	0	0	0	0	0	0	0	0	0.00481966423005864	0	0	0	0	0	0	0	0	0	0.00538195839023215	0	0	0	0	0	0	0	0	0	0	0	0	0	0	0	0	0	0	0	0	0	0	0	0	0	0.00819342919109969	0	0.00080327737167644	0	0.00240983211502932	0.00136557153184995	0	0	0	0	0	0	0	0	0.00594425255040565	0	0	0	0	0	0	0	0	0	0	0	0.00449835328138806	0	0	0	0	0	0	0.00208852116635874	0	0	0	0	0	0	0	0	0	0	0	0	0	0	0	0	0	0	0.00168688248052052	0	0	0	0	0	0	0	0	0	0	0	0	0.000642621897341152	0	0	0.0032934372238734	0	0	0.0032934372238734	0	0	0	0	0	0	0	0	0	0	0	0	0	0	0	0	0	0	0	0.000160655474335288	0	0	0	0	0	0	0	0	0	0	0	0	0	0	0	0	0	0	0	0	0.00224917664069403	0	0	0	0.00080327737167644	0	0	0	0	0	0	0	0	0	0	0	0	0	0.0116475218893084	0	0	0	0	0	0	0	0	0	0	0	0	0	0.0159048919591935	0	0	0	0	0	0	0	0	0	0	0	0.00481966423005864	0	0.0104426058317937	0.00136557153184995	0	0.0080327737167644	0	0	0	0	0.023455699252952	0	0	0	0	0	0	0	0	0	0	0.00321310948670576	0	0.00337376496104105	0	0	0	0	0	0	0	0	0	0	0	0	0	0	0	0	0	0	0	0	0	0	0	0	0	0	0	0	0	0	0	0	0	0	0	0	0	0	0	0	0	0.0105229335689614	0	0.00232950437786168	0	0	0	0	0	0	0	0	0	0.0060245802875733	0.193268535625351	0	0	0	0	0	0	0	0	0	0	0	0	0	0	0.00112458832034702	0	0	0	0	0	0	0	0	0	0	0	0	0	0	0	0	0	0	0	0	0	0	0	0	0	0	0	0	0	0	0	0.0122098160494819	0	0	0	0	0	0	0	0	0	0	0	0	0	0	0	0	0	0	0.00136557153184995	0.0138966985300024	0	0	0	0	0	0	0	0	0	0	0	0	0	0.00297212627520283	0.0132540766326613	0	0	0	0	0	0	0	0	0	0	0	0.000562294160173508	0	0	0	0	0.00080327737167644	0	0	0	0	0	0	0	0	0	0	0	0	0	0	0	0	0	0	0	0	0	0	0	0	0	0.00650654671057916	0	0	0	0	0	0	0.0565507269660214	0	0	0	0	0	0	0	0	0.00321310948670576	0	0.00144589926901759	0	0	0	0	0.00160655474335288	0	0	0	0	0	0	0	0	0	0	0	0	0	0	0	0	0	0	0	0	0	0.00393605912121456	0	0	0	0	0	0	0.00104426058317937	0	0	0	0	0	0	0	0.00192786569202346	0	0	0	0	0	0	0	0	0	0.000160655474335288	0	0	0	0	0	0	0.00353442043537634	0	0	0	0.00489999196722628	0	0	0	0	0	0	0	0.00538195839023215	0	0.00722949634508796	0	0	0.0380753474174632	0	0	0	0	0.00313278174953812	0	0	0	0.00112458832034702	0	0	0	0	0	0	0.00747047955659089	0	0	0	0.000240983211502932	0	0	0	0	0	0	0	0	0	0	0.00337376496104105	0	0	0	0	0	0	0	0	0	0	0.000722949634508796	0	0	0	0	0	0	0.00120491605751466	0	0	0	0.00240983211502932	0	0	0	0.00457868101855571	0.00457868101855571	0	0	0	0	0	0	0	0	0	0.000562294160173508	0	0	0	0	0	0
0	0	0	0	0	0	0	0	0	0	0	0	0	0	0	0	0	0	0	0	0	0	0	0	0	0	0	0	0.00414871549385671	0.129727142173289	0	0	0	0	0	0	0	0	0	0	0	0	0	0	0	0	0	0	0	0	0	0	0	0	0	0	0	0	0	0.00813786500718047	0	0	0	0	0	0	0	0	0	0	0	0	0.0134035423647678	0	0	0	0	0	0	0	0	0.00271262166906016	0	0	0	0	0	0	0	0	0	0	0	0	0	0	0	0	0.0114887505983724	0	0	0	0	0	0	0	0	0	0	0	0	0	0	0	0	0	0	0	0	0	0	0	0	0	0	0	0	0	0	0	0	0	0	0	0	0.259773416307643	0	0	0	0	0	0	0	0	0	0	0	0	0	0.00271262166906016	0	0	0	0	0	0	0	0	0	0	0	0	0	0	0	0	0	0	0	0	0	0	0	0	0	0	0	0	0	0.0015956598053295	0	0	0	0	0	0	0	0	0.0170735599170257	0	0	0	0	0	0	0	0	0	0	0.000319131961065901	0	0	0	0	0	0	0	0	0	0	0.000319131961065901	0	0	0.0100526567735759	0	0	0	0	0	0	0	0	0	0	0	0	0	0	0.0019147917663954	0	0	0	0	0	0	0	0	0	0	0	0	0.0019147917663954	0	0	0	0	0	0	0.00478697941598851	0.0389340992500399	0	0	0.000797829902664752	0	0	0	0	0	0.0170735599170257	0	0	0	0.00207435774692835	0	0	0	0	0	0	0	0	0	0	0	0	0	0	0	0	0	0	0	0	0	0	0	0	0	0	0	0	0	0	0	0	0	0	0.000319131961065901	0.0012765278442636	0	0	0	0	0	0	0	0	0	0	0	0	0	0	0	0	0	0	0	0	0	0	0.0116483165789054	0	0	0	0.000319131961065901	0	0	0	0	0	0	0	0	0	0	0	0	0	0	0	0	0	0	0	0	0	0	0	0	0	0	0	0	0	0	0.000797829902664752	0	0	0	0	0	0.00398914951332376	0	0	0	0	0	0	0	0	0.0106909206957077	0	0	0	0	0	0	0	0.00446784745492261	0	0	0	0	0	0	0	0	0	0	0	0	0	0	0	0	0	0	0.000638263922131801	0	0	0	0.000319131961065901	0	0	0.000319131961065901	0	0	0	0.0237753310994096	0	0	0	0	0	0	0	0	0	0	0	0	0	0	0	0	0	0	0	0	0	0	0	0	0	0	0	0	0	0	0	0	0	0	0	0	0	0	0	0	0	0	0	0	0	0	0	0	0	0	0	0	0	0	0	0	0	0	0	0	0	0	0	0	0	0	0	0	0	0	0	0	0	0	0	0	0	0	0	0	0	0	0	0	0.0012765278442636	0	0	0	0	0	0	0	0	0	0	0	0	0	0.0012765278442636	0	0	0	0	0.00973352481250997	0	0.0114887505983724	0.0012765278442636	0	0	0	0.00686133716291687	0	0.00175522578586245	0.00510611137705441	0	0	0	0	0	0	0	0	0	0	0	0	0	0	0	0	0	0	0	0	0	0	0.00207435774692835	0.00734003510451572	0	0	0	0	0	0	0	0	0	0	0	0.00765916706558162	0	0	0	0	0	0	0	0	0	0	0	0	0	0	0	0	0	0.00207435774692835	0.00462741343545556	0	0.0108504866762406	0	0	0	0	0	0	0	0	0	0.00941439285144407	0.00494654539652146	0	0	0	0	0	0	0	0	0	0	0	0	0	0	0	0	0	0	0	0	0	0	0	0	0	0	0	0.000797829902664752	0	0	0	0	0	0	0	0	0	0	0	0	0	0	0	0	0	0	0.0263283867879368	0	0	0	0	0	0	0	0	0	0	0	0	0	0	0	0	0	0	0	0.00430828147438966	0	0	0	0	0	0	0	0	0.00765916706558162	0	0	0	0	0	0	0	0	0	0	0	0.000319131961065901	0	0	0	0	0	0	0	0	0	0	0	0	0	0	0	0	0	0	0.000319131961065901	0	0	0	0	0	0	0	0	0	0	0	0	0	0	0	0	0	0.00367001755225786	0	0	0	0	0	0	0.00765916706558162	0	0	0	0	0	0	0	0	0.00510611137705441	0	0	0	0	0	0	0	0.00319131961065901	0	0	0	0	0	0	0	0.000797829902664752	0	0	0	0	0	0	0	0	0	0	0	0	0	0	0	0	0	0	0	0.00718046912398277	0	0.00430828147438966	0	0	0.0143609382479655	0	0	0	0	0	0	0	0	0	0	0	0	0	0	0	0	0	0	0	0	0	0	0	0.00430828147438966	0	0	0	0	0	0	0	0.00287218764959311	0	0	0	0	0.0157970320727621	0	0	0	0	0	0	0	0	0	0	0	0	0	0	0	0.172969522897718	0	0	0	0	0	0	0.000638263922131801	0	0	0	0	0	0	0	0.00414871549385671	0.000319131961065901	0	0	0	0	0	0	0	0	0	0	0	0.000638263922131801	0	0	0	0	0.00430828147438966	0	0	0.00382958353279081	0.0110100526567736	0	0	0	0	0	0	0	0	0	0	0	0	0	0.0178713898196904	0	0	0	0	0	0	0
0	0	0	0	0	0	0	0	0	0	0	0	0	0	0	0	0	0	0	0	0	0	0	0	0	0	0	0	0	0.0656823774370623	0	0	0	0	0	0	0	0	0	0	0	0	0	0	0	0	0	0	0	0	0	0	0.0478894567480598	0	0	0	0	0	0.00340715502555366	0	0	0	0	0	0	0	0	0	0	0	0	0	0.00530001892863903	0	0	0	0	0	0	0	0.00776074200265001	0	0	0	0	0	0	0	0	0	0	0	0	0	0	0	0	0	0	0	0	0	0	0	0	0	0	0	0	0	0	0	0	0	0	0	0	0	0	0	0	0	0	0	0	0	0	0	0	0	0	0	0	0	0	0.0138179064925232	0	0	0	0	0	0	0	0	0	0	0	0	0	0.0340715502555366	0	0	0	0	0	0.00283929585462805	0	0	0	0	0	0	0	0	0	0	0	0	0	0.00530001892863903	0	0	0	0	0	0	0	0	0	0	0	0	0	0	0.00473215975771342	0	0	0	0.00605716448987318	0	0	0	0	0.013060760931289	0	0	0	0	0	0	0	0	0	0	0	0	0	0	0	0	0	0	0	0.0247965171304183	0	0	0	0	0	0	0	0	0.00965360590573538	0	0	0	0	0	0	0.00302858224493659	0	0	0	0	0	0	0	0	0	0	0	0	0	0	0	0	0	0	0.00643573727049025	0.0310429680106	0	0	0	0	0	0.00548930531894757	0	0	0.0505394662123793	0	0	0	0	0	0	0	0	0	0	0	0	0	0	0	0	0	0	0	0	0	0	0	0	0	0	0	0	0	0	0	0	0	0	0	0	0	0	0	0	0	0	0	0	0	0	0	0	0	0	0	0	0	0	0	0	0	0	0	0	0	0.0107893242475866	0.00321786863524513	0	0	0.0318001135718342	0	0	0	0	0	0	0.0518644709445391	0	0	0	0	0	0	0	0	0	0	0	0	0	0	0	0	0	0	0	0	0	0	0.0494037478705281	0	0	0.0321786863524513	0	0	0	0	0	0	0	0	0	0	0	0	0	0	0.00378572780617074	0	0	0	0.00605716448987318	0	0	0	0	0	0	0	0	0	0.00056785917092561	0	0	0	0	0	0	0	0	0	0	0	0	0	0	0	0	0	0	0	0	0	0	0	0	0	0	0.00246072307401098	0.00624645088018171	0	0	0	0	0	0	0	0	0	0	0	0	0	0.00435358697709635	0	0	0	0	0	0	0	0	0	0	0	0	0	0	0	0	0	0	0	0	0	0	0	0	0	0	0	0	0.00056785917092561	0	0	0	0	0	0	0	0	0	0	0	0	0	0	0	0	0	0	0	0	0	0	0	0	0	0	0	0.00454287336740488	0	0.00473215975771342	0	0	0	0	0	0	0	0	0	0	0	0	0	0	0	0	0	0	0	0	0	0	0	0	0	0	0	0.00321786863524513	0	0	0.00151429112246829	0	0	0	0	0.0149536248343744	0	0	0	0	0	0	0	0	0	0	0.0071928828317244	0	0.0168464887374598	0	0	0	0	0	0	0	0	0	0	0	0	0	0	0	0	0	0	0	0	0	0	0.00870717395419269	0	0	0	0	0	0	0	0	0	0	0	0	0	0	0	0	0.00113571834185122	0	0	0	0.0299072496687488	0	0	0	0	0	0	0	0	0	0	0	0	0.00132500473215976	0	0	0	0	0	0	0	0	0	0	0	0	0.00965360590573538	0	0	0	0	0	0	0	0	0	0	0	0	0	0	0	0	0	0	0	0	0	0	0	0	0.00416430058678781	0	0	0	0	0	0.000757145561234147	0.114139693356048	0	0	0	0	0	0	0	0	0	0	0	0	0	0	0	0	0	0	0	0	0	0	0	0	0	0	0	0	0	0	0	0	0	0	0	0	0	0	0	0	0	0.000946431951542684	0	0	0	0	0.000757145561234147	0	0	0	0	0	0	0	0	0	0	0	0.00246072307401098	0	0	0	0	0	0	0	0	0	0	0	0	0	0	0	0	0	0	0.0172250615180768	0	0	0	0	0	0	0	0	0	0	0	0	0	0	0	0.00946431951542684	0	0	0	0	0	0	0	0.00511073253833049	0	0	0	0	0	0	0	0	0	0	0	0	0	0	0	0	0	0	0	0	0.00813931478326708	0	0	0	0	0	0	0	0	0	0	0	0	0	0	0.00397501419647927	0	0	0	0	0	0	0	0	0	0	0	0	0	0	0	0	0	0	0	0	0.00700359644141586	0	0	0	0	0	0	0	0.0168464887374598	0	0	0	0	0.092750331251183	0	0	0	0	0	0	0	0	0	0	0	0	0	0	0	0.0636002271436684	0	0	0	0	0	0	0.00302858224493659	0	0	0	0	0	0	0	0	0	0	0	0	0	0	0	0	0	0	0	0	0	0	0	0	0	0	0	0	0	0	0	0	0	0.00170357751277683	0	0	0	0	0	0	0	0	0	0	0	0	0	0	0	0	0
0	0	0	0	0	0	0	0	0	0	0	0	0	0	0	0	0	0	0	0	0	0	0	0	0	0	0	0	0	0.00157778479015462	0	0	0	0	0	0	0	0	0	0	0	0	0	0	0	0	0	0	0	0	0	0	0.00173556326917009	0	0	0	0	0	0.00299779110129378	0	0	0	0	0	0	0	0	0	0	0	0	0	0.00157778479015462	0	0	0	0	0	0	0	0	0	0	0	0	0	0	0	0	0	0	0	0	0	0	0	0	0	0	0	0	0	0	0.0037866834963711	0	0	0	0	0	0	0	0	0	0	0	0	0	0	0	0	0	0	0	0	0	0	0	0	0	0	0	0	0	0	0	0.0247712212054276	0	0	0	0	0	0	0	0	0	0.00142000631113916	0	0	0	0.0100978226569896	0	0	0	0	0.0037866834963711	0	0.00615336068160303	0.0107289365730514	0	0	0	0	0	0	0	0	0	0	0	0.00441779741243294	0	0	0	0	0	0	0	0	0.0206689807510256	0	0	0	0	0	0.00757336699274219	0	0	0	0	0	0	0	0	0	0	0	0	0	0	0	0	0	0	0	0	0	0	0	0	0	0	0	0	0.0250867781634585	0	0	0	0	0	0	0	0	0	0	0	0	0	0	0	0.00646891763963395	0	0	0	0	0	0	0	0	0	0	0	0.00694225307668034	0	0	0	0	0	0	0.00615336068160303	0.0121489428841906	0	0	0	0	0	0.0037866834963711	0	0	0.0946670874092774	0	0	0	0.000946670874092774	0	0	0	0	0	0	0	0.00552224676554118	0	0	0	0	0	0	0	0	0	0	0	0	0	0	0.00678447459766488	0	0	0	0	0	0	0	0	0	0	0	0	0	0	0	0	0	0	0	0	0	0	0	0.00599558220258757	0	0	0	0	0	0	0	0	0	0	0	0.00915115178289681	0	0	0.0071000315556958	0	0	0	0	0	0	0	0	0	0	0	0	0	0	0	0	0	0	0	0	0	0	0	0	0	0	0	0	0	0	0	0	0.0331334805932471	0	0	0	0	0	0	0	0	0	0	0	0	0	0	0	0	0	0	0	0	0	0	0	0	0	0	0	0	0	0	0	0	0.00678447459766488	0	0	0	0	0	0	0	0	0	0	0	0	0	0	0	0	0	0	0.00236667718523193	0	0	0	0	0	0	0	0	0	0	0	0	0	0	0	0	0	0	0.00536446828652572	0	0	0.00142000631113916	0	0	0	0	0	0	0	0.00315556958030925	0	0	0	0	0	0	0	0	0	0	0	0	0	0	0	0	0	0	0	0	0	0	0	0	0	0	0	0	0	0	0	0	0	0	0	0	0	0	0	0	0	0	0	0	0	0.00473335437046387	0	0.00410224045440202	0	0	0	0	0	0	0	0	0	0	0	0	0	0.140422846323761	0	0	0	0	0	0	0	0	0	0	0	0	0	0	0	0	0	0	0	0	0	0	0	0	0	0	0	0	0	0	0	0.00315556958030925	0.00331334805932471	0	0.173556326917009	0	0	0	0	0	0	0	0	0	0	0	0	0	0	0	0	0	0	0	0	0	0	0	0	0	0	0	0	0	0	0	0	0	0	0	0	0	0	0	0.000631113916061849	0.0258756705585358	0.000631113916061849	0	0.0342379299463553	0	0	0	0	0	0	0	0	0	0	0	0	0	0	0	0	0	0	0	0	0	0	0	0	0	0.0156200694225308	0	0	0	0	0	0	0	0	0	0.00268223414326286	0	0	0	0	0	0	0	0	0	0	0	0	0	0	0	0	0	0	0	0	0	0.094193751972231	0	0	0	0	0	0	0	0	0	0	0	0	0	0	0	0	0	0	0	0	0	0	0	0	0	0	0	0	0	0	0	0	0	0.0168822972546545	0	0	0	0	0	0	0	0	0	0	0	0	0.0012622278321237	0	0	0	0.00615336068160303	0	0	0	0	0	0	0	0	0	0	0	0	0	0	0	0	0	0	0	0.00347112653834017	0	0	0	0	0	0	0.00205112022720101	0.00142000631113916	0	0	0	0	0	0.00142000631113916	0	0	0	0	0	0	0	0	0.00441779741243294	0	0	0	0	0	0	0	0.00284001262227832	0	0	0	0	0	0	0	0.00236667718523193	0	0	0	0	0	0	0	0	0	0	0	0	0.00205112022720101	0	0	0	0	0	0	0	0	0	0	0	0.0140422846323761	0	0	0	0	0	0	0	0	0	0	0	0	0	0	0	0	0	0	0	0	0	0	0	0.0130956137582834	0	0	0	0	0	0	0	0.0164089618176081	0	0	0	0	0.0209845377090565	0	0	0	0	0	0	0	0	0	0	0	0	0	0	0	0.0241401072893657	0	0	0	0	0	0	0	0	0	0	0	0	0	0	0	0	0	0	0	0	0	0	0	0	0	0	0	0	0	0	0	0	0.00205112022720101	0	0	0	0	0	0.00504891132849479	0	0.00236667718523193	0.00867781634585043	0	0	0	0	0	0	0	0	0	0.00142000631113916	0	0	0	0	0	0
0	0	0	0	0	0	0	0	0.0018450184501845	0	0	0	0	0	0	0	0	0	0	0	0	0	0.01230012300123	0	0	0	0	0	0.001230012300123	0.00811808118081181	0.0431734317343173	0	0	0	0	0	0	0	0	0	0	0	0	0	0	0	0	0	0	0	0	0	0.0104551045510455	0	0	0	0	0	0	0	0	0	0	0	0	0	0	0	0	0	0	0	0.00639606396063961	0	0	0	0	0	0	0	0	0.0013530135301353	0	0	0	0	0	0	0	0	0	0	0	0	0	0	0	0	0	0	0	0	0.0013530135301353	0.0004920049200492	0	0	0	0	0	0	0	0	0	0	0	0	0	0	0	0	0.0025830258302583	0	0.00861008610086101	0	0	0	0	0	0	0	0	0	0	0	0	0.140836408364084	0	0	0	0	0	0	0	0	0	0.0004920049200492	0	0	0	0.0280442804428044	0	0	0	0	0	0	0.0034440344403444	0	0	0	0	0	0	0	0	0	0	0	0	0.0142681426814268	0	0	0	0	0.0013530135301353	0	0	0	0	0	0	0	0	0	0	0	0	0	0.00947109471094711	0	0	0	0	0	0	0	0	0	0	0	0	0	0	0	0	0	0	0	0	0	0	0	0	0.0158671586715867	0	0	0	0	0	0	0	0.0040590405904059	0	0	0	0	0	0.0003690036900369	0	0.0043050430504305	0	0	0	0	0	0	0	0	0	0	0	0	0	0	0	0	0	0	0.00504305043050431	0.0274292742927429	0	0	0	0	0	0	0	0	0.0396063960639606	0	0	0	0	0	0	0.0002460024600246	0	0	0	0	0.0034440344403444	0	0	0	0	0	0	0	0	0	0	0	0	0	0	0.00553505535055351	0	0	0	0	0	0	0	0	0	0	0	0	0	0	0	0	0	0	0	0	0	0	0	0.00639606396063961	0	0	0	0	0	0	0	0	0	0	0	0.00725707257072571	0	0	0.0121771217712177	0	0	0	0	0	0	0	0	0	0	0	0	0	0	0	0	0	0	0	0	0	0	0	0.0017220172201722	0	0	0	0	0	0	0	0	0.0141451414514145	0	0	0	0.0015990159901599	0	0	0	0	0	0	0	0	0.0040590405904059	0.0020910209102091	0	0	0	0	0	0	0	0	0	0	0	0	0	0	0	0	0	0	0.0045510455104551	0	0	0	0	0	0	0	0.0011070110701107	0	0	0	0	0	0	0	0	0	0	0	0	0	0	0	0	0	0	0	0	0	0	0.0132841328413284	0	0	0	0	0	0	0.0018450184501845	0	0	0	0	0	0	0	0	0	0	0	0	0	0	0	0	0	0	0	0	0	0	0	0	0	0	0	0	0	0	0	0	0	0	0	0	0	0	0	0	0	0	0	0	0.0047970479704797	0	0	0	0	0	0	0	0	0	0	0	0	0	0.0131611316113161	0	0	0	0	0.0013530135301353	0	0	0	0	0	0	0	0	0	0	0	0	0	0.0001230012300123	0	0	0	0	0	0	0	0	0.00639606396063961	0.0015990159901599	0	0.0002460024600246	0	0	0	0	0.0472324723247232	0	0	0	0	0	0	0	0	0	0	0.00774907749077491	0	0.0644526445264453	0	0	0	0	0	0	0	0	0	0	0	0	0.0040590405904059	0	0	0	0	0	0	0	0	0	0.0132841328413284	0	0	0	0.00578105781057811	0	0	0	0	0	0	0	0	0	0	0	0	0.000984009840098401	0	0	0	0.0043050430504305	0	0	0	0.0043050430504305	0	0	0	0	0	0	0	0	0	0	0	0	0	0	0	0	0	0	0	0	0	0.0014760147601476	0	0	0	0	0	0	0	0	0	0	0	0	0	0	0	0	0	0	0	0	0	0	0	0	0	0	0	0	0	0	0	0.129028290282903	0	0	0	0	0	0	0	0	0	0	0	0	0	0	0	0	0	0	0.0044280442804428	0.0023370233702337	0	0	0	0	0	0	0	0	0	0	0	0	0	0.0039360393603936	0	0	0	0	0	0	0	0.000738007380073801	0	0	0	0	0	0	0	0	0	0	0	0.003690036900369	0	0	0	0	0	0	0	0	0	0	0	0	0	0	0	0	0	0	0	0	0	0	0	0.0177121771217712	0.0034440344403444	0	0	0	0	0	0	0	0	0	0	0	0	0	0	0.00688806888068881	0	0	0	0	0	0	0	0.002460024600246	0	0	0	0	0	0	0	0.0017220172201722	0	0	0	0	0	0	0	0	0	0	0	0	0	0	0	0	0	0	0	0.0015990159901599	0	0	0.00565805658056581	0	0.00996309963099631	0	0	0.00861008610086101	0	0	0	0	0	0	0	0	0	0	0	0	0	0	0	0	0	0	0	0	0.0047970479704797	0	0	0	0	0	0	0	0.0177121771217712	0	0	0	0	0.0302583025830258	0	0	0	0	0	0	0	0	0	0	0	0	0	0	0	0.0707257072570726	0	0	0	0.000615006150061501	0	0	0	0	0	0.0018450184501845	0	0	0	0	0	0	0	0	0	0	0	0	0	0	0	0	0	0	0	0	0	0	0	0	0.00565805658056581	0	0	0.002460024600246	0	0	0.0020910209102091	0.00713407134071341	0	0	0	0	0	0	0	0	0	0.001230012300123	0	0	0	0	0	0
0	0	0	0	0	0	0	0	0.00271125169453231	0	0	0	0	0	0	0	0	0	0	0	0	0	0	0	0	0	0	0	0	0.0598734749209218	0.00926344328965206	0	0	0	0	0	0	0	0	0	0	0	0	0	0	0	0	0	0	0	0	0	0.00835969272480795	0	0	0	0	0	0	0	0	0	0	0	0	0	0	0	0	0	0	0	0.00587437867148667	0	0	0	0	0	0	0	0	0	0	0	0.00180750112968821	0	0	0	0	0	0	0	0	0	0	0	0	0	0	0.000903750564844103	0	0	0	0	0	0	0	0	0	0	0	0	0	0	0	0	0	0	0	0	0	0	0	0	0	0	0	0	0	0	0	0	0	0	0	0.0244012652507908	0	0	0	0	0	0	0	0	0	0	0	0	0	0.0210122006326254	0.00225937641211026	0	0	0	0	0	0	0	0	0.00542250338906462	0	0	0	0	0	0	0.00677812923633077	0	0	0.02643470402169	0	0	0	0	0	0	0	0	0	0	0	0	0	0	0	0	0	0	0.0212381382738364	0	0	0	0	0	0	0	0	0	0	0	0	0	0	0	0	0	0	0	0	0	0	0	0	0.0189787618617262	0	0	0	0	0	0	0	0.0422503389064618	0	0	0	0	0	0	0	0.00338906461816539	0	0	0.00881156800723001	0	0	0	0	0	0	0	0	0	0	0	0	0	0	0	0.0192046995029372	0.0103931314957072	0	0	0	0	0	0	0	0	0.0454134658834162	0	0	0	0	0	0	0	0	0	0	0.00112968820605513	0	0	0	0	0	0	0	0	0	0	0	0	0	0	0	0	0	0	0	0	0	0	0	0	0	0	0	0	0	0	0	0	0	0	0	0	0	0	0	0.0135562584726615	0	0	0	0	0	0	0	0	0	0	0	0.0106190691369182	0	0	0.0122006326253954	0	0	0	0	0	0	0.0372797107998193	0	0	0	0	0	0	0	0	0	0	0	0	0	0	0	0	0	0	0	0	0	0	0	0	0	0.00677812923633077	0	0	0	0	0	0	0	0	0	0	0	0.00135562584726615	0	0	0	0	0	0	0	0	0	0	0	0	0	0	0	0	0.00180750112968821	0	0	0	0	0	0	0	0	0	0	0	0	0	0	0	0	0	0	0	0	0	0	0	0	0	0	0	0	0.000451875282422052	0	0	0.0061003163126977	0	0	0	0	0	0	0	0	0	0.00225937641211026	0	0	0	0	0	0	0	0	0	0	0	0	0	0	0	0	0.0158156348847718	0	0	0	0	0	0	0	0	0	0	0	0	0	0	0	0	0	0	0	0	0	0	0	0	0	0	0	0	0	0	0	0	0	0	0	0	0	0	0	0	0	0	0	0	0	0	0	0	0	0	0	0	0	0	0	0	0	0	0	0	0	0	0	0	0	0	0	0	0	0.0108450067781292	0	0	0	0	0	0	0	0.0535472209670131	0	0	0	0	0	0	0	0	0	0	0	0	0.0632625395390872	0	0	0	0	0	0	0.0180750112968821	0	0	0.000677812923633077	0	0	0	0	0	0	0	0	0	0	0	0	0	0.0112968820605513	0	0	0	0	0	0	0	0	0	0	0	0	0	0	0	0	0.00248531405332128	0	0	0.00112968820605513	0	0	0	0	0	0	0	0	0	0	0	0	0.00158156348847718	0	0	0	0	0	0	0	0	0	0	0	0	0.00248531405332128	0	0	0	0	0	0	0	0	0	0	0	0	0.00361500225937641	0	0	0	0	0	0	0	0	0	0	0	0	0	0	0.00180750112968821	0	0	0	0.0325350203343877	0	0	0	0	0	0	0	0	0	0	0	0	0	0	0	0	0	0	0	0.00497062810664257	0	0	0	0	0	0	0	0	0	0	0	0	0	0.0112968820605513	0	0	0	0	0	0	0	0	0	0	0	0	0.000903750564844103	0	0	0	0	0.00564844103027564	0	0	0	0	0	0	0	0	0	0	0	0	0	0	0	0	0	0	0.00203343877089923	0	0	0	0	0	0	0.0124265702666064	0.00180750112968821	0	0	0	0	0	0.110935381834614	0	0	0	0	0	0	0	0	0.00225937641211026	0	0	0	0	0	0	0	0	0	0	0.00632625395390872	0	0	0	0	0	0	0	0	0	0	0	0	0	0	0	0	0	0.00316312697695436	0	0	0	0	0	0	0	0	0	0	0	0.0250790781744239	0	0	0.00587437867148667	0	0	0	0	0	0	0	0	0	0	0	0	0	0	0	0	0	0	0	0	0	0	0	0	0	0	0	0	0.00948938093086308	0	0	0	0	0.0623587889742431	0	0	0	0	0	0	0	0	0	0	0	0	0	0	0	0.0664256665160416	0	0	0	0	0	0	0	0	0	0	0	0	0	0	0	0	0	0	0	0	0	0	0	0	0	0	0	0	0	0	0	0	0.00519656574785359	0	0	0	0	0	0	0	0	0.00632625395390872	0	0	0	0	0	0	0	0	0	0	0	0	0	0	0	0
0	0	0	0	0	0	0	0	0	0	0	0	0	0	0	0	0	0	0	0	0	0	0	0	0	0	0.005	0	0.00269230769230769	0.0109615384615385	0.0126923076923077	0	0	0	0	0	0	0	0	0	0	0	0	0	0	0	0	0.00980769230769231	0	0	0	0	0.00711538461538462	0	0	0	0	0	0	0	0	0	0	0	0	0	0	0	0	0	0	0	0.00480769230769231	0	0	0	0	0	0	0	0.0146153846153846	0	0	0	0	0	0	0	0	0	0	0	0	0	0	0	0	0	0	0	0	0	0	0	0	0	0	0	0	0	0	0	0	0	0	0	0	0	0	0	0	0	0	0	0	0	0	0	0	0	0	0	0	0	0	0.0873076923076923	0	0	0	0	0	0	0	0	0	0	0	0	0	0.0323076923076923	0	0	0	0	0.000769230769230769	0.00134615384615385	0.00538461538461538	0	0	0.00134615384615385	0	0	0	0	0	0	0	0	0	0	0	0	0	0	0	0	0	0	0	0.000961538461538462	0	0	0	0	0	0	0	0	0.0155769230769231	0	0	0	0	0	0	0	0	0	0	0	0	0	0	0	0	0	0	0	0	0	0.00230769230769231	0	0	0.0269230769230769	0	0	0	0	0	0	0	0	0.00653846153846154	0	0	0	0	0	0	0.00346153846153846	0	0	0	0	0.00576923076923077	0	0	0	0	0	0	0	0	0	0	0	0	0	0.0178846153846154	0.0138461538461538	0	0	0	0	0	0	0	0	0.0386538461538462	0	0	0	0	0	0.000576923076923077	0	0	0	0	0	0	0	0.0125	0	0	0	0	0	0	0	0	0	0	0	0	0.00673076923076923	0	0	0	0	0	0	0	0	0	0	0	0	0	0	0	0	0	0	0	0	0	0.00230769230769231	0	0.0523076923076923	0	0	0	0	0	0	0	0	0	0	0	0.005	0	0	0.0153846153846154	0	0	0	0	0	0	0.00692307692307692	0	0	0	0	0	0	0	0	0	0	0	0	0	0	0	0	0	0	0	0	0	0	0	0	0	0.0276923076923077	0	0	0	0	0	0	0	0	0	0	0	0	0	0	0	0	0	0	0.0128846153846154	0	0	0.114615384615385	0	0	0	0	0	0	0.000384615384615385	0	0	0	0	0	0	0	0	0	0	0	0	0	0	0	0	0	0	0	0	0	0	0.00615384615384615	0	0	0	0	0	0	0	0	0	0	0	0	0	0.00903846153846154	0	0.0111538461538462	0	0	0.0126923076923077	0	0	0	0	0	0	0	0	0	0	0	0	0	0	0	0	0	0	0	0	0	0.00211538461538462	0	0	0	0	0	0	0	0	0.00538461538461538	0	0	0	0	0	0	0	0	0	0	0	0	0.00153846153846154	0	0	0.00288461538461538	0	0	0	0	0	0	0	0	0	0	0	0.00153846153846154	0	0	0	0	0	0	0	0	0	0	0	0	0	0	0	0	0	0.00153846153846154	0	0	0	0	0	0.0025	0	0	0	0.0271153846153846	0	0	0	0	0	0	0.00307692307692308	0.005	0	0	0	0	0	0	0	0	0	0	0.0025	0	0	0	0	0	0	0	0	0	0	0	0.000576923076923077	0	0	0	0	0	0	0	0	0	0	0	0	0	0	0	0	0	0	0	0	0	0	0	0	0	0	0	0	0	0	0	0	0	0	0	0	0	0	0	0	0	0	0	0	0	0	0.00442307692307692	0	0	0	0	0	0	0	0	0	0	0	0	0.00384615384615385	0	0	0	0	0	0	0	0	0	0	0	0	0	0	0	0	0	0	0	0	0	0	0	0	0	0	0	0.00365384615384615	0	0	0	0.0715384615384615	0	0	0	0	0	0	0	0	0	0	0	0	0	0	0	0	0	0	0	0.0209615384615385	0	0	0	0	0	0	0	0	0	0	0	0	0	0	0	0	0	0	0	0	0	0.000961538461538462	0	0	0	0	0	0	0	0	0	0	0	0	0	0	0	0	0	0	0	0	0	0	0	0	0	0	0	0	0	0	0	0	0	0	0	0.0142307692307692	0	0	0	0	0	0	0.00557692307692308	0	0	0	0	0	0	0	0	0.00230769230769231	0	0	0	0	0	0	0	0	0	0	0	0	0	0	0	0.00288461538461538	0	0	0	0	0	0	0	0	0	0	0	0	0.0163461538461538	0	0	0	0	0	0	0	0	0	0.00884615384615385	0	0.0107692307692308	0	0	0.00480769230769231	0	0	0	0	0	0	0	0	0	0	0	0	0	0	0	0	0	0	0	0	0.0140384615384615	0	0	0	0	0	0	0	0.0192307692307692	0	0	0	0	0.0359615384615385	0	0	0	0	0.00538461538461538	0	0	0	0	0	0	0	0	0	0	0.0525	0	0	0	0	0	0	0	0	0	0.00557692307692308	0	0	0	0	0.00615384615384615	0	0	0	0	0	0	0	0	0	0	0	0	0	0	0	0	0	0.00173076923076923	0	0	0	0	0	0	0	0.00365384615384615	0.00442307692307692	0	0	0	0	0	0	0	0	0	0	0	0	0	0	0	0
0	0	0	0	0	0	0	0	0.000496154800297693	0	0	0	0	0.00297692880178616	0	0	0	0	0	0	0	0	0	0	0	0	0.00595385760357231	0	0.0692135946415282	0.0111634830066981	0	0	0	0	0	0	0	0	0	0	0	0	0	0	0	0	0	0.0101711734061027	0	0	0	0	0.0121557926072935	0	0	0	0	0	0.00545770280327462	0.00446539320267924	0	0	0	0	0	0	0	0	0	0	0	0	0	0	0	0	0	0	0	0	0	0	0	0	0	0	0	0	0	0	0	0	0	0	0	0	0	0	0	0	0	0	0	0.00173654180104193	0	0	0	0	0	0	0	0	0	0	0	0	0	0	0	0	0	0	0	0	0	0	0	0	0	0	0	0	0	0	0	0.172165715703299	0	0	0	0	0	0	0	0	0	0	0	0	0	0.0205904242123543	0	0	0	0	0	0	0	0	0	0	0	0	0	0	0	0	0	0	0.00421731580253039	0.0111634830066981	0	0	0	0	0	0	0	0	0.00818655420491193	0	0	0	0	0	0	0	0	0	0.00297692880178616	0	0	0	0	0	0	0	0	0	0	0	0	0	0	0	0	0	0	0	0	0	0	0	0	0.0382039196229223	0	0	0	0	0	0	0	0	0	0	0	0	0	0	0	0	0	0	0	0	0	0	0	0	0	0	0	0	0	0	0	0	0	0	0.0106673282064004	0.0136442570081866	0	0	0	0	0	0.00669808980401885	0	0	0.0821136194492682	0	0	0	0	0	0	0	0	0	0	0.000992309600595386	0	0	0.016125031009675	0	0	0	0	0	0	0	0	0	0	0	0	0.00198461920119077	0	0.0121557926072935	0	0	0	0	0	0	0	0	0	0	0	0	0	0	0	0	0	0	0	0	0	0.016125031009675	0	0	0	0	0	0	0	0	0	0	0	0.00347308360208385	0	0	0.0116596378069958	0	0	0	0	0	0	0	0	0	0	0	0	0	0	0	0	0	0	0	0	0	0	0	0	0	0	0	0	0	0	0	0	0.0248077400148846	0	0	0	0	0	0	0	0	0	0	0	0	0	0.00272885140163731	0	0	0	0	0.00496154800297693	0	0	0	0	0	0	0	0	0	0.00148846440089308	0	0	0	0.00744232200446539	0	0	0	0	0	0	0	0	0	0.000744232200446539	0	0	0	0	0	0	0	0	0.00148846440089308	0	0	0	0	0	0	0	0	0	0	0	0	0	0	0	0	0	0	0.003225006201935	0	0	0	0	0	0	0	0	0	0	0	0	0	0	0	0	0	0	0	0	0	0	0	0	0	0	0	0	0	0	0	0	0	0	0	0	0	0	0	0	0.00396923840238154	0	0	0	0	0	0	0	0	0	0	0	0	0	0	0	0	0.000992309600595386	0	0	0	0	0	0	0	0	0	0	0	0	0	0	0.00719424460431655	0	0	0	0	0	0	0	0	0	0	0	0	0	0	0	0	0	0	0	0	0	0.0178615728107169	0	0	0	0	0	0	0	0	0	0.00173654180104193	0	0	0.0253038948151823	0	0	0	0	0	0	0	0	0	0.00148846440089308	0.0394443066236666	0	0	0	0	0	0	0	0	0	0	0	0	0	0	0	0	0	0	0	0	0	0.000248077400148846	0	0	0	0	0	0	0	0.00297692880178616	0	0	0.0111634830066981	0	0	0	0	0	0	0	0	0	0	0	0	0	0	0	0	0	0	0	0	0	0	0	0	0	0	0	0	0	0	0	0	0	0	0	0	0	0	0	0	0	0	0	0	0	0	0.00124038700074423	0	0.00223269660133962	0	0	0	0	0.003225006201935	0	0	0	0.041925080625155	0	0	0	0	0	0	0	0	0	0	0	0	0	0	0	0	0	0	0	0	0	0	0	0	0	0	0	0	0	0	0	0	0	0.00769039940461424	0	0	0	0	0	0	0	0	0	0	0	0	0.00148846440089308	0	0	0	0	0	0	0	0	0	0	0	0	0	0	0	0	0	0	0	0	0	0	0	0	0	0	0	0	0	0	0.00471347060282808	0.0116596378069958	0	0	0	0	0	0.056561647233937	0	0	0	0	0	0	0	0	0	0	0	0	0	0	0	0	0	0	0	0	0	0	0	0	0.003225006201935	0	0	0	0	0	0	0	0	0	0	0	0	0.0141404118084842	0	0	0	0	0	0	0	0	0	0.0146365666087819	0	0.0138923344083354	0	0	0.0037211610022327	0	0	0	0	0	0	0	0	0	0	0	0	0	0	0	0	0	0	0	0	0	0	0	0	0	0.0173654180104192	0	0	0.00496154800297693	0	0	0	0	0.0516000992309601	0	0	0	0	0.00719424460431655	0	0	0	0	0	0	0	0	0	0	0.00917886380550732	0	0	0	0	0	0	0.000496154800297693	0	0	0	0	0	0	0	0.00545770280327462	0	0	0	0	0	0	0	0	0	0	0	0	0	0.000744232200446539	0	0	0	0.0037211610022327	0	0	0	0	0	0	0	0	0.00223269660133962	0	0	0	0	0	0	0	0.000496154800297693	0	0	0	0	0	0	0	0
0	0	0	0	0	0	0	0	0	0	0	0.000642811227769445	0	0	0	0	0	0	0	0	0	0	0	0	0	0	0.0102849796443111	0	0.00599957145918149	0.00664238268695093	0.00107135204628241	0	0	0	0	0	0	0	0	0	0	0	0	0	0	0	0	0	0	0	0	0	0.0130704949646454	0	0	0	0	0	0	0.00728519391472038	0	0	0	0	0	0	0	0	0	0	0	0	0.00299978572959074	0	0	0	0	0	0	0	0	0.00942789800728519	0	0	0	0	0	0	0	0	0	0	0	0	0	0	0	0	0	0	0	0	0	0	0	0	0	0	0	0	0	0	0	0	0	0	0	0	0	0	0	0	0	0	0	0	0	0	0	0	0	0	0	0	0	0.0672809085065352	0	0	0	0	0	0	0	0	0	0	0	0	0	0.0278551532033426	0	0	0	0	0	0.00557103064066852	0	0	0	0.00278551532033426	0	0	0	0	0	0	0.00321405613884723	0	0.00257124491107778	0	0	0	0	0	0	0	0	0	0	0	0	0	0	0	0.00192843368330834	0	0.00192843368330834	0	0.0492821941289908	0	0	0	0	0	0	0	0	0	0	0	0	0	0	0	0	0	0	0	0	0	0	0	0	0.0175701735590315	0	0	0	0	0	0	0	0	0.00728519391472038	0	0	0	0	0	0	0.00299978572959074	0	0	0	0	0	0	0	0	0	0	0	0.00192843368330834	0	0	0	0	0	0	0.00899935718877223	0.0218555817441611	0	0	0	0	0.00492821941289908	0	0	0	0.0222841225626741	0	0	0	0	0	0	0	0	0	0	0	0.00407113777587315	0	0	0	0	0	0	0	0	0	0	0	0	0	0	0	0	0	0	0	0	0	0	0	0	0	0	0	0	0	0	0	0	0	0	0	0	0.00599957145918149	0	0.0182129847868009	0	0	0	0	0	0	0	0	0	0	0	0	0	0	0.0100707092350546	0	0	0	0	0	0	0.0102849796443111	0	0	0	0	0	0	0	0	0	0	0	0	0	0	0	0	0	0	0	0	0	0	0	0	0	0.028926505249625	0	0.00514248982215556	0	0.00192843368330834	0.00364259695736019	0	0	0	0	0	0	0	0.00642811227769445	0.00557103064066852	0.000642811227769445	0	0	0	0	0	0	0	0	0	0	0	0	0	0	0	0	0	0.0359974287550889	0	0	0	0	0	0	0	0	0	0	0	0	0	0	0	0.00299978572959074	0	0	0.0145703878294408	0	0	0	0	0	0	0	0	0	0	0.00171416327405185	0	0	0	0	0	0	0	0.00321405613884723	0	0	0	0	0	0	0	0	0	0	0	0	0	0	0.00149989286479537	0	0	0	0	0	0	0.00257124491107778	0	0	0	0	0	0	0	0.000428540818512963	0.00878508677951575	0	0	0	0.000428540818512963	0	0	0	0	0	0	0	0	0.00214270409256482	0.00171416327405185	0	0	0	0	0	0	0	0	0	0	0	0.00578530104992501	0	0.0047139490036426	0	0	0	0	0.0023569745018213	0	0	0	0	0	0	0	0	0.0623526890936362	0	0	0	0	0	0	0	0	0	0	0	0	0	0.00728519391472038	0	0	0.00835654596100279	0	0	0	0	0.017355903149775	0	0	0	0.0023569745018213	0	0	0	0	0	0	0	0	0.028926505249625	0	0	0	0	0	0	0	0	0	0	0	0	0	0	0	0	0	0	0	0	0	0	0	0	0	0	0	0	0	0.00278551532033426	0	0	0	0	0	0	0	0	0	0	0	0.0149989286479537	0	0.0023569745018213	0	0	0	0	0	0	0	0	0	0.0167130919220056	0.00664238268695093	0	0.00192843368330834	0.00257124491107778	0	0.000428540818512963	0	0	0	0	0	0	0	0	0	0	0	0	0	0.000857081637025927	0	0	0	0	0	0	0.000428540818512963	0	0	0	0	0	0	0	0	0	0	0	0	0	0.0081422755517463	0	0	0	0	0	0.00192843368330834	0.106920934218984	0	0	0	0	0	0	0	0	0	0	0	0	0	0	0	0	0	0	0.00364259695736019	0.0201414184701093	0	0	0	0	0	0	0	0	0	0	0	0	0	0	0	0	0	0	0	0	0	0	0	0	0	0	0.00128562245553889	0	0	0	0.00964216841654168	0	0	0	0	0	0	0	0	0	0	0	0	0	0	0	0	0	0	0	0	0	0	0	0	0	0	0.0137133061924148	0	0	0	0	0	0	0.00278551532033426	0	0	0	0	0	0	0	0	0	0	0	0	0	0	0	0	0	0	0	0	0	0	0	0	0	0	0	0	0	0	0	0	0	0	0	0	0	0	0	0	0	0	0	0	0	0	0	0.0081422755517463	0	0.0162845511034926	0	0	0	0	0	0	0	0	0	0	0	0	0	0	0	0	0	0	0	0	0	0	0	0.00621384186843797	0	0	0	0	0	0	0	0.0216413113349046	0	0	0	0	0.0325691022069852	0	0	0	0	0.00557103064066852	0	0	0	0	0	0	0	0	0	0	0.0475680308549389	0	0	0	0	0	0	0	0	0	0	0	0	0.00278551532033426	0	0	0	0	0	0	0	0	0	0	0	0	0	0	0	0	0	0	0	0	0	0	0	0.00107135204628241	0	0	0	0	0.00192843368330834	0	0	0	0	0	0	0	0	0.0137133061924148	0	0	0.000428540818512963	0	0	0	0
0.000659304433822317	0	0	0	0	0	0.000824130542277897	0	0	0	0	0	0	0	0	0	0	0	0	0	0	0	0	0	0	0.000659304433822317	0	0	0.0130212625679908	0	0.00346134827756717	0	0	0	0	0	0	0	0	0	0	0	0	0	0	0	0	0.0240646118345146	0	0	0	0	0	0	0	0	0	0	0	0	0	0	0	0	0	0	0	0	0	0	0	0	0.00494478325366738	0	0	0	0	0	0	0	0	0.00296686995220043	0	0	0	0	0	0	0	0	0	0	0	0	0.000329652216911159	0.00148343497610021	0	0	0	0	0	0	0.00362617438602275	0	0	0	0	0	0	0	0.00214273940992253	0	0	0	0.00247239162683369	0	0	0	0	0	0	0	0	0	0	0	0	0	0	0	0	0	0	0	0	0.0766441404318444	0	0	0	0	0	0	0	0	0	0	0	0	0	0.0158233064117356	0	0	0	0	0.00148343497610021	0	0	0	0.000329652216911159	0.00214273940992253	0	0	0	0	0	0	0.00181308719301137	0	0.00164826108455579	0	0	0	0	0	0.00131860886764463	0.000824130542277897	0	0	0.00510960936212296	0	0	0	0	0	0	0	0	0	0.00164826108455579	0	0	0	0	0.00247239162683369	0	0	0	0	0	0	0	0	0	0	0	0	0	0	0	0	0	0	0	0.0250535684852481	0	0	0	0	0	0	0	0	0.0151640019779133	0	0	0	0	0	0	0.00461513103675622	0	0	0	0	0	0	0	0.0103840448327015	0	0	0	0.00197791330146695	0	0	0	0	0	0	0.0146695236525466	0.0346134827756717	0	0	0	0	0	0	0	0	0.0781275754079446	0	0	0	0	0	0	0	0	0	0	0	0.00247239162683369	0	0	0	0	0	0	0	0	0	0	0	0	0	0	0.0056040876874897	0	0	0	0.00148343497610021	0	0	0	0	0	0	0	0	0	0	0	0	0	0	0	0	0	0	0	0.00939508818196802	0	0	0	0	0	0	0	0	0	0	0	0.00346134827756717	0	0	0.0253832207021592	0	0	0	0	0	0	0	0	0	0	0	0	0	0	0	0	0	0	0	0	0	0	0	0	0	0	0	0	0	0	0	0	0.0164826108455579	0	0	0	0.00148343497610021	0	0	0	0	0	0	0	0	0	0	0.000494478325366738	0	0	0	0	0	0	0	0	0	0	0	0	0	0.000824130542277897	0	0	0	0	0	0	0	0	0	0	0	0	0	0	0	0	0	0	0	0	0	0	0.00626339212131202	0	0	0	0	0	0	0	0	0	0	0	0	0	0	0	0.00543926157903412	0	0	0.0171419152793803	0	0	0	0	0	0	0	0	0	0	0	0	0	0	0	0	0	0	0	0	0	0.00445030492830064	0	0	0.000329652216911159	0	0	0	0	0	0.00692269655513433	0	0	0	0	0	0	0	0	0	0	0	0	0.00362617438602275	0	0	0	0	0	0	0	0	0	0	0	0	0.00263721773528927	0	0.00857095763969013	0	0	0	0	0	0	0	0	0	0	0	0	0	0.00445030492830064	0	0	0	0	0	0	0	0	0	0.00445030492830064	0	0	0	0.00824130542277897	0	0	0	0	0	0	0	0	0	0	0	0	0	0	0	0	0	0	0	0	0	0	0	0	0	0	0	0	0	0	0	0.00626339212131202	0	0	0	0	0	0	0	0	0	0	0	0	0	0	0	0	0	0	0	0	0	0	0	0	0	0	0	0	0	0	0.00576891379594528	0	0.0112081753749794	0	0	0	0	0	0	0	0.000824130542277897	0	0.0056040876874897	0	0	0	0	0	0	0	0	0	0	0	0	0	0	0	0.00131860886764463	0	0	0	0	0	0	0	0	0	0	0	0	0	0	0	0	0	0	0	0	0	0	0	0	0	0	0	0.000659304433822317	0.000329652216911159	0	0	0.106477666062304	0.00807647931432339	0	0	0	0	0	0	0	0	0	0	0	0	0	0	0	0	0	0.00197791330146695	0.00263721773528927	0	0	0	0	0	0.00197791330146695	0	0	0	0	0	0	0	0	0	0	0	0.000494478325366738	0	0	0	0	0	0	0	0	0	0	0	0	0	0.00609856601285644	0	0	0	0	0	0	0	0	0	0	0	0	0	0	0	0	0	0	0.000824130542277897	0	0	0	0	0	0	0.0425251359815395	0.00131860886764463	0	0	0	0	0	0.0316466128234712	0	0	0	0	0	0	0	0	0	0	0	0	0	0	0	0	0	0	0	0.00593373990440086	0	0	0	0	0.00214273940992253	0	0	0	0	0	0	0	0	0	0	0	0	0.0095599142904236	0	0	0	0	0	0	0	0	0	0.0344486566672161	0	0.0393934399208835	0.000988956650733476	0	0.00543926157903412	0	0	0	0	0	0	0	0	0	0	0	0	0	0	0	0	0	0	0	0	0.0095599142904236	0	0	0	0	0.00494478325366738	0	0	0.0250535684852481	0	0	0	0	0.0476347453436624	0	0	0	0	0.00774682709741223	0	0	0	0	0	0	0	0	0	0	0.0538981374649745	0	0	0	0	0	0	0	0	0	0	0	0	0	0	0	0	0	0	0	0	0	0	0	0	0	0	0	0.00296686995220043	0	0	0	0	0.00362617438602275	0	0.00510960936212296	0	0.00247239162683369	0.00263721773528927	0	0	0.00197791330146695	0	0	0	0	0	0	0	0	0	0.00230756551837811	0	0	0	0	0	0	0
0	0	0	0	0	0	0	0	0.000900553196963849	0	0	0	0	0	0	0	0	0	0	0	0	0	0	0	0	0	0	0	0	0.00643252283545607	0	0	0	0	0	0	0	0	0	0.00476006689823749	0	0	0	0	0	0	0	0.004245465071401	0	0	0	0	0.00308761096101891	0	0	0	0	0	0	0	0	0	0	0.000385951370127364	0	0	0	0.0120931429306574	0	0	0	0	0.00656117329216519	0	0	0	0	0	0	0	0	0	0	0	0	0	0	0	0	0	0	0	0	0	0	0	0	0	0	0	0	0	0	0	0	0	0	0	0	0	0	0	0	0	0	0	0	0	0	0	0	0	0	0	0	0	0	0	0	0	0	0	0	0	0	0.0120931429306574	0	0	0	0	0	0	0	0	0	0.0018011063939277	0	0	0	0.0162099575453493	0	0	0	0	0.00244435867747331	0	0	0	0	0.00192975685063682	0	0	0	0	0	0	0	0	0	0.0138942493245851	0	0.00501736781165573	0	0	0.0018011063939277	0	0	0	0	0.00373086324456452	0	0	0	0	0.000900553196963849	0	0	0	0	0	0	0	0	0.00334491187443715	0	0	0	0	0	0	0	0	0	0	0	0	0	0	0	0	0	0	0	0.0563489000385951	0	0	0	0	0	0	0	0	0.0146661520648398	0	0	0	0	0	0	0.00347356233114628	0	0	0	0	0	0	0	0	0	0	0	0.0018011063939277	0	0	0	0	0	0	0.0165959089154766	0.0518461340537759	0	0	0	0	0	0	0	0	0.0883828637591663	0	0	0	0	0	0	0	0	0	0.00244435867747331	0	0.00321626141772803	0	0	0	0.00205840730734594	0	0	0	0	0	0	0	0	0	0	0.00900553196963849	0	0	0	0	0	0	0	0	0	0.00617522192203782	0	0	0.000643252283545607	0	0	0	0.000900553196963849	0	0	0	0.000257300913418243	0.00257300913418243	0	0	0	0	0	0	0	0	0	0	0	0	0	0.00308761096101891	0	0	0.0106779879068571	0	0	0	0	0	0	0.0568635018654316	0	0	0	0	0	0	0	0	0.000643252283545607	0.000514601826836485	0	0	0	0	0	0	0	0	0	0	0	0	0.0346069728547536	0	0	0.0301042068699344	0	0	0	0	0	0	0	0	0	0	0	0	0.00746172648912904	0	0	0	0	0	0	0	0	0	0	0	0	0	0	0	0	0	0	0	0.00501736781165573	0	0	0	0	0	0	0	0	0	0	0	0	0	0	0	0	0	0	0.00231570822076418	0	0	0	0	0	0	0	0	0	0	0	0	0	0	0	0	0	0	0	0	0	0	0	0.000257300913418243	0	0	0	0	0	0	0	0	0	0	0	0	0	0	0	0	0	0	0	0	0	0	0	0	0	0	0	0	0	0	0	0	0	0	0	0	0	0	0	0	0	0	0	0	0	0	0	0	0	0	0	0.00900553196963849	0	0	0	0	0	0	0	0	0	0	0	0	0	0	0	0	0	0	0	0	0	0	0	0	0	0	0	0.00334491187443715	0	0	0	0	0	0	0	0	0	0.00810497877267464	0	0	0	0	0	0	0	0	0	0	0	0	0.0380805351858999	0	0	0	0	0	0	0	0	0	0	0	0	0	0	0	0	0	0	0	0	0	0	0	0	0	0	0	0	0	0	0	0	0.0018011063939277	0	0	0	0	0	0	0.0018011063939277	0.00192975685063682	0.00102920365367297	0	0.000643252283545607	0	0	0	0	0	0	0	0	0	0	0.00334491187443715	0	0.000771902740254728	0	0	0	0	0	0	0	0	0	0	0.00141515502380033	0	0	0	0	0	0	0	0	0	0	0	0	0	0	0.000643252283545607	0	0	0	0	0	0	0	0	0	0	0	0.00347356233114628	0	0.000514601826836485	0	0	0	0	0.116171362408337	0	0	0	0	0	0	0	0	0.0329345169175351	0	0	0	0	0	0.00437411552811012	0	0	0	0	0	0	0	0	0	0	0	0	0	0	0	0	0	0	0.0196835198764956	0	0	0	0	0	0	0	0	0	0	0	0	0	0	0	0	0	0	0	0.00373086324456452	0	0	0	0	0	0	0	0	0	0	0	0	0	0	0	0	0	0	0	0	0	0	0	0.0183970153094043	0.00128650456709121	0.00926283288305673	0	0	0	0	0.00167245593721858	0	0	0	0	0	0	0	0	0.00167245593721858	0	0	0.00192975685063682	0	0	0	0	0.00668982374887431	0	0	0	0	0	0	0	0.00385951370127364	0	0	0	0	0	0	0	0	0	0	0	0	0	0	0	0	0	0	0.000385951370127364	0	0	0	0	0	0	0	0	0.00630387237874694	0	0	0	0	0	0	0	0	0	0	0	0	0	0	0	0	0	0	0	0	0.00205840730734594	0	0	0	0	0	0	0	0.0369226810755178	0	0	0	0	0.0457995625884472	0	0	0	0	0	0	0	0	0	0	0	0	0	0	0	0.0666409365753248	0	0	0	0	0	0	0.000771902740254728	0	0	0.00128650456709121	0	0	0	0	0.00283031004760067	0	0	0	0	0	0	0	0	0	0	0	0	0	0.000385951370127364	0	0	0	0.00128650456709121	0	0	0	0	0	0	0	0.00115785411038209	0.0181397143959861	0	0	0	0	0	0	0	0	0.00295896050430979	0.00192975685063682	0	0	0	0	0	0
0	0	0	0	0	0	0	0	0	0	0	0	0	0	0	0	0	0	0	0	0	0	0	0	0	0	0	0	0	0.0130046057978868	0.00460579788675156	0	0	0	0	0	0	0	0	0	0	0	0	0	0	0	0	0	0	0	0	0	0.00758602004876727	0	0	0	0	0	0	0	0	0	0	0	0	0	0	0	0	0	0	0	0.00298022216201571	0	0	0	0	0	0	0	0	0	0	0	0	0	0	0	0	0	0	0	0	0	0	0	0	0	0	0	0	0	0	0	0	0	0	0	0	0	0	0	0	0	0	0	0	0	0	0	0	0	0	0	0	0	0	0	0	0	0	0	0	0	0	0.0864264426984557	0	0	0	0	0	0	0	0	0	0	0	0	0	0.0189650501219182	0	0	0	0	0	0.00379301002438364	0	0	0	0	0	0	0	0	0	0	0	0	0	0	0	0	0	0	0	0	0	0	0	0	0	0	0	0	0	0	0	0	0	0.00514765646166351	0	0	0	0.00406393931183961	0	0	0	0	0	0	0	0	0	0	0	0.000541858574911948	0	0	0	0	0	0	0	0.030885938769981	0	0	0	0	0	0	0	0	0.00839880791113519	0	0	0	0	0	0	0.00406393931183961	0	0	0	0	0	0	0	0	0	0	0	0	0	0	0	0	0	0	0.0111081007856949	0.0289894337577892	0	0	0	0	0	0	0	0	0.0839880791113519	0	0	0	0	0	0	0	0	0	0	0	0	0	0	0	0	0	0	0	0	0	0	0	0	0	0	0.0111081007856949	0	0	0	0	0	0	0	0	0	0	0	0	0.00460579788675156	0	0	0	0	0	0	0	0	0	0	0.0333243023570848	0	0	0	0	0	0	0	0	0	0	0	0	0	0	0.0265510701706855	0	0	0	0	0	0	0.030885938769981	0	0	0	0	0	0	0	0	0	0	0	0	0	0	0	0	0.0154429693849905	0	0	0	0	0	0	0	0	0.0287185044703332	0	0	0	0	0	0	0	0	0	0	0	0	0.00785694933622325	0	0	0	0	0	0	0	0	0	0	0	0	0	0	0	0	0	0	0	0.0197778379842861	0	0	0	0	0	0	0	0	0	0	0	0	0	0	0	0	0	0	0	0	0	0	0	0	0	0	0	0	0	0	0	0	0	0	0	0	0	0.00406393931183961	0	0	0	0	0	0	0	0	0	0	0	0	0	0	0	0	0	0	0	0	0	0.00298022216201571	0	0	0	0	0	0	0	0	0	0	0	0	0	0	0	0	0	0	0	0	0	0	0	0	0	0	0	0	0	0	0	0	0	0	0	0.000541858574911948	0.00433486859929558	0	0	0	0	0	0	0	0	0	0	0	0	0	0	0	0	0	0	0	0	0.0186941208344622	0	0	0	0	0	0	0.0116499593606069	0	0	0	0	0	0	0	0.0230289894337578	0	0	0	0	0	0	0	0	0	0	0	0	0	0	0	0	0	0	0	0	0	0	0	0	0	0	0	0	0	0	0	0	0	0	0	0	0	0	0	0	0	0	0	0	0	0	0	0	0	0	0	0	0	0	0.00352208073692766	0	0.00298022216201571	0	0	0	0	0	0	0	0.0178813329720943	0	0	0.0241127065835817	0	0.00487672717420753	0	0	0	0	0	0	0	0	0	0	0	0	0.0121918179355188	0	0	0	0	0	0	0	0	0	0.0130046057978868	0	0	0	0	0	0	0	0	0	0	0	0	0	0	0	0	0	0	0	0	0	0.114874017881333	0	0	0	0	0	0	0	0	0	0	0	0	0	0	0	0	0	0	0.00704416147385532	0.030885938769981	0	0	0	0	0	0	0	0	0	0	0	0	0	0.00975345434841506	0	0	0	0	0	0	0	0	0	0	0	0	0	0	0	0	0	0	0	0	0	0	0	0	0	0	0	0	0	0	0	0	0	0	0	0	0	0	0	0	0	0	0	0.0300731509076131	0	0	0	0	0	0	0.00243836358710377	0	0	0	0	0	0	0	0	0.00189650501219182	0	0	0	0	0	0	0	0	0	0	0	0	0	0	0	0.00460579788675156	0	0	0	0	0	0	0	0	0	0	0	0	0.0113790300731509	0	0	0	0	0	0	0	0	0	0	0	0	0	0	0	0	0	0	0	0	0	0	0	0	0	0	0	0	0	0	0	0.00541858574911948	0	0	0.00189650501219182	0.00704416147385532	0	0	0	0	0	0	0	0.0279057166079653	0	0	0	0	0.041452180980764	0	0	0	0	0.010837171498239	0	0	0	0	0	0	0	0	0	0	0.0468707667298835	0	0	0	0	0	0	0.00189650501219182	0	0	0	0	0	0	0	0	0	0	0	0	0	0	0	0	0	0	0	0	0	0	0	0	0	0	0	0	0	0.00541858574911948	0	0	0	0.00162557572473584	0	0	0	0	0	0	0	0	0	0	0	0	0	0	0	0	0
0	0.00116945386504502	0	0	0	0	0	0	0.000233890773009005	0	0	0	0	0	0	0	0	0	0	0	0	0	0	0	0	0	0.00654894164425213	0	0.00245585311659455	0.00397614314115308	0.0185943164542159	0	0	0	0	0	0	0	0	0	0.00046778154601801	0	0	0	0	0	0	0.0104081393989007	0	0	0	0	0.00537948777920711	0	0	0	0	0	0	0	0	0	0	0	0	0	0	0	0	0	0	0	0.00456087007367559	0	0	0	0	0	0	0	0.00631505087124313	0	0	0	0	0	0	0	0	0	0	0	0	0	0	0	0	0	0	0	0	0	0	0	0	0	0	0	0	0	0	0	0	0	0	0	0	0	0	0	0	0	0	0	0	0	0	0	0	0	0	0	0	0	0	0.104315284762016	0	0	0	0.00152029002455853	0	0	0	0	0	0.000584726932522512	0	0	0	0.023038241141387	0	0	0	0	0.000818617705531517	0	0.0050286516196936	0	0	0.00187112618407204	0	0.000350836159513507	0	0	0	0.0050286516196936	0.00175418079756754	0	0	0.00865395860133318	0	0	0	0.000584726932522512	0	0.000701672319027014	0	0	0	0	0	0	0	0	0	0	0	0	0.00385919775464858	0.00140334463805403	0	0	0	0.0050286516196936	0	0	0	0	0	0	0	0	0	0	0	0	0	0	0	0	0	0	0	0.0356683428838732	0	0	0	0.00116945386504502	0	0	0	0	0	0	0	0	0	0	0	0.00268974388960355	0	0	0	0	0	0	0	0	0	0	0	0.00233890773009005	0.00327447082212607	0	0	0.0097064670798737	0	0	0.00339141620863057	0.0180095895216934	0	0	0	0	0	0.00643199625774763	0	0	0.0708689042217285	0	0	0	0	0	0	0	0	0	0.00116945386504502	0	0	0	0.0121623201964682	0	0	0	0	0	0	0	0	0	0	0	0	0.0095895216933692	0	0.00374225236814408	0	0	0	0	0	0	0	0	0	0	0	0	0	0	0	0	0	0	0	0	0	0.0145012279265583	0	0	0	0	0	0	0	0	0	0	0	0.00736755934978365	0	0	0.022102678049351	0	0	0	0	0	0	0	0	0	0	0	0	0.000584726932522512	0	0	0	0	0	0	0	0.000233890773009005	0.00222196234358555	0	0	0	0	0	0.0097064670798737	0	0	0	0	0.0231551865278915	0	0	0	0.00339141620863057	0	0	0	0	0	0	0	0	0	0	0	0	0	0	0	0	0	0.0313413635832066	0	0	0	0	0	0	0	0	0	0	0.00315752543562156	0	0	0	0	0	0	0	0	0	0	0	0	0	0	0	0	0	0	0.000818617705531517	0	0	0	0	0	0	0	0	0.00385919775464858	0	0	0	0	0	0	0	0	0	0.00865395860133318	0	0	0	0	0	0	0	0	0	0	0	0	0	0	0	0	0	0	0	0	0	0.00257279850309905	0	0	0	0	0	0	0	0	0	0	0	0.00362530698163957	0	0	0	0	0	0	0	0	0	0	0.00444392468717109	0	0	0	0	0	0	0	0	0	0	0	0.00315752543562156	0	0.0146181733130628	0	0	0	0	0	0	0	0	0	0	0	0	0	0.00163723541106303	0	0	0	0	0	0	0.00292363466261256	0	0	0	0	0	0	0.00596421471172962	0	0	0	0	0	0	0.00116945386504502	0.0102911940123962	0	0	0	0	0	0	0	0	0	0	0.0139165009940358	0	0	0	0	0	0	0	0	0	0	0	0	0	0	0	0	0	0	0	0	0	0	0	0	0.00853701321482868	0	0	0	0	0	0	0	0	0	0	0	0	0	0	0	0	0.00152029002455853	0.00175418079756754	0.00315752543562156	0	0	0	0	0	0	0	0	0	0	0	0.00608116009823412	0.00374225236814408	0	0	0	0	0	0	0	0	0	0	0	0	0	0	0	0	0	0	0	0	0	0	0	0	0	0	0	0.000584726932522512	0	0	0	0	0	0	0	0	0	0	0	0.00315752543562156	0	0	0	0	0	0	0.0861887498538183	0	0	0	0	0	0	0	0	0	0	0	0	0	0	0	0	0	0	0	0.00561337855221612	0	0	0	0	0.00163723541106303	0	0	0.000233890773009005	0.00456087007367559	0	0	0	0	0	0	0	0	0	0	0	0	0	0	0	0	0	0.000701672319027014	0	0	0	0	0	0	0.00128639925154953	0	0	0	0	0	0	0	0	0	0	0	0	0	0	0	0	0	0	0	0.000818617705531517	0	0	0	0.00806923166881067	0.00187112618407204	0	0	0	0	0	0.00573032393872062	0	0	0	0	0	0	0	0	0.00280668927610806	0	0	0	0	0	0	0	0	0	0	0	0	0	0	0	0.00187112618407204	0	0	0	0	0	0	0	0	0	0	0	0	0.00233890773009005	0	0	0	0	0	0	0	0	0	0	0	0.00736755934978365	0	0	0.00456087007367559	0	0	0	0	0	0	0	0	0	0	0	0	0	0	0	0	0.00152029002455853	0	0	0	0.00818617705531517	0	0	0	0	0	0	0	0.0149690094725763	0	0	0	0	0.146064787744123	0	0	0	0	0	0	0	0	0	0	0	0	0	0	0	0.0446731376447199	0	0	0	0	0	0	0	0	0	0	0	0	0	0	0	0	0	0	0	0	0	0	0	0.00935563092036019	0	0	0	0	0	0	0	0	0.00198807157057654	0.00315752543562156	0	0	0.00233890773009005	0.00116945386504502	0	0	0.00140334463805403	0	0	0	0	0	0	0	0	0	0	0.000701672319027014	0	0	0	0	0	0
0	0	0	0	0	0	0	0	0.00215285252960172	0	0	0	0	0	0	0	0	0	0	0	0	0	0	0	0	0	0.031216361679225	0	0	0.0242195909580194	0	0	0	0	0	0	0	0	0	0	0	0	0	0	0	0	0	0.00609974883387155	0	0	0	0	0.0130965195550771	0.0233225690706853	0	0	0	0	0	0	0	0	0	0	0	0	0	0	0	0	0	0	0.00609974883387155	0	0	0	0	0	0	0	0.00717617509867241	0	0	0	0	0	0	0	0	0	0	0	0	0	0	0	0	0.000717617509867241	0	0	0	0	0.00269106566200215	0	0	0	0	0	0	0	0	0	0	0	0	0	0	0	0	0	0	0	0	0	0	0	0	0	0	0	0	0	0	0	0	0.0182992465016146	0	0	0	0	0	0	0	0	0	0.000897021887334051	0	0	0	0.0200932902762827	0	0	0	0	0.00143523501973448	0.00574094007893793	0	0	0	0	0	0	0	0	0	0	0.00197344815213491	0	0	0	0	0	0	0	0.0017940437746681	0	0	0	0	0	0	0	0	0	0	0	0	0	0	0	0	0	0	0	0	0	0	0	0	0	0	0	0	0	0	0	0	0	0	0.0035880875493362	0	0	0	0.0362396842482957	0	0	0	0	0	0	0	0	0	0	0	0	0	0	0	0.0035880875493362	0	0	0	0	0	0	0	0	0	0	0	0.00269106566200215	0	0	0	0	0	0	0.0148905633297452	0.0139935414424112	0	0	0	0	0	0	0	0	0.0398277717976319	0	0	0	0	0	0	0	0	0	0	0	0.00197344815213491	0	0.00484391819160388	0	0	0.00143523501973448	0	0	0	0	0	0	0	0	0	0.00609974883387155	0	0	0	0	0	0	0	0	0	0	0	0	0	0	0	0	0	0	0	0	0	0	0	0.00556153570147112	0	0	0	0	0	0	0	0	0	0	0	0.00968783638320775	0	0	0.0233225690706853	0	0	0	0	0	0	0	0	0	0	0	0	0	0	0	0	0	0	0	0	0	0	0	0	0	0	0.00125583064226767	0	0	0.0191962683889487	0	0	0.0182992465016146	0	0	0	0.00161463939720129	0	0	0	0	0	0	0	0	0.00807319698600646	0	0	0	0	0	0	0	0	0.00017940437746681	0	0	0	0	0	0	0.00161463939720129	0	0	0	0	0	0	0	0	0	0	0	0	0	0	0	0	0	0	0	0	0	0	0	0	0	0	0	0	0	0	0	0	0	0	0	0	0	0	0.00914962325080732	0	0	0	0	0	0	0	0	0	0	0	0	0	0	0	0	0	0	0	0	0	0	0	0	0	0	0	0	0	0	0	0	0	0	0	0	0	0	0	0	0	0	0	0	0	0	0	0	0	0	0	0	0	0	0	0	0	0	0	0.0052027269465375	0.000717617509867241	0.0035880875493362	0	0	0	0	0	0	0	0	0	0	0	0	0	0	0	0	0	0	0	0	0	0	0	0	0	0	0	0.00376749192680301	0	0	0.00627915321133836	0	0	0	0	0.0105848582705418	0	0	0	0	0	0	0	0	0.00394689630426982	0	0	0	0.0832436311445999	0	0	0	0	0	0	0	0	0	0	0	0	0	0	0	0	0	0	0	0	0	0	0.00466451381413706	0	0	0	0	0	0	0	0	0	0	0	0	0	0	0	0	0.000897021887334051	0	0	0	0.00233225690706853	0	0	0	0	0	0	0	0	0	0	0	0	0	0	0	0	0	0	0	0	0	0	0	0	0	0	0	0	0	0	0	0	0	0	0	0	0	0	0	0	0	0	0	0	0	0	0	0	0	0	0	0	0	0	0	0	0.000538213132400431	0.10800143523502	0	0	0	0	0	0	0	0	0	0	0	0	0	0	0	0	0	0	0	0	0	0	0	0	0	0	0	0	0	0	0	0	0	0	0	0	0	0	0	0	0	0	0	0	0	0	0.000717617509867241	0	0	0	0	0	0	0	0	0	0	0	0	0	0	0	0	0	0	0	0	0	0	0	0	0	0	0	0	0	0	0.0161463939720129	0	0.00233225690706853	0	0	0	0	0	0	0	0	0	0	0	0	0	0	0	0	0	0	0	0	0	0	0	0	0	0	0	0	0	0	0	0	0	0	0	0	0	0	0	0	0	0	0.0017940437746681	0	0	0	0	0	0	0	0	0	0.0810907786149982	0	0.00556153570147112	0	0	0.00843200574094008	0	0	0	0	0	0	0	0	0	0	0	0	0	0	0	0	0	0	0	0	0.0087908144958737	0	0	0	0	0.00197344815213491	0	0	0.0224255471833513	0	0	0	0	0.148546824542519	0	0	0	0	0.00556153570147112	0	0	0	0	0	0	0	0	0	0	0.0586652314316469	0	0	0	0	0	0	0.000538213132400431	0	0	0	0	0	0	0	0	0	0	0	0	0	0	0	0	0	0	0	0	0	0.000717617509867241	0	0	0	0	0	0	0	0	0	0	0	0	0.00807319698600646	0	0	0	0	0	0	0	0	0	0.000717617509867241	0	0	0	0	0	0
0	0	0	0	0	0	0	0	0	0	0	0	0	0	0	0	0	0	0	0	0	0	0	0	0	0	0	0	0.00856389986824769	0.0173473869126043	0	0	0	0	0	0	0	0	0	0	0	0	0	0	0	0	0	0	0	0	0	0	0.0149319279754062	0	0	0	0	0	0.00505050505050505	0	0	0	0	0	0	0	0	0.00856389986824769	0	0	0	0	0.00614844093104963	0	0	0	0	0	0	0	0	0	0	0	0	0	0	0	0	0	0	0	0	0	0	0	0	0	0	0	0	0	0.00592885375494071	0	0	0	0	0	0	0	0	0	0	0.00043917435221783	0	0	0	0	0	0	0	0	0	0	0	0	0	0	0	0	0	0	0	0	0	0.0158102766798419	0	0	0	0	0	0	0	0	0	0	0	0	0	0.0248133509003074	0	0	0	0	0.0028546332894159	0	0	0	0	0	0	0	0	0	0	0	0	0	0	0.0250329380764163	0	0	0	0	0.000878348704435661	0	0	0	0	0	0	0	0	0	0	0	0	0	0.00351339481774264	0	0	0	0	0.00680720245937637	0	0	0	0	0	0	0	0	0	0	0	0.000219587176108915	0	0	0	0	0	0	0	0.00856389986824769	0	0	0	0	0	0	0	0.00790513833992095	0	0	0	0	0	0	0	0	0	0	0	0.000658761528326746	0	0	0	0	0	0	0	0	0	0	0	0.0265700483091787	0	0	0.0208607817303469	0.0215195432586737	0	0.000658761528326746	0	0	0	0	0	0	0.00241545893719807	0	0	0	0	0	0	0	0	0	0	0	0	0	0	0	0	0	0	0	0	0	0	0	0	0	0	0	0	0	0.00043917435221783	0	0	0	0	0	0	0	0	0	0	0	0	0	0	0	0	0	0	0	0	0	0	0	0	0	0	0	0	0	0	0	0	0.0166886253842776	0	0	0.00922266139657444	0	0	0	0	0	0	0.0654369784804567	0	0	0	0	0	0	0	0	0	0	0	0	0	0	0	0	0	0	0	0	0	0	0	0	0	0	0	0	0	0	0	0	0	0	0	0	0	0	0	0	0	0	0	0	0	0	0	0.171936758893281	0	0	0	0	0	0	0	0	0	0	0.0537988581466842	0	0	0	0	0	0	0	0	0	0	0	0	0	0	0	0	0	0	0	0	0	0	0	0	0	0	0	0	0	0	0	0	0	0	0	0	0	0.00329380764163373	0	0	0	0	0	0	0	0	0	0	0	0	0	0	0	0	0.0122968818620993	0	0	0	0	0	0	0	0	0	0	0	0	0	0	0	0	0	0	0	0	0	0	0	0	0	0	0	0	0	0	0	0	0	0	0	0	0	0.00197628458498024	0	0	0	0	0	0	0	0	0	0	0	0	0	0	0	0	0	0	0	0	0	0	0	0	0	0	0	0	0	0	0	0.00527009222661397	0	0	0	0	0	0	0	0.0147123407992973	0	0	0	0	0	0	0	0	0	0	0	0	0.0641194554238032	0	0.00197628458498024	0	0	0	0	0	0	0	0	0	0	0	0	0	0	0	0	0	0	0	0	0.0118577075098814	0	0	0	0	0	0	0	0	0	0	0	0	0	0	0	0	0.00109793588054458	0	0.00790513833992095	0	0.0338164251207729	0	0	0	0	0	0	0	0	0	0	0	0	0	0	0	0	0	0	0	0	0	0	0	0	0	0.00658761528326746	0	0	0	0.00219587176108915	0	0	0	0	0	0	0	0	0	0	0	0	0	0	0	0	0	0	0	0	0.0320597277119016	0	0	0	0	0	0	0.0281071585419412	0	0	0	0	0	0	0	0	0	0	0	0.00153711023276241	0	0	0	0	0	0	0	0.0057092665788318	0	0	0	0	0.0028546332894159	0	0	0	0	0	0	0	0	0	0	0	0	0	0	0	0	0	0	0	0	0	0	0	0	0	0	0	0	0.00373298199385156	0	0	0	0	0	0	0	0	0	0	0	0	0	0	0	0	0	0	0	0	0	0	0	0.0147123407992973	0.00197628458498024	0	0	0	0	0	0.00417215634606939	0	0	0	0	0	0	0	0	0.0151515151515152	0	0	0	0	0	0	0	0.00658761528326746	0	0	0	0	0	0	0	0	0	0	0	0	0	0	0	0	0	0.0118577075098814	0	0	0.00702678963548529	0	0	0	0	0	0	0	0	0	0	0	0.0239350021958718	0	0	0	0	0	0	0	0	0	0	0	0	0	0	0	0	0	0	0	0	0	0	0	0.00592885375494071	0	0	0	0	0.00395256916996047	0	0	0.00680720245937637	0	0	0	0	0.0399648660518226	0	0	0	0	0	0	0	0	0	0	0	0	0	0	0	0.056873078612209	0	0	0	0	0	0	0.000658761528326746	0	0	0	0	0	0	0	0	0	0	0	0	0	0	0	0	0	0	0	0	0	0	0	0	0	0.0057092665788318	0	0	0	0	0	0	0	0	0	0	0	0	0	0	0	0	0	0	0	0	0	0	0	0	0
0	0	0	0	0	0	0	0	0	0.0198656966983772	0	0	0	0	0	0	0	0	0	0	0	0	0	0	0	0	0	0	0	0	0	0	0	0	0	0	0	0	0	0	0	0	0	0	0	0	0	0	0	0	0	0	0	0	0	0	0	0	0.00503637381085618	0	0	0	0	0	0	0	0	0	0	0	0	0	0.00811415780637941	0	0	0	0	0	0	0	0	0	0	0	0	0	0	0	0	0	0	0	0	0	0	0	0	0	0	0	0	0	0	0	0	0	0	0	0	0	0	0	0	0	0	0	0	0	0	0	0	0	0	0	0	0	0	0	0	0	0	0	0	0	0	0.00923335198656967	0	0	0	0	0	0	0	0	0	0	0	0	0	0.0649132624510353	0	0	0	0	0	0	0	0	0	0	0	0	0	0	0	0	0.00195858981533296	0	0	0	0	0	0	0	0	0	0	0	0	0	0	0	0	0	0.00643536653609401	0	0	0	0	0.00307778399552322	0	0	0	0	0	0	0	0	0	0	0	0	0	0	0	0	0	0	0	0	0	0	0	0.0324566312255176	0	0	0	0	0	0	0	0	0.00699496362618914	0	0	0	0	0	0	0	0	0	0	0	0	0	0	0	0	0	0	0	0	0	0	0	0	0	0.00923335198656967	0.00643536653609401	0	0	0	0	0	0	0	0	0.0551203133743705	0	0	0	0	0	0	0	0	0	0	0	0	0	0	0	0	0	0	0	0	0	0	0	0	0	0	0	0	0	0	0	0	0	0	0	0	0	0	0	0	0	0	0	0	0	0	0	0	0	0	0	0	0	0	0	0	0	0	0	0	0	0	0.0156687185226637	0	0	0.023223279238948	0	0	0	0	0	0	0	0	0	0	0	0	0	0	0	0	0	0	0	0	0	0	0	0	0	0	0	0	0	0	0	0	0.0103525461667599	0	0	0	0	0	0	0	0	0	0	0.00475657526580862	0	0	0	0.00111919418019026	0	0.00531617235590375	0	0	0	0	0.000279798545047566	0	0	0	0	0	0	0	0	0	0	0.0609960828203693	0	0	0	0	0	0	0	0	0	0	0	0	0	0	0	0	0	0	0	0	0	0	0	0	0	0	0	0	0	0	0	0	0	0	0	0	0	0.00699496362618914	0	0	0	0	0	0	0	0	0	0	0	0	0	0	0	0	0	0	0	0	0	0	0	0	0	0	0	0	0	0	0	0	0	0	0	0	0	0	0	0	0	0	0	0	0	0	0	0	0	0	0	0	0	0	0	0	0	0.00139899272523783	0.00839395635142697	0	0	0	0	0	0	0	0	0	0	0	0	0	0	0	0	0	0	0	0	0	0	0	0	0	0	0	0	0	0	0	0	0	0	0	0.0330162283156128	0	0	0	0	0	0	0	0	0	0	0.0209848908785674	0	0.0738668158925574	0	0	0	0	0	0	0	0	0.014829322887521	0	0	0	0	0	0	0	0	0	0	0	0	0	0	0	0	0	0	0	0	0	0	0	0	0	0	0	0	0	0	0	0	0	0	0.0142697257974259	0	0	0	0	0	0	0	0	0	0	0	0	0	0	0	0	0	0	0	0	0	0	0	0	0	0	0	0	0	0	0	0	0	0	0	0	0	0	0	0	0	0	0	0	0	0	0	0	0	0	0	0	0	0	0	0	0	0.0117515388919978	0	0	0	0	0	0	0	0	0.0819809736989368	0	0	0	0	0	0	0	0	0	0.00643536653609401	0	0	0	0	0	0	0	0	0	0	0	0	0	0	0.198377168438724	0	0	0	0	0	0	0	0	0	0	0	0	0	0	0	0	0	0.0346950195858981	0	0	0	0	0	0	0	0	0	0	0	0	0	0	0	0	0	0	0	0	0	0	0	0	0	0	0	0	0	0	0	0	0	0	0	0	0	0	0	0	0	0	0	0	0	0	0	0	0	0	0	0	0	0	0	0	0	0	0	0	0	0	0	0	0	0	0	0	0	0	0.00755456071628428	0	0	0	0	0	0	0	0	0.00167879127028539	0	0	0	0	0	0	0	0	0	0	0	0	0	0	0	0	0	0	0	0	0	0	0	0	0	0	0.0142697257974259	0	0	0	0	0	0	0	0	0	0	0	0	0.0478455512031337	0	0	0	0	0.0179071068830442	0	0	0	0	0	0	0	0	0	0	0.0419697817571349	0	0	0	0	0	0	0.00531617235590375	0	0	0	0	0	0	0	0	0	0	0	0	0	0	0	0	0	0	0	0	0	0	0	0	0	0	0	0	0	0	0	0	0	0	0.00587576944599888	0	0	0	0	0	0	0	0	0	0	0	0	0	0	0	0
0	0.00113122171945701	0	0	0	0	0	0	0	0	0	0	0	0	0	0	0	0	0	0	0	0	0.0115950226244344	0	0	0	0.00339366515837104	0	0	0	0.0052790346907994	0	0	0	0	0	0	0	0	0	0	0	0	0	0	0	0	0.0131033182503771	0	0	0	0	0	0	0	0	0	0	0	0	0	0	0	0	0	0	0	0.00377073906485671	0	0	0	0	0.00631598793363499	0	0	0	0	0	0	0	0	0	0	0	0	0	0	0	0	0	0	0	0	0	0	0	0	0	0	0	0	0	0	0	0	0	0	0	0	0	0	0	0	0	0	0	0	0	0	0	0	0	0	0	0	0	0	0	0	0	0	0	0	0	0	0.0765460030165913	0	0	0	0	0	0	0	0	0	0	0	0	0	0.00707013574660633	0.00556184012066365	0	0	0	0	0	0.00509049773755656	0	0	0.00254524886877828	0	0	0	0	0	0	0	0	0	0.0102752639517345	0	0	0	0	0	0	0	0	0	0	0	0	0	0	0.00292232277526395	0	0	0	0	0	0	0	0	0	0	0	0	0	0	0	0	0	0	0	0	0	0	0	0	0	0	0	0	0.0112179487179487	0	0	0	0	0	0	0	0	0	0	0	0	0	0	0	0.0016025641025641	0	0	0	0	0	0	0	0	0	0	0	0.00377073906485671	0	0	0	0	0	0	0.00980392156862745	0.0110294117647059	0	0	0	0	0	0	0	0	0.0413838612368024	0	0	0	0	0	0	0	0	0	0	0	0	0	0	0	0	0	0	0	0	0	0	0	0	0	0	0.00433634992458522	0	0	0	0	0	0	0	0	0	0	0	0	0.00169683257918552	0	0	0	0	0	0	0	0	0	0	0.00603318250377074	0	0	0	0	0	0	0	0	0	0	0	0.00150829562594268	0	0	0	0	0	0	0	0	0	0	0	0	0	0	0	0	0	0	0	0	0	0	0	0	0	0	0	0	0	0	0	0	0.0164027149321267	0	0	0.010369532428356	0	0	0	0.000377073906485671	0	0	0	0	0	0	0	0	0	0.00169683257918552	0	0	0	0	0	0	0	0	0	0	0	0	0	0	0	0	0	0	0.00405354449472097	0	0	0	0	0	0	0	0	0	0	0	0	0	0	0	0	0	0	0	0	0	0	0	0	0	0	0	0	0	0	0	0	0	0	0	0	0	0.00641025641025641	0	0	0	0	0	0	0	0	0	0	0	0	0	0	0	0	0	0	0	0	0	0	0	0	0	0	0	0	0	0	0	0	0	0	0	0	0	0	0	0	0	0	0	0	0	0	0	0	0	0	0	0	0	0	0.00254524886877828	0	0	0	0.0068815987933635	0	0	0	0	0	0	0	0	0	0	0	0	0	0.198246606334842	0	0	0	0	0	0	0	0	0	0	0	0	0	0.00329939668174962	0	0	0.00414781297134238	0	0	0	0	0.00461915535444947	0	0	0	0	0	0	0	0	0	0	0.00575037707390649	0	0.15158371040724	0	0	0	0	0	0	0	0	0	0	0.00169683257918552	0	0	0	0	0	0	0	0	0	0	0	0.00735294117647059	0	0	0	0	0	0	0	0	0	0	0	0	0	0	0	0	0	0.00216817496229261	0	0	0.0116892911010558	0	0	0	0	0	0	0	0	0	0	0.0109351432880845	0	0.00386500754147813	0	0	0	0	0	0	0	0	0	0	0	0	0.00509049773755656	0	0	0	0.00122549019607843	0	0	0	0	0	0	0	0	0	0	0	0	0	0	0	0	0	0	0	0	0.0123491704374057	0	0	0	0	0	0	0.0214932126696833	0	0	0	0	0	0	0	0	0	0	0	0	0	0	0	0	0	0	0.00235671191553544	0.0026395173453997	0	0	0	0	0	0	0	0	0.00801282051282051	0	0	0	0	0.00622171945701357	0	0	0	0	0	0	0	0.000282805429864253	0	0	0	0	0.00131975867269985	0	0	0	0	0	0	0	0	0	0	0	0	0	0	0	0	0	0	0	0	0	0	0	0	0	0	0.0016025641025641	0	0	0	0.014894419306184	0	0	0	0	0	0	0.0246983408748115	0	0	0	0	0	0	0	0	0.00188536953242836	0	0	0	0	0	0	0	0	0	0	0	0	0	0	0	0.00179110105580694	0	0	0	0	0	0	0	0	0	0	0	0	0	0	0	0	0	0	0	0.000188536953242836	0	0.00084841628959276	0.0413838612368024	0	0.00810708898944193	0	0	0.00612745098039216	0	0	0	0	0	0	0	0	0	0	0	0	0	0	0	0	0	0	0	0	0.00452488687782805	0	0	0	0	0	0	0	0.0109351432880845	0	0	0	0	0.0517533936651584	0	0	0	0	0	0	0	0	0	0.00697586726998492	0	0	0	0	0	0.0544871794871795	0	0	0	0	0	0	0	0	0	0	0	0	0	0	0	0	0	0	0	0	0	0	0	0	0	0	0	0	0	0	0	0	0.00499622926093514	0	0	0	0.000942684766214178	0	0	0	0.00113122171945701	0	0	0	0	0	0	0	0	0	0	0.000659879336349925	0	0	0	0	0	0
0	0	0	0	0	0	0	0	0.00267872091076511	0	0	0	0	0	0	0	0	0	0	0	0	0	0	0	0	0	0	0	0	0.0532395781014566	0	0	0	0	0	0	0	0	0	0	0	0	0	0	0	0	0	0	0	0	0	0	0.0095429432446007	0	0	0	0	0	0	0	0	0	0	0	0	0	0	0.00786874267537251	0	0	0	0	0.0122216641553658	0	0	0	0	0	0	0	0.0215971873430437	0	0	0	0	0	0	0	0	0	0	0	0	0	0	0	0	0	0	0	0	0	0	0	0	0	0	0	0	0	0	0	0	0	0	0	0	0	0	0	0	0	0	0	0	0	0	0.00585970199229868	0	0	0	0	0	0	0	0.00485518165076176	0	0	0	0	0	0	0	0	0	0	0	0	0	0.0125565042692115	0	0	0	0	0.00117194039845974	0	0	0	0	0.00133936045538255	0	0	0	0	0	0	0	0	0.00100452034153692	0.00585970199229868	0	0.00719906244768123	0	0	0.00284614096768793	0	0	0	0.0159049054076678	0	0	0	0	0	0	0	0	0	0.0123890842122886	0	0	0	0	0	0	0	0	0	0	0	0	0	0	0	0	0	0	0	0	0	0	0	0	0.0207600870584296	0	0	0	0	0.00100452034153692	0	0	0.00971036330152352	0	0	0	0	0	0	0.000669680227691277	0.00385066130922484	0	0	0	0	0	0	0	0	0	0	0	0.00334840113845639	0	0	0	0	0	0	0.0142307048384396	0.0252804285953457	0	0	0	0	0	0.0110497237569061	0	0	0.0805290473798761	0	0	0	0	0	0	0	0	0	0	0	0.00301356102461075	0	0	0	0	0	0	0	0	0	0	0	0	0	0	0.00669680227691277	0	0	0	0	0	0	0	0	0	0.00502260170768458	0.000334840113845639	0	0.00133936045538255	0	0	0	0	0.00669680227691277	0	0	0	0	0	0.0415201741168592	0	0	0	0	0	0	0	0	0	0	0	0.0165745856353591	0	0	0.00987778335844634	0	0	0	0	0	0	0.0060271220492215	0	0	0	0	0	0	0	0	0	0	0	0	0	0	0	0	0	0	0	0	0	0	0.0508956973045371	0	0	0.0279591495061108	0	0	0	0	0	0	0	0	0	0	0	0	0	0	0	0	0	0	0	0	0	0	0	0	0	0	0	0	0.00133936045538255	0	0	0	0	0	0	0	0	0	0	0	0	0	0	0	0	0	0	0	0	0	0	0	0	0	0	0	0	0	0	0	0	0	0	0	0	0	0	0	0	0	0.00585970199229868	0	0	0	0	0	0	0	0	0	0	0	0	0	0	0	0	0	0	0	0	0	0	0	0	0	0	0	0	0	0	0	0	0	0	0	0	0	0	0	0	0	0	0	0	0.00167420056922819	0	0	0	0	0	0.00385066130922484	0	0	0	0	0	0.00619454210614432	0	0.00401808136614766	0	0	0	0	0	0	0	0	0	0	0	0	0	0	0	0	0	0	0	0	0	0	0	0	0	0	0	0.00585970199229868	0	0	0	0	0	0	0	0.0110497237569061	0	0	0	0	0	0	0	0	0	0	0.00636196216306714	0	0	0	0	0	0	0.000334840113845639	0	0	0	0	0	0	0	0	0	0	0	0	0	0	0	0	0	0.012054244098443	0	0	0	0	0	0	0	0	0	0	0	0	0	0	0	0	0.00100452034153692	0.00585970199229868	0	0	0.00920810313075507	0	0	0	0	0	0	0	0	0	0	0	0	0	0	0	0	0	0	0	0	0	0	0	0	0	0.00267872091076511	0	0	0	0	0	0	0	0	0	0	0	0	0	0	0	0	0	0	0	0	0	0	0	0	0.0177465260338189	0	0	0	0	0	0	0.0840448685752553	0	0	0	0	0	0	0	0	0	0	0	0.00167420056922819	0	0	0	0	0	0	0	0	0	0	0	0	0	0	0	0	0	0	0	0	0	0	0	0	0	0	0	0	0	0.0043529214799933	0	0	0	0	0.00100452034153692	0	0	0	0.00904068307383224	0	0	0	0	0	0.00150678051230537	0	0	0	0	0	0	0	0	0	0	0	0	0	0	0	0	0	0	0	0	0.0165745856353591	0	0	0	0	0	0	0	0	0	0	0	0	0	0	0	0.00786874267537251	0	0	0	0	0	0	0	0.00200904068307383	0	0	0	0	0	0	0	0.00452034153691612	0	0	0	0	0	0	0	0	0	0.00552486187845304	0	0	0	0	0	0	0	0	0	0	0	0	0.00853842290306379	0	0.0376695128076344	0	0	0	0	0	0	0	0	0	0	0	0	0	0	0	0	0	0	0	0	0	0	0	0.00485518165076176	0	0	0	0	0.000669680227691277	0	0	0.022266867570735	0	0	0	0	0.0662983425414365	0	0	0	0	0	0	0	0	0	0	0	0	0	0	0	0.0793571069814164	0	0	0	0	0	0	0	0	0	0	0	0	0	0	0	0	0	0	0	0	0	0	0	0	0	0	0	0	0	0	0	0	0.00117194039845974	0	0.0118868240415202	0	0	0	0	0	0.00217646073999665	0.00502260170768458	0	0	0	0	0	0	0	0	0	0.00234388079691947	0	0	0	0	0	0
0	0	0	0	0	0	0	0	0	0	0	0	0	0	0	0	0.00364431486880466	0	0	0	0	0	0	0	0	0	0	0	0	0.0102040816326531	0	0	0	0	0.000485908649173955	0	0	0	0	0	0	0	0	0	0	0	0	0.010689990281827	0	0	0	0	0.00947521865889213	0	0	0	0	0	0	0	0	0	0	0	0	0	0	0.0160349854227405	0	0	0	0	0.00510204081632653	0	0	0	0	0	0	0	0	0	0	0	0	0	0	0	0	0	0	0	0	0	0	0	0	0	0	0	0	0	0	0	0	0	0	0	0	0	0	0	0	0	0	0	0	0	0	0	0	0	0	0	0	0	0	0	0	0	0	0	0	0	0	0.0626822157434402	0	0	0	0	0.000728862973760933	0	0	0	0	0	0	0	0	0	0	0	0	0	0	0	0.0126336248785228	0	0	0	0	0	0	0	0	0.00315840621963071	0	0	0	0	0	0.00315840621963071	0	0	0	0	0	0	0	0	0	0	0	0	0	0	0	0	0	0	0	0	0	0	0	0	0	0	0	0	0	0	0	0	0	0	0	0	0	0	0	0	0	0.0515063168124393	0.00680272108843537	0	0	0	0	0	0	0	0	0	0	0	0	0	0	0.0021865889212828	0	0	0	0	0	0	0	0	0	0	0	0.00558794946550049	0	0	0	0	0	0	0.0206511175898931	0	0	0	0	0	0	0.0116618075801749	0	0	0.110544217687075	0	0	0	0.00923226433430515	0.000971817298347911	0	0	0	0	0	0	0.00704567541302235	0	0	0	0	0	0	0	0	0	0	0	0	0	0.000485908649173955	0.011175898931001	0	0	0	0	0	0	0	0	0	0.00631681243926142	0	0	0	0	0	0	0	0	0	0	0	0	0	0	0	0	0	0.00315840621963071	0	0	0	0	0	0	0	0.0172497570456754	0	0	0	0	0	0	0	0	0	0.0250242954324587	0	0	0	0	0	0	0	0	0	0	0.00194363459669582	0	0	0	0	0	0	0	0	0	0	0	0	0	0	0.0386297376093294	0	0	0	0	0.00291545189504373	0	0	0	0	0	0	0	0.00850340136054422	0.0179786200194363	0	0	0	0	0	0	0	0	0	0	0	0	0	0	0	0	0	0	0.0308551992225462	0	0	0	0	0	0	0	0	0	0	0	0	0	0	0	0	0	0	0.00413022351797862	0	0	0	0	0	0	0	0	0	0	0	0	0	0	0	0	0	0	0	0	0	0	0	0	0	0	0	0	0	0	0	0	0	0	0	0	0	0	0	0	0	0	0	0	0	0	0	0	0	0.0021865889212828	0	0	0.00340136054421769	0	0	0	0	0	0	0	0	0	0	0	0	0	0	0	0	0	0	0	0	0	0	0.00923226433430515	0	0	0	0	0	0	0.0043731778425656	0	0	0	0	0	0	0	0	0	0	0	0	0	0	0	0	0	0	0	0	0	0	0.0357142857142857	0	0	0	0	0	0	0	0.0276967930029155	0	0	0	0.0114188532555879	0	0	0	0	0	0	0	0	0	0	0	0	0	0	0	0	0	0	0	0	0	0	0	0	0	0	0	0	0	0	0.00558794946550049	0	0	0	0	0	0	0	0	0	0	0.000485908649173955	0	0	0	0	0	0	0.00242954324586978	0.00340136054421769	0	0	0	0.0043731778425656	0.00534499514091351	0	0	0	0	0	0	0	0	0	0	0	0	0	0	0	0	0	0	0	0	0	0	0	0	0	0	0	0	0	0	0	0	0	0	0	0	0	0	0	0	0	0	0	0	0	0	0	0	0.00971817298347911	0	0.00145772594752187	0.00145772594752187	0	0	0	0.0174927113702624	0	0	0	0	0	0	0	0	0	0	0	0	0	0	0	0.00194363459669582	0	0	0	0	0	0	0	0	0	0	0	0	0	0	0	0	0	0.0235665694849368	0	0	0	0	0	0	0	0	0	0	0	0	0	0	0	0	0.043245869776482	0	0	0	0	0	0	0	0	0	0	0	0	0	0	0	0	0	0	0	0.00291545189504373	0	0	0	0	0	0	0.0177356656948494	0	0	0	0	0	0	0	0	0	0	0	0	0	0	0	0.00607385811467444	0	0	0	0	0	0	0	0	0	0	0	0	0	0	0	0.00388726919339164	0	0	0	0	0	0	0	0	0	0	0	0	0.0191933916423712	0	0	0	0	0	0	0	0	0	0	0	0	0	0	0.00340136054421769	0	0	0	0	0	0	0	0	0	0	0	0	0	0	0	0	0	0	0	0	0.0242954324586978	0	0	0	0	0	0	0	0	0	0	0	0	0.0527210884353742	0	0	0	0	0.00971817298347911	0	0	0	0	0	0	0	0	0	0	0.0677842565597668	0	0	0	0	0	0	0.000971817298347911	0	0	0.00510204081632653	0	0	0	0	0	0	0	0	0	0	0	0	0	0.00631681243926142	0	0	0	0	0	0	0	0	0.00631681243926142	0	0	0	0	0	0	0	0.00291545189504373	0.00971817298347911	0	0	0	0	0	0	0	0	0.0138483965014577	0	0	0	0	0	0	0
0	0	0	0	0	0	0	0	0	0	0	0	0	0.0102564102564103	0	0	0	0	0	0	0	0	0	0	0	0	0	0	0	0.032051282051282	0.0205128205128205	0	0	0	0	0	0	0	0	0	0	0	0	0	0	0	0	0.00461538461538462	0	0	0	0	0.00692307692307692	0	0	0	0	0	0.00871794871794872	0	0	0	0	0	0	0	0	0	0	0	0	0	0	0	0	0	0	0	0	0	0	0	0	0	0	0	0	0.000256410256410256	0	0.000512820512820513	0	0	0	0	0	0	0	0	0.00435897435897436	0	0	0	0	0	0	0	0	0	0	0	0	0	0	0	0	0	0	0	0	0	0	0	0	0	0	0	0	0	0	0	0	0	0	0	0	0.0428205128205128	0.000769230769230769	0	0	0	0	0	0	0	0	0	0	0	0	0.00615384615384615	0	0	0	0	0	0	0.00256410256410256	0	0	0	0	0	0	0	0	0	0.000256410256410256	0	0	0	0	0.00435897435897436	0	0	0	0	0	0	0.0169230769230769	0.00153846153846154	0	0	0	0	0	0	0	0	0	0	0	0	0	0	0	0	0	0	0	0	0	0	0	0	0	0	0	0	0	0	0	0	0	0.00666666666666667	0	0	0	0	0	0	0	0	0	0	0	0	0	0	0	0	0	0	0	0	0	0	0	0	0	0	0	0.0184615384615385	0	0	0	0	0	0	0.0264102564102564	0.00743589743589744	0	0	0	0	0	0	0	0	0.0774358974358974	0	0	0.00384615384615385	0	0	0	0	0	0	0.00307692307692308	0.00102564102564103	0	0	0	0	0	0	0	0	0	0	0	0	0	0	0	0.00512820512820513	0	0	0	0	0	0	0	0	0	0	0	0	0.0058974358974359	0	0	0	0	0	0	0	0	0	0	0.0558974358974359	0	0	0	0	0	0	0	0	0	0	0	0.0376923076923077	0	0	0.0141025641025641	0	0	0	0	0	0	0	0	0	0	0	0	0	0	0.0041025641025641	0	0	0	0	0	0	0	0	0	0	0	0	0	0	0	0	0	0.0169230769230769	0	0	0	0.00153846153846154	0	0	0	0	0	0	0	0	0	0	0	0	0	0	0	0	0	0	0	0	0	0	0	0.000512820512820513	0	0	0	0	0	0	0	0	0	0	0	0	0	0	0	0	0	0	0	0	0	0	0	0	0	0	0	0	0	0	0	0	0	0	0	0	0	0	0	0	0	0	0.0212820512820513	0	0	0	0	0	0	0	0	0	0	0	0	0	0	0	0	0	0	0	0	0	0.022051282051282	0	0	0	0	0	0	0	0	0	0	0	0	0	0	0	0	0	0	0	0	0	0	0	0	0	0	0	0	0	0.000769230769230769	0	0	0	0	0	0	0	0	0	0	0	0	0	0	0	0	0	0	0	0	0.186410256410256	0	0	0	0	0	0	0	0	0	0	0	0	0	0	0	0	0.0146153846153846	0	0	0	0	0.0884615384615385	0	0	0	0	0	0	0	0	0	0	0	0	0	0	0	0	0	0	0	0	0	0	0	0	0	0	0	0	0	0	0	0	0	0	0	0	0	0	0	0	0	0	0	0	0	0	0	0	0	0	0	0	0	0	0.00666666666666667	0	0.000769230769230769	0	0	0	0	0	0	0	0	0	0.00846153846153846	0	0	0.0128205128205128	0	0	0	0	0	0	0	0	0	0.00102564102564103	0	0	0.00717948717948718	0	0	0	0.00282051282051282	0	0	0	0	0	0	0	0	0	0	0	0	0	0	0	0	0	0	0	0	0	0	0	0.00179487179487179	0	0	0	0.00769230769230769	0	0	0	0	0	0	0	0	0	0	0	0.00282051282051282	0	0	0	0	0	0	0.00487179487179487	0.0107692307692308	0	0	0	0	0	0	0	0	0	0	0	0	0	0.0174358974358974	0	0	0	0	0	0	0	0	0	0	0	0	0.00128205128205128	0	0	0	0	0	0	0	0	0	0	0	0	0	0	0	0	0	0	0	0	0	0	0	0.00564102564102564	0	0	0	0	0	0	0	0	0	0	0	0	0	0.0117948717948718	0	0	0	0	0	0	0	0	0.00179487179487179	0	0	0	0	0	0	0	0	0	0	0	0	0	0	0	0.00307692307692308	0	0	0	0	0	0	0	0	0	0	0	0	0.00487179487179487	0	0	0	0	0	0	0	0	0	0	0	0	0	0	0.00512820512820513	0	0	0	0	0	0	0	0	0	0	0	0	0	0	0	0	0	0	0	0	0.00948717948717949	0	0	0	0	0	0	0	0	0	0	0	0	0.0520512820512821	0	0	0	0	0	0	0	0	0	0	0	0	0	0	0	0.0112820512820513	0	0	0	0	0	0	0.00102564102564103	0	0	0	0	0	0	0	0	0	0	0	0	0	0	0	0	0	0	0	0	0	0.00128205128205128	0	0	0	0.011025641025641	0	0	0	0	0	0	0	0.00666666666666667	0.00512820512820513	0	0	0	0	0	0	0	0	0	0	0	0	0	0	0	0
0	0.00159056886227545	0	0	0	0	0	0	0.000748502994011976	0	0	0	0	0	0	0	0	0	0	0	0	0	0	0	0	0	0	0	0.00458458083832335	0.0179640718562874	0.0176833832335329	0	0	0	0	0	0	0	0	0	0	0	0	0	0	0	0	0.00804640718562874	0	0.000187125748502994	0	0	0.0127245508982036	0	0	0	0	0	0	0	0	0	0	0	0	0	0	0.0032747005988024	0	0.000187125748502994	0	0	0.00261976047904192	0	0	0	0	0	0	0	0	0	0	0	0.00252619760479042	0	0	0	0	0	0	0	0	0	0	0	0	0	0	0	0	0	0.00580089820359281	0	0	0	0	0	0	0	0	0	0	0	0	0	0	0	0	0	0	0	0	0	0	0	0	0	0	0	0	0	0	0	0	0.246725299401198	0	0	0	0	0	0	0	0	0	0	0	0	0	0.0145958083832335	0	0	0	0	0	0	0.00421032934131737	0	0	0	0	0	0	0	0	0	0	0	0.0109468562874251	0	0	0	0	0	0.000654940119760479	0	0	0	0	0	0	0	0	0	0.00346182634730539	0	0	0	0.000842065868263473	0	0	0	0	0.00261976047904192	0	0	0	0	0	0	0	0	0	0	0	0	0	0	0	0	0	0	0	0.00757859281437126	0	0	0	0	0	0	0	0	0	0	0	0	0	0	0	0.00149700598802395	0	0	0	0	0	0	0	0	0	0	0	0	0	0	0	0	0	0.000187125748502994	0.00692365269461078	0.014876497005988	0	0	0	0	0	0	0	0	0.0175898203592814	0	0	0	0.000842065868263473	0	0	0	0	0	0	0	0.00168413173652695	0	0	0	0	0	0	0	0	0	0	0	0	0	0	0.0032747005988024	0	0	0	0	0	0	0	0	0	0	0	0	0	0	0	0	0	0	0	0	0	0	0	0.00374251497005988	0	0	0	0	0	0	0	0	0	0	0	0.00552020958083832	0	0	0.0116017964071856	0	0	0	0	0	0	0.0134730538922156	0	0	0	0	0	0	0	0	0	0	0	0	0	0	0	0	0	0	0	0	0	0	0.0030875748502994	0	0	0.00916916167664671	0	0	0	0.00842065868263473	0.00121631736526946	0	0	0	0	0	0	0	0	0	0	0	0	0	0.00542664670658683	0	0	0	0	0	0	0	0	0	0.000654940119760479	0	0	0	0.00374251497005988	0	0	0	0	0	0	0	0.000748502994011976	0.00383607784431138	0	0	0	0	0	0	0	0	0	0.00130988023952096	0	0	0	0	0	0	0	0	0	0	0	0	0	0	0	0.00290044910179641	0	0	0	0	0.00149700598802395	0	0	0	0	0	0	0	0	0	0	0	0	0	0	0	0	0	0	0	0.00598802395209581	0.00346182634730539	0	0	0	0	0	0	0	0	0	0	0	0	0	0	0	0	0	0	0	0	0	0	0	0	0	0	0	0	0	0	0	0	0	0	0	0.00346182634730539	0	0	0	0	0	0	0	0	0	0	0	0	0	0.142776946107784	0	0	0	0	0	0	0	0	0	0	0	0	0	0.0176833832335329	0	0	0	0	0	0	0.00252619760479042	0.00430389221556886	0	0	0	0	0	0	0	0	0	0	0.00392964071856287	0	0.0593188622754491	0	0	0	0	0	0	0	0	0	0	0	0	0	0	0	0	0	0	0	0	0	0	0.00233907185628742	0.00477170658682635	0	0	0.00804640718562874	0	0	0	0	0	0	0	0	0	0	0	0	0.00102919161676647	0	0.0115082335329341	0	0.000467814371257485	0	0	0	0	0	0	0	0.00243263473053892	0	0	0	0	0	0	0	0	0	0	0	0	0	0	0	0	0	0.00804640718562874	0	0	0	0.00168413173652695	0	0	0	0	0	0	0	0	0	0	0	0	0	0	0	0	0	0	0	9.3562874251497e-05	0	0	0	0	0	0	0	0.0381736526946108	0	0	0	0	0	0	0	0	0	0	0	0	0	0	0	0	0	0	0	0.00233907185628742	0	0	0	0	0	0	0	0	0.00748502994011976	0	0	0	0	0	0	0	0	0	0	0	0	0.000280688622754491	0	0	0	0	0.0030875748502994	0	0	0	0	0	0	0	0	0	0	0	0	0	0	0	0	0	0	0	0	0	0	0	0	0	0	0	0	0	0	0.00112275449101796	0.00477170658682635	0	0	0	0	0	0.0209580838323353	0	0	0	0	0	0	0	0	0.00205838323353293	0	0.00243263473053892	0	0	0	0	0	0.00243263473053892	0	0	0	0	0	0	0	0	0	0	0	0	0	0	0	0	0	0.00477170658682635	0	0	0.00505239520958084	0	0.00261976047904192	0	0	0	0	0.00177769461077844	0	0.00112275449101796	0	0	0.0104790419161677	0	0	0.0061751497005988	0	0	0.00102919161676647	0	0	0	0	0	0	0	0	0	0	0	0	0	0	0	0	0	0.0108532934131737	0	0	0	0	0	0	0	0.00355538922155689	0	0.00149700598802395	0	0	0.0395770958083832	0	0	0	0	0.00271332335329341	0	0	0	0	0	0	0	0	0	0	0.0279752994011976	0	0	0	0	0	0	0	0	0	0	0	0	0	0	0	0	0	0	0	0	0	0	0	0	0	0	0	0	0	0	0	0	0.00505239520958084	0	0	0	0	0	0	0	0.00916916167664671	0.00477170658682635	0	0	0	0	0	0	0	0	0	0	0	0	0	0	0	0
0	0	0	0	0	0	0	0	0.00116009280742459	0	0	0	0	0	0	0	0	0	0	0	0	0	0	0	0	0	0.017014694508894	0	0.0116009280742459	0.00309358081979892	0.0025779840164991	0	0	0	0	0	0	0	0	0	0	0	0	0	0	0	0	0	0	0	0	0	0.00876514565609693	0	0	0	0	0	0	0.00412477442639856	0	0	0	0	0	0	0	0	0	0	0	0	0.00412477442639856	0	0	0	0	0	0	0	0	0.00554266563547306	0	0	0	0	0	0	0	0	0	0	0	0	0	0	0	0	0	0	0	0	0.00373807682392369	0.00850734725444702	0	0	0	0	0.00386697602474865	0	0	0	0	0	0	0	0	0	0	0	0	0	0	0	0	0	0	0	0	0	0	0	0	0	0	0.145269399329724	0	0	0	0	0	0	0	0	0	0.000644496004124774	0	0	0	0.0212683681361176	0	0	0	0	0	0.00386697602474865	0	0	0	0	0	0	0	0	0	0	0.00051559680329982	0	0	0.0135344160866203	0	0	0	0	0.00154679040989946	0	0	0	0	0	0	0	0	0	0	0	0	0	0.000902294405774684	0	0	0	0	0.00270688321732405	0	0	0	0	0.00502706883217324	0	0	0	0	0	0	0	0	0	0	0	0	0	0	0.0431812322763599	0	0	0	0	0	0	0	0	0.00863624645527198	0	0	0	0	0	0.00283578241814901	0.0014178912090745	0	0	0	0	0.0136633152874452	0	0	0	0	0	0	0	0.00206238721319928	0	0	0	0	0	0.00502706883217324	0.0180458881154937	0	0	0	0	0	0.0039958752255736	0	0	0.0445991234854344	0	0.00322248002062387	0	0	0	0	0	0	0	0	0	0	0	0.00850734725444702	0	0	0	0	0	0	0	0	0	0	0	0	0.00850734725444702	0	0	0	0.00721835524619747	0	0	0	0	0	0	0	0	0.00154679040989946	0	0	0	0	0	0	0	0	0	0	0.0177880897138438	0	0	0	0	0	0	0	0	0	0	0	0.00412477442639856	0	0	0.0269399329724156	0	0	0	0	0	0	0	0	0	0	0	0	0	0	0	0	0	0	0	0	0	0	0	0	0	0	0	0	0	0	0	0	0.0220417633410673	0	0	0	0.00219128641402423	0.00180458881154937	0	0	0	0	0	0	0	0.00464037122969838	0.00219128641402423	0	0	0	0	0.00451147202887342	0	0	0.0259087393658159	0	0	0	0	0	0	0	0	0	0	0	0	0	0	0	0	0	0	0.0014178912090745	0	0	0	0	0	0	0	0	0	0	0.00193348801237432	0	0	0	0	0	0	0	0	0	0.00154679040989946	0	0	0	0	0	0	0	0	0.00335137922144883	0	0	0	0	0	0	0	0	0	0	0	0	0.00451147202887342	0	0	0	0	0	0	0	0	0.00425367362722351	0	0	0	0	0	0	0	0	0	0	0	0	0	0	0	0	0	0	0	0	0	0	0	0	0	0	0	0	0	0	0	0	0	0	0.00309358081979892	0	0.00373807682392369	0	0	0	0	0.00154679040989946	0	0	0	0	0	0	0	0	0	0	0	0	0	0	0	0.00270688321732405	0	0	0.0014178912090745	0	0.00554266563547306	0	0.00567156483629801	0	0	0	0.00219128641402423	0	0	0.00232018561484919	0.0192059809229183	0	0.00154679040989946	0	0	0	0	0	0	0	0	0	0	0.0433101314771848	0	0	0	0	0	0	0.011472028873421	0	0	0	0	0	0	0	0	0	0	0	0	0	0	0.0039958752255736	0.00541376643464811	0	0	0	0	0.00464037122969838	0	0	0	0	0	0	0	0	0	0	0	0.000644496004124774	0	0.0104408352668213	0	0.00128899200824955	0	0	0.00051559680329982	0	0	0	0	0.00618716163959783	0	0	0.00812064965197216	0	0	0.00116009280742459	0	0	0	0	0	0	0	0	0	0	0	0.00167568961072441	0	0	0	0	0	0	0	0	0	0	0	0	0.00425367362722351	0	0	0	0	0	0	0	0	0	0	0	0.00618716163959783	0	0	0.00167568961072441	0	0	0.000386697602474865	0.0681876772364011	0	0	0	0	0	0	0	0	0	0	0	0	0	0	0	0	0	0	0	0.0079917504511472	0	0	0	0	0	0	0	0	0.00386697602474865	0	0	0	0	0	0	0	0	0	0	0	0	0.000644496004124774	0	0	0	0	0	0	0	0	0	0	0	0.000773395204949729	0	0	0	0	0	0	0	0	0	0	0	0	0	0	0	0	0	0	0	0	0	0	0	0.00760505284867234	0	0	0	0	0	0	0.00824954885279711	0	0	0	0	0	0	0	0	0.00128899200824955	0	0	0	0	0	0	0	0	0	0	0	0	0	0	0	0.00309358081979892	0	0	0	0	0	0	0	0	0	0	0	0	0.0109564320701212	0	0	0	0	0	0	0	0	0	0	0	0	0	0	0.00386697602474865	0	0	0	0	0	0	0	0	0	0	0	0	0.00193348801237432	0	0	0	0	0	0	0	0.0079917504511472	0	0	0	0	0	0	0.000644496004124774	0.0197215777262181	0	0	0	0	0.0493683939159577	0	0	0	0	0.00992523846352153	0	0	0	0	0	0	0	0.00219128641402423	0	0	0.0425367362722351	0	0	0	0	0	0	0	0	0	0	0	0	0.000902294405774684	0	0	0	0	0	0	0	0	0	0	0	0	0	0	0	0	0	0	0	0.00335137922144883	0	0	0.0103119360659964	0.00270688321732405	0	0	0	0	0	0	0	0	0	0	0	0	0	0	0.00051559680329982	0	0	0	0	0	0
0	0	0	0	0	0	0	0	0	0	0	0	0	0	0	0	0	0	0	0	0	0	0	0	0	0	0	0	0	0.036042530185619	0.00342404036763381	0	0	0	0	0	0	0	0	0.00468552892413047	0	0	0	0	0	0	0	0.0073887186880519	0	0	0	0	0.00846999459362047	0	0	0	0	0	0	0	0	0	0	0	0	0	0	0	0	0	0	0	0.00288340241484952	0	0	0	0	0	0	0	0.00432510362227428	0.00828978194269238	0	0	0	0	0	0	0	0	0	0	0	0	0	0	0	0	0	0	0	0	0	0	0	0	0	0	0	0	0	0	0	0	0	0	0	0	0	0	0	0	0	0	0	0	0	0	0	0	0	0	0	0	0	0.21193007749144	0	0	0	0	0	0	0	0	0	0	0	0	0	0.0304559380068481	0	0	0	0	0	0.00468552892413047	0	0	0	0	0	0	0	0	0	0	0.000720850603712381	0	0	0	0	0	0	0	0	0.000901063254640476	0	0	0	0	0	0	0	0	0.00630744278248333	0	0	0	0.00216255181113714	0	0	0	0	0.0036042530185619	0	0	0	0	0	0	0	0	0	0	0	0	0	0	0	0	0	0	0	0.0464948639394486	0	0	0	0	0	0	0	0	0	0	0	0	0	0	0	0.00486574157505857	0	0	0	0	0.00216255181113714	0	0	0	0	0	0	0	0.00180212650928095	0	0	0	0	0	0	0.01513786267796	0	0	0	0	0	0.0115336096593981	0	0	0.066318255541539	0	0	0	0	0	0	0	0	0	0.00162191385835286	0	0	0	0.0163993512344567	0	0.00252297711299333	0	0	0	0	0	0	0	0	0	0	0	0	0	0	0.00396467832041809	0	0	0	0	0	0	0	0	0	0	0	0	0	0	0	0	0	0	0	0	0	0	0	0	0	0	0	0	0	0	0	0.00630744278248333	0	0	0.0210848801585871	0	0	0	0	0	0	0	0	0	0	0	0	0	0	0	0	0	0	0	0	0	0	0	0	0	0	0.00396467832041809	0	0	0	0	0	0.00883041989547666	0	0	0	0.00198233916020905	0	0	0	0	0	0	0	0	0	0.00252297711299333	0	0	0	0	0	0	0	0.0464948639394486	0	0	0	0	0	0	0	0	0	0	0.0073887186880519	0	0	0	0	0	0.00342404036763381	0	0.00126148855649667	0	0	0	0	0	0	0	0	0	0	0.00234276446206524	0	0	0	0	0	0	0	0	0	0	0	0	0	0	0	0	0	0	0.00306361506577762	0	0	0	0	0	0	0	0	0	0	0	0	0	0	0	0	0	0	0	0	0	0	0	0	0	0	0	0	0	0	0	0	0	0	0	0	0	0	0	0	0	0	0	0	0	0	0	0	0	0	0	0	0	0	0	0	0.00540637952784285	0	0.00378446566949	0	0	0	0	0	0	0	0	0	0	0	0	0	0.0102721211029014	0	0	0	0	0	0.00937105784826095	0	0	0	0	0	0	0	0.00486574157505857	0	0	0	0	0	0	0	0.0124346729140386	0	0	0	0	0	0	0	0	0	0	0.00648765543341143	0	0.0313570012614886	0	0	0	0	0	0	0	0	0	0	0.00432510362227428	0	0	0	0	0	0	0	0	0	0	0	0.00720850603712381	0	0	0	0	0	0	0	0	0	0	0	0	0	0	0	0	0.000901063254640476	0	0.0479365651468733	0	0	0	0	0	0	0	0	0	0	0	0	0	0	0	0	0	0	0	0	0	0	0	0	0	0	0	0	0	0	0	0	0	0	0	0	0	0	0	0	0	0	0	0	0	0	0	0	0	0	0	0	0	0	0	0.00648765543341143	0	0	0	0.0410884844116057	0	0	0	0	0	0	0	0	0	0	0	0.00126148855649667	0	0	0	0	0	0	0	0.0111731843575419	0	0	0	0	0	0	0.000540637952784285	0	0	0	0	0	0	0	0	0	0	0	0	0	0	0	0	0	0	0	0	0	0	0	0	0	0	0	0	0	0	0	0	0	0	0.00126148855649667	0	0	0	0	0	0	0	0	0	0	0	0	0	0	0	0.00720850603712381	0.00108127590556857	0	0	0	0	0	0.00162191385835286	0	0	0	0	0	0	0	0	0.00144170120742476	0	0	0	0	0	0	0	0	0	0	0	0	0	0	0	0.0036042530185619	0	0	0	0	0	0	0	0.00216255181113714	0	0	0	0	0.00234276446206524	0	0	0	0	0	0	0	0	0.00270318976392143	0	0	0.0432510362227428	0	0	0	0	0	0	0	0	0	0	0	0	0	0	0	0	0	0	0	0.00288340241484952	0	0	0	0.00522616687691476	0	0	0	0	0	0	0	0.01513786267796	0	0	0	0	0.0407280591097495	0	0	0	0	0.0230672193187962	0	0	0	0	0	0	0	0	0	0	0.0106325464047576	0	0	0	0	0	0	0	0	0	0	0	0	0	0	0	0	0	0	0	0	0	0	0	0	0	0	0	0	0	0	0	0	0.00234276446206524	0	0	0	0	0	0	0	0	0.00648765543341143	0	0	0	0	0	0	0	0	0.00414489097134619	0	0	0	0	0	0	0
